INSERT INTO `region` (`IDREGION`, `REGION`) VALUES ('11', 'Channel');
INSERT INTO `region` (`IDREGION`, `REGION`) VALUES ('14', 'DRS PLATEAU CENTRAL');
INSERT INTO `province` (`IDPROVINCE`, `IDREGION`, `PROVINCE`) VALUES  ('6', '11', 'channel');
INSERT INTO `province` (`IDPROVINCE`, `IDREGION`, `PROVINCE`) VALUES  ('1305', '14', 'District Sanitaire ZINIARE');
INSERT INTO `province` (`IDPROVINCE`, `IDREGION`, `PROVINCE`) VALUES  ('1306', '14', 'District Sanitaire BOUSSE');
INSERT INTO `magasin` (`CODE_MAGASIN`, `IDPROVINCE`, `SER_NOM`, `SER_EMAIL`, `SER_TEL`, `SER_VILLE`) VALUES  ('0101', '1305', 'DRD ZINIARE', '', '', 'ZINIARE');
INSERT INTO `magasin` (`CODE_MAGASIN`, `IDPROVINCE`, `SER_NOM`, `SER_EMAIL`, `SER_TEL`, `SER_VILLE`) VALUES  ('0102', '1305', 'GUE', '', '', 'GUE');
INSERT INTO `magasin` (`CODE_MAGASIN`, `IDPROVINCE`, `SER_NOM`, `SER_EMAIL`, `SER_TEL`, `SER_VILLE`) VALUES  ('0103', '1305', 'GOUDRY', '', '', 'GOUDRY');
INSERT INTO `magasin` (`CODE_MAGASIN`, `IDPROVINCE`, `SER_NOM`, `SER_EMAIL`, `SER_TEL`, `SER_VILLE`) VALUES  ('0201', '1306', 'DRD BOUSSE', '', '', 'BOUSSE');
INSERT INTO `magasin` (`CODE_MAGASIN`, `IDPROVINCE`, `SER_NOM`, `SER_EMAIL`, `SER_TEL`, `SER_VILLE`) VALUES  ('0202', '1306', 'LAYE', '', '', 'LAYE');
INSERT INTO `magasin` (`CODE_MAGASIN`, `IDPROVINCE`, `SER_NOM`, `SER_EMAIL`, `SER_TEL`, `SER_VILLE`) VALUES  ('0203', '1306', 'NIOU', '', '', 'NIOU');
INSERT INTO `magasin` (`CODE_MAGASIN`, `IDPROVINCE`, `SER_NOM`, `SER_EMAIL`, `SER_TEL`, `SER_VILLE`) VALUES  ('99999', '6', 'Channel', '', '', '');
INSERT INTO `mag_compte` (`LOGIN`, `CODE_MAGASIN`) VALUES  ('JKoudougou', '0101');
INSERT INTO `mag_compte` (`LOGIN`, `CODE_MAGASIN`) VALUES  ('JKoudougou', '0102');
INSERT INTO `mag_compte` (`LOGIN`, `CODE_MAGASIN`) VALUES  ('JKoudougou', '0103');
INSERT INTO `unite` (`ID_UNITE`, `UT_LIBELLE`) VALUES ('FLC', 'Flacon');
INSERT INTO `unite` (`ID_UNITE`, `UT_LIBELLE`) VALUES ('PQ', 'Paquet');
INSERT INTO `unite` (`ID_UNITE`, `UT_LIBELLE`) VALUES ('PQT', 'Plaquette');
INSERT INTO `unite` (`ID_UNITE`, `UT_LIBELLE`) VALUES ('U', 'Unité');
INSERT INTO `sousgroupe` (`CODESOUSGROUP`, `SOUSGROUPE`) VALUES ('010201', 'MEG');
INSERT INTO `sousgroupe` (`CODESOUSGROUP`, `SOUSGROUPE`) VALUES ('010202', 'CONSOMMABLES');
INSERT INTO `categorie` (`CODE_CATEGORIE`, `CAT_LIBELLE`) VALUES ('01', 'ENREGISTRES');
INSERT INTO `categorie` (`CODE_CATEGORIE`, `CAT_LIBELLE`) VALUES ('02', 'NON ENREGISTRES');
INSERT INTO `souscategorie` (`CODE_SOUSCATEGORIE`, `CODE_CATEGORIE`, `SOUSCAT_LIBELLE`) VALUES  ('0101', '01', 'ORDINAIRES');
INSERT INTO `souscategorie` (`CODE_SOUSCATEGORIE`, `CODE_CATEGORIE`, `SOUSCAT_LIBELLE`) VALUES  ('0102', '01', 'SPECIFIQUES');
INSERT INTO `souscategorie` (`CODE_SOUSCATEGORIE`, `CODE_CATEGORIE`, `SOUSCAT_LIBELLE`) VALUES  ('0201', '02', 'VENTE LIBRE');
INSERT INTO `souscategorie` (`CODE_SOUSCATEGORIE`, `CODE_CATEGORIE`, `SOUSCAT_LIBELLE`) VALUES  ('0202', '02', 'VENTE AUTORISEE');
INSERT INTO `produit` (`CODE_PRODUIT`, `ID_UNITE`, `CODE_SOUSCATEGORIE`, `PRD_LIBELLE`, `PRD_DESCRIP`, `PRD_PRIXACHAT`, `PRD_PRIXREVIENT`, `PRD_PRIXVENTE`, `PRD_SEUILMIN`, `PRD_SEUILMAX`, `PRD_CONDITIONNE`, `PRD_CODEPRDUIT`, `PRD_NBRE_ELT`, `PRD_DIMENSION`) VALUES ('0101', 'U', '0101','PARACETAMOL 500 mg cp blister', '', '3.00', '3.00', '4.00', '1', '2', '0', '','','');
INSERT INTO `produit` (`CODE_PRODUIT`, `ID_UNITE`, `CODE_SOUSCATEGORIE`, `PRD_LIBELLE`, `PRD_DESCRIP`, `PRD_PRIXACHAT`, `PRD_PRIXREVIENT`, `PRD_PRIXVENTE`, `PRD_SEUILMIN`, `PRD_SEUILMAX`, `PRD_CONDITIONNE`, `PRD_CODEPRDUIT`, `PRD_NBRE_ELT`, `PRD_DIMENSION`) VALUES ('0102', 'U', '0101','AMOXICILLINE 500 mg gel blister', '', '5.00', '5.00', '10.00', '1', '2', '', '','','');
INSERT INTO `produit` (`CODE_PRODUIT`, `ID_UNITE`, `CODE_SOUSCATEGORIE`, `PRD_LIBELLE`, `PRD_DESCRIP`, `PRD_PRIXACHAT`, `PRD_PRIXREVIENT`, `PRD_PRIXVENTE`, `PRD_SEUILMIN`, `PRD_SEUILMAX`, `PRD_CONDITIONNE`, `PRD_CODEPRDUIT`, `PRD_NBRE_ELT`, `PRD_DIMENSION`) VALUES ('0103', 'PQT', '0202','QUININE SULFATE 300mg cp blister', '', '30.00', '30.00', '40.00', '1', '2', '', '','','');
INSERT INTO `produit` (`CODE_PRODUIT`, `ID_UNITE`, `CODE_SOUSCATEGORIE`, `PRD_LIBELLE`, `PRD_DESCRIP`, `PRD_PRIXACHAT`, `PRD_PRIXREVIENT`, `PRD_PRIXVENTE`, `PRD_SEUILMIN`, `PRD_SEUILMAX`, `PRD_CONDITIONNE`, `PRD_CODEPRDUIT`, `PRD_NBRE_ELT`, `PRD_DIMENSION`) VALUES ('0104', 'U', '0202','METRONIDAZOLE 250mg cp blister', '', '7.00', '7.00', '10.00', '1', '2', '', '','','');
INSERT INTO `produit` (`CODE_PRODUIT`, `ID_UNITE`, `CODE_SOUSCATEGORIE`, `PRD_LIBELLE`, `PRD_DESCRIP`, `PRD_PRIXACHAT`, `PRD_PRIXREVIENT`, `PRD_PRIXVENTE`, `PRD_SEUILMIN`, `PRD_SEUILMAX`, `PRD_CONDITIONNE`, `PRD_CODEPRDUIT`, `PRD_NBRE_ELT`, `PRD_DIMENSION`) VALUES ('0105', 'FLC', '0102','CEFTRIAXONE 1g inj.', '', '300.00', '300.00', '400.00', '1', '2', '', '','','');
INSERT INTO `menu` (`IDMENU`, `LIBMENU`) VALUES ('aid', 'Menu -> Aide');
INSERT INTO `menu` (`IDMENU`, `LIBMENU`) VALUES ('bde', 'Menu -> Entrée de produits');
INSERT INTO `menu` (`IDMENU`, `LIBMENU`) VALUES ('bde_cde', ' -- Sous menu ->Commandes');
INSERT INTO `menu` (`IDMENU`, `LIBMENU`) VALUES ('bde_liv', ' -- Sous menu ->Livraisons');
INSERT INTO `menu` (`IDMENU`, `LIBMENU`) VALUES ('bds', 'Menu -> Sorties de produits');
INSERT INTO `menu` (`IDMENU`, `LIBMENU`) VALUES ('bds_bds', ' -- Sous menu ->Consommations');
INSERT INTO `menu` (`IDMENU`, `LIBMENU`) VALUES ('bds_dec', ' -- Sous menu ->Pertes');
INSERT INTO `menu` (`IDMENU`, `LIBMENU`) VALUES ('bds_rep', ' -- Sous menu ->Reports');
INSERT INTO `menu` (`IDMENU`, `LIBMENU`) VALUES ('bds_trf', ' -- Sous menu ->Transferts de produits');
INSERT INTO `menu` (`IDMENU`, `LIBMENU`) VALUES ('data', 'Menu -> Base de données');
INSERT INTO `menu` (`IDMENU`, `LIBMENU`) VALUES ('data_exp', ' -- Sous menu ->Sauvegarde de la base');
INSERT INTO `menu` (`IDMENU`, `LIBMENU`) VALUES ('data_imp', ' -- Sous menu ->Importer de la base');
INSERT INTO `menu` (`IDMENU`, `LIBMENU`) VALUES ('data_vid', ' -- Sous menu ->Vider la base de données');
INSERT INTO `menu` (`IDMENU`, `LIBMENU`) VALUES ('int', 'Menu -> Inventaire');
INSERT INTO `menu` (`IDMENU`, `LIBMENU`) VALUES ('int_int', ' -- Sous menu ->Inventaire de stock');
INSERT INTO `menu` (`IDMENU`, `LIBMENU`) VALUES ('int_jou', ' -- Sous menu ->Journal des mouvements de stock');
INSERT INTO `menu` (`IDMENU`, `LIBMENU`) VALUES ('int_pcd', ' -- Sous menu ->Imprimer Fiche d\'inventaire');
INSERT INTO `menu` (`IDMENU`, `LIBMENU`) VALUES ('int_stl', ' -- Sous menu ->Etat du stock par réf. Lots de produits');
INSERT INTO `menu` (`IDMENU`, `LIBMENU`) VALUES ('int_sto', ' -- Sous menu ->Etat du stock par produit');
INSERT INTO `menu` (`IDMENU`, `LIBMENU`) VALUES ('par', 'Menu -> Paramétrage');
INSERT INTO `menu` (`IDMENU`, `LIBMENU`) VALUES ('par_aff', ' -- Sous menu ->Affectation des sites');
INSERT INTO `menu` (`IDMENU`, `LIBMENU`) VALUES ('par_ben', ' -- Sous menu ->Bénéficiaires');
INSERT INTO `menu` (`IDMENU`, `LIBMENU`) VALUES ('par_bud', ' -- Sous menu ->Exercice budgétaire');
INSERT INTO `menu` (`IDMENU`, `LIBMENU`) VALUES ('par_cat', ' -- Sous menu ->Catégorie produits');
INSERT INTO `menu` (`IDMENU`, `LIBMENU`) VALUES ('par_fou', ' -- Sous menu ->Fournisseurs');
INSERT INTO `menu` (`IDMENU`, `LIBMENU`) VALUES ('par_gen', ' -- Sous menu ->Paramètres généraux');
INSERT INTO `menu` (`IDMENU`, `LIBMENU`) VALUES ('par_grp', ' -- Sous menu ->Groupe d\'utilisateurs');
INSERT INTO `menu` (`IDMENU`, `LIBMENU`) VALUES ('par_log', ' -- Sous menu ->Logs utilisateurs');
INSERT INTO `menu` (`IDMENU`, `LIBMENU`) VALUES ('par_mag', ' -- Sous menu ->Site bénéficiaires');
INSERT INTO `menu` (`IDMENU`, `LIBMENU`) VALUES ('par_men', ' -- Sous menu ->Menu d\'accès');
INSERT INTO `menu` (`IDMENU`, `LIBMENU`) VALUES ('par_ndcl', ' -- Sous menu ->Nature des pertes');
INSERT INTO `menu` (`IDMENU`, `LIBMENU`) VALUES ('par_per', ' -- Sous menu ->Personnel');
INSERT INTO `menu` (`IDMENU`, `LIBMENU`) VALUES ('par_prd', ' -- Sous menu ->Produits');
INSERT INTO `menu` (`IDMENU`, `LIBMENU`) VALUES ('par_prv', ' -- Sous menu ->Site fournisseurs');
INSERT INTO `menu` (`IDMENU`, `LIBMENU`) VALUES ('par_reg', ' -- Sous menu ->Niveau central');
INSERT INTO `menu` (`IDMENU`, `LIBMENU`) VALUES ('par_sscat', ' -- Sous menu ->Sous catégories');
INSERT INTO `menu` (`IDMENU`, `LIBMENU`) VALUES ('par_ssg', ' -- Sous menu ->Sous groupes');
INSERT INTO `menu` (`IDMENU`, `LIBMENU`) VALUES ('par_tfr', ' -- Sous menu ->Type de founisseurs');
INSERT INTO `menu` (`IDMENU`, `LIBMENU`) VALUES ('par_tse', ' -- Sous menu ->Type de bénéficiaires');
INSERT INTO `menu` (`IDMENU`, `LIBMENU`) VALUES ('par_uni', ' -- Sous menu ->Unité de mesure');
INSERT INTO `menu` (`IDMENU`, `LIBMENU`) VALUES ('par_uti', ' -- Sous menu ->Compte utilisateurs');
INSERT INTO `menu` (`IDMENU`, `LIBMENU`) VALUES ('rap', 'Menu -> Rapports');
INSERT INTO `menu` (`IDMENU`, `LIBMENU`) VALUES ('rap_cons', ' -- Sous menu ->Rapport de consommation');
INSERT INTO `menu` (`IDMENU`, `LIBMENU`) VALUES ('rap_dec', ' -- Sous menu ->Rapport des pertes');
INSERT INTO `menu` (`IDMENU`, `LIBMENU`) VALUES ('rap_din', ' -- Sous menu ->Rapport détaillé des entrées');
INSERT INTO `menu` (`IDMENU`, `LIBMENU`) VALUES ('rap_fprd', ' -- Sous menu ->Fiche de stock produit');
INSERT INTO `menu` (`IDMENU`, `LIBMENU`) VALUES ('rap_mde', ' -- Sous menu ->Rapport mouvement  destinataires');
INSERT INTO `menu` (`IDMENU`, `LIBMENU`) VALUES ('rap_men', ' -- Sous menu ->Rapport périodique simple');
INSERT INTO `menu` (`IDMENU`, `LIBMENU`) VALUES ('rap_mfr', ' -- Sous menu ->Rapport mouvement  fournisseurs');
INSERT INTO `menu` (`IDMENU`, `LIBMENU`) VALUES ('rap_mst', ' -- Sous menu ->Rapport mouvement stock');
INSERT INTO `menu` (`IDMENU`, `LIBMENU`) VALUES ('rap_pac', ' -- Sous menu ->Rapport Produits à  commander');
INSERT INTO `menu` (`IDMENU`, `LIBMENU`) VALUES ('rap_ppe', ' -- Sous menu ->Rapport péremption (Produits périmés)');
INSERT INTO `menu` (`IDMENU`, `LIBMENU`) VALUES ('rap_prdp', ' -- Sous menu ->Produit au seuil de péremption');
INSERT INTO `menu` (`IDMENU`, `LIBMENU`) VALUES ('rap_rds', ' -- Sous menu ->Rapport détaillé des sorties');
INSERT INTO `menu` (`IDMENU`, `LIBMENU`) VALUES ('rap_rst', ' -- Sous menu ->Rapport de rupture de stock');
INSERT INTO `menu` (`IDMENU`, `LIBMENU`) VALUES ('rap_sin', ' -- Sous menu ->Rapport synthèse inventaire');
INSERT INTO `menu` (`IDMENU`, `LIBMENU`) VALUES ('rap_sssm', ' -- Sous menu ->Stock sup. seuil maximum');
INSERT INTO `menu` (`IDMENU`, `LIBMENU`) VALUES ('rap_sta', ' -- Sous menu ->Rapport stock actuel');
INSERT INTO `menu` (`IDMENU`, `LIBMENU`) VALUES ('rap_tri', ' -- Sous menu ->Rapport périodique consolidé');
INSERT INTO `typebeneficiaire` (`CODE_TYPEBENEF`, `NOM_TYPEBENEF`) VALUES ('FAP', 'Femmes en âge de procréer');
INSERT INTO `typebeneficiaire` (`CODE_TYPEBENEF`, `NOM_TYPEBENEF`) VALUES ('IND', 'Indeterminé');
INSERT INTO `typefournisseur` (`CODE_TYPEFOUR`, `TYPEFOUR_NOM`) VALUES ('0101', 'ETAT BURKINABE');
INSERT INTO `typefournisseur` (`CODE_TYPEFOUR`, `TYPEFOUR_NOM`) VALUES ('0102', 'PARTENAIRE');
INSERT INTO `typefournisseur` (`CODE_TYPEFOUR`, `TYPEFOUR_NOM`) VALUES ('0103', 'PRIVE');
INSERT INTO `beneficiaire` (`CODE_BENEF`, `CODE_TYPEBENEF`, `IDPROVINCE`, `BENEF_NOM`, `BENEF_EBREVIATION`, `BENEF_TEL`, `BENEF_VILLE`, `BENEF_EMAIL`, `BENEF_DATECREAT`) VALUES ('0101', 'IND', '1305', 'CLIENT Ordinaire', '', '','', '','2015-07-04 14:03:57');
INSERT INTO `beneficiaire` (`CODE_BENEF`, `CODE_TYPEBENEF`, `IDPROVINCE`, `BENEF_NOM`, `BENEF_EBREVIATION`, `BENEF_TEL`, `BENEF_VILLE`, `BENEF_EMAIL`, `BENEF_DATECREAT`) VALUES ('0102', 'FAP', '1305', 'CONSOMMATEUR', '', '','', '','2015-07-04 14:04:22');
INSERT INTO `fournisseur` (`CODE_FOUR`, `CODE_TYPEFOUR`, `FOUR_NOM`, `FOUR_TEL`, `FOUR_ADRESSE`, `FOUR_EMAIL`, `FOUR_RESPONSABLE`, `FOUR_RESPTEL`, `FOUR_RESPEMAIL`) VALUES  ('0101', '0103', 'CAMEG', '', '', '','', '', '');
INSERT INTO `fournisseur` (`CODE_FOUR`, `CODE_TYPEFOUR`, `FOUR_NOM`, `FOUR_TEL`, `FOUR_ADRESSE`, `FOUR_EMAIL`, `FOUR_RESPONSABLE`, `FOUR_RESPTEL`, `FOUR_RESPEMAIL`) VALUES  ('0102', '0102', 'UNFPA', '', '', '','', '', '');
INSERT INTO `fournisseur` (`CODE_FOUR`, `CODE_TYPEFOUR`, `FOUR_NOM`, `FOUR_TEL`, `FOUR_ADRESSE`, `FOUR_EMAIL`, `FOUR_RESPONSABLE`, `FOUR_RESPTEL`, `FOUR_RESPEMAIL`) VALUES  ('0103', '0103', 'UBIPHARM', '', '', '','', '', '');
INSERT INTO `fournisseur` (`CODE_FOUR`, `CODE_TYPEFOUR`, `FOUR_NOM`, `FOUR_TEL`, `FOUR_ADRESSE`, `FOUR_EMAIL`, `FOUR_RESPONSABLE`, `FOUR_RESPTEL`, `FOUR_RESPEMAIL`) VALUES  ('0104', '0102', 'USAID', '', '', '','', '', '');
INSERT INTO `exercice` (`ID_EXERCICE`, `EX_LIBELLE`, `EX_DATEDEBUT`, `EX_DATEFIN`, `EX_CLOTURE`, `EX_DATECLOTURE`) VALUES ('2015', 'EXERCICE BUDGETAIRE 2015', '2015-01-01', '2015-12-31', '0', '2015-12-31 00:00:00');
INSERT INTO `profil_menu` (`IDPROFIL`, `IDMENU`, `VISIBLE`, `AJOUT`, `MODIF`, `SUPPR`, `ANNUL`, `VALID`) VALUES ('ADMIN', 'aid','1','1','1','1','1','1');
INSERT INTO `profil_menu` (`IDPROFIL`, `IDMENU`, `VISIBLE`, `AJOUT`, `MODIF`, `SUPPR`, `ANNUL`, `VALID`) VALUES ('ADMIN', 'bde','1','1','1','1','1','1');
INSERT INTO `profil_menu` (`IDPROFIL`, `IDMENU`, `VISIBLE`, `AJOUT`, `MODIF`, `SUPPR`, `ANNUL`, `VALID`) VALUES ('ADMIN', 'bde_cde','1','1','1','1','1','1');
INSERT INTO `profil_menu` (`IDPROFIL`, `IDMENU`, `VISIBLE`, `AJOUT`, `MODIF`, `SUPPR`, `ANNUL`, `VALID`) VALUES ('ADMIN', 'bde_liv','1','1','1','1','1','1');
INSERT INTO `profil_menu` (`IDPROFIL`, `IDMENU`, `VISIBLE`, `AJOUT`, `MODIF`, `SUPPR`, `ANNUL`, `VALID`) VALUES ('ADMIN', 'bds','1','1','1','1','1','1');
INSERT INTO `profil_menu` (`IDPROFIL`, `IDMENU`, `VISIBLE`, `AJOUT`, `MODIF`, `SUPPR`, `ANNUL`, `VALID`) VALUES ('ADMIN', 'bds_bds','1','1','1','1','1','1');
INSERT INTO `profil_menu` (`IDPROFIL`, `IDMENU`, `VISIBLE`, `AJOUT`, `MODIF`, `SUPPR`, `ANNUL`, `VALID`) VALUES ('ADMIN', 'bds_dec','1','1','1','1','1','1');
INSERT INTO `profil_menu` (`IDPROFIL`, `IDMENU`, `VISIBLE`, `AJOUT`, `MODIF`, `SUPPR`, `ANNUL`, `VALID`) VALUES ('ADMIN', 'bds_rep','1','1','1','1','1','1');
INSERT INTO `profil_menu` (`IDPROFIL`, `IDMENU`, `VISIBLE`, `AJOUT`, `MODIF`, `SUPPR`, `ANNUL`, `VALID`) VALUES ('ADMIN', 'bds_trf','1','1','1','1','1','1');
INSERT INTO `profil_menu` (`IDPROFIL`, `IDMENU`, `VISIBLE`, `AJOUT`, `MODIF`, `SUPPR`, `ANNUL`, `VALID`) VALUES ('ADMIN', 'data','1','1','1','1','1','1');
INSERT INTO `profil_menu` (`IDPROFIL`, `IDMENU`, `VISIBLE`, `AJOUT`, `MODIF`, `SUPPR`, `ANNUL`, `VALID`) VALUES ('ADMIN', 'data_exp','1','1','1','1','1','1');
INSERT INTO `profil_menu` (`IDPROFIL`, `IDMENU`, `VISIBLE`, `AJOUT`, `MODIF`, `SUPPR`, `ANNUL`, `VALID`) VALUES ('ADMIN', 'data_imp','1','1','1','1','1','1');
INSERT INTO `profil_menu` (`IDPROFIL`, `IDMENU`, `VISIBLE`, `AJOUT`, `MODIF`, `SUPPR`, `ANNUL`, `VALID`) VALUES ('ADMIN', 'data_vid','1','1','1','1','1','1');
INSERT INTO `profil_menu` (`IDPROFIL`, `IDMENU`, `VISIBLE`, `AJOUT`, `MODIF`, `SUPPR`, `ANNUL`, `VALID`) VALUES ('ADMIN', 'int','1','1','1','1','1','1');
INSERT INTO `profil_menu` (`IDPROFIL`, `IDMENU`, `VISIBLE`, `AJOUT`, `MODIF`, `SUPPR`, `ANNUL`, `VALID`) VALUES ('ADMIN', 'int_int','1','1','1','1','1','1');
INSERT INTO `profil_menu` (`IDPROFIL`, `IDMENU`, `VISIBLE`, `AJOUT`, `MODIF`, `SUPPR`, `ANNUL`, `VALID`) VALUES ('ADMIN', 'int_jou','1','1','1','1','1','1');
INSERT INTO `profil_menu` (`IDPROFIL`, `IDMENU`, `VISIBLE`, `AJOUT`, `MODIF`, `SUPPR`, `ANNUL`, `VALID`) VALUES ('ADMIN', 'int_pcd','1','1','1','1','1','1');
INSERT INTO `profil_menu` (`IDPROFIL`, `IDMENU`, `VISIBLE`, `AJOUT`, `MODIF`, `SUPPR`, `ANNUL`, `VALID`) VALUES ('ADMIN', 'int_stl','1','1','1','1','1','1');
INSERT INTO `profil_menu` (`IDPROFIL`, `IDMENU`, `VISIBLE`, `AJOUT`, `MODIF`, `SUPPR`, `ANNUL`, `VALID`) VALUES ('ADMIN', 'int_sto','1','1','1','1','1','1');
INSERT INTO `profil_menu` (`IDPROFIL`, `IDMENU`, `VISIBLE`, `AJOUT`, `MODIF`, `SUPPR`, `ANNUL`, `VALID`) VALUES ('ADMIN', 'par','1','1','1','1','1','1');
INSERT INTO `profil_menu` (`IDPROFIL`, `IDMENU`, `VISIBLE`, `AJOUT`, `MODIF`, `SUPPR`, `ANNUL`, `VALID`) VALUES ('ADMIN', 'par_aff','1','1','1','1','1','1');
INSERT INTO `profil_menu` (`IDPROFIL`, `IDMENU`, `VISIBLE`, `AJOUT`, `MODIF`, `SUPPR`, `ANNUL`, `VALID`) VALUES ('ADMIN', 'par_ben','1','1','1','1','1','1');
INSERT INTO `profil_menu` (`IDPROFIL`, `IDMENU`, `VISIBLE`, `AJOUT`, `MODIF`, `SUPPR`, `ANNUL`, `VALID`) VALUES ('ADMIN', 'par_bud','1','1','1','1','1','1');
INSERT INTO `profil_menu` (`IDPROFIL`, `IDMENU`, `VISIBLE`, `AJOUT`, `MODIF`, `SUPPR`, `ANNUL`, `VALID`) VALUES ('ADMIN', 'par_cat','1','1','1','1','1','1');
INSERT INTO `profil_menu` (`IDPROFIL`, `IDMENU`, `VISIBLE`, `AJOUT`, `MODIF`, `SUPPR`, `ANNUL`, `VALID`) VALUES ('ADMIN', 'par_fou','1','1','1','1','1','1');
INSERT INTO `profil_menu` (`IDPROFIL`, `IDMENU`, `VISIBLE`, `AJOUT`, `MODIF`, `SUPPR`, `ANNUL`, `VALID`) VALUES ('ADMIN', 'par_gen','1','1','1','1','1','1');
INSERT INTO `profil_menu` (`IDPROFIL`, `IDMENU`, `VISIBLE`, `AJOUT`, `MODIF`, `SUPPR`, `ANNUL`, `VALID`) VALUES ('ADMIN', 'par_grp','1','1','1','1','1','1');
INSERT INTO `profil_menu` (`IDPROFIL`, `IDMENU`, `VISIBLE`, `AJOUT`, `MODIF`, `SUPPR`, `ANNUL`, `VALID`) VALUES ('ADMIN', 'par_log','1','1','1','1','1','1');
INSERT INTO `profil_menu` (`IDPROFIL`, `IDMENU`, `VISIBLE`, `AJOUT`, `MODIF`, `SUPPR`, `ANNUL`, `VALID`) VALUES ('ADMIN', 'par_mag','1','1','1','1','1','1');
INSERT INTO `profil_menu` (`IDPROFIL`, `IDMENU`, `VISIBLE`, `AJOUT`, `MODIF`, `SUPPR`, `ANNUL`, `VALID`) VALUES ('ADMIN', 'par_men','1','1','1','1','1','1');
INSERT INTO `profil_menu` (`IDPROFIL`, `IDMENU`, `VISIBLE`, `AJOUT`, `MODIF`, `SUPPR`, `ANNUL`, `VALID`) VALUES ('ADMIN', 'par_ndcl','1','1','1','1','1','1');
INSERT INTO `profil_menu` (`IDPROFIL`, `IDMENU`, `VISIBLE`, `AJOUT`, `MODIF`, `SUPPR`, `ANNUL`, `VALID`) VALUES ('ADMIN', 'par_per','1','1','1','1','1','1');
INSERT INTO `profil_menu` (`IDPROFIL`, `IDMENU`, `VISIBLE`, `AJOUT`, `MODIF`, `SUPPR`, `ANNUL`, `VALID`) VALUES ('ADMIN', 'par_prd','1','1','1','1','1','1');
INSERT INTO `profil_menu` (`IDPROFIL`, `IDMENU`, `VISIBLE`, `AJOUT`, `MODIF`, `SUPPR`, `ANNUL`, `VALID`) VALUES ('ADMIN', 'par_prv','1','1','1','1','1','1');
INSERT INTO `profil_menu` (`IDPROFIL`, `IDMENU`, `VISIBLE`, `AJOUT`, `MODIF`, `SUPPR`, `ANNUL`, `VALID`) VALUES ('ADMIN', 'par_reg','1','1','1','1','1','1');
INSERT INTO `profil_menu` (`IDPROFIL`, `IDMENU`, `VISIBLE`, `AJOUT`, `MODIF`, `SUPPR`, `ANNUL`, `VALID`) VALUES ('ADMIN', 'par_sscat','1','1','1','1','1','1');
INSERT INTO `profil_menu` (`IDPROFIL`, `IDMENU`, `VISIBLE`, `AJOUT`, `MODIF`, `SUPPR`, `ANNUL`, `VALID`) VALUES ('ADMIN', 'par_ssg','1','1','1','1','1','1');
INSERT INTO `profil_menu` (`IDPROFIL`, `IDMENU`, `VISIBLE`, `AJOUT`, `MODIF`, `SUPPR`, `ANNUL`, `VALID`) VALUES ('ADMIN', 'par_tfr','1','1','1','1','1','1');
INSERT INTO `profil_menu` (`IDPROFIL`, `IDMENU`, `VISIBLE`, `AJOUT`, `MODIF`, `SUPPR`, `ANNUL`, `VALID`) VALUES ('ADMIN', 'par_tse','1','1','1','1','1','1');
INSERT INTO `profil_menu` (`IDPROFIL`, `IDMENU`, `VISIBLE`, `AJOUT`, `MODIF`, `SUPPR`, `ANNUL`, `VALID`) VALUES ('ADMIN', 'par_uni','1','1','1','1','1','1');
INSERT INTO `profil_menu` (`IDPROFIL`, `IDMENU`, `VISIBLE`, `AJOUT`, `MODIF`, `SUPPR`, `ANNUL`, `VALID`) VALUES ('ADMIN', 'par_uti','1','1','1','1','1','1');
INSERT INTO `profil_menu` (`IDPROFIL`, `IDMENU`, `VISIBLE`, `AJOUT`, `MODIF`, `SUPPR`, `ANNUL`, `VALID`) VALUES ('ADMIN', 'rap','1','1','1','1','1','1');
INSERT INTO `profil_menu` (`IDPROFIL`, `IDMENU`, `VISIBLE`, `AJOUT`, `MODIF`, `SUPPR`, `ANNUL`, `VALID`) VALUES ('ADMIN', 'rap_cons','1','1','1','1','1','1');
INSERT INTO `profil_menu` (`IDPROFIL`, `IDMENU`, `VISIBLE`, `AJOUT`, `MODIF`, `SUPPR`, `ANNUL`, `VALID`) VALUES ('ADMIN', 'rap_dec','1','1','1','1','1','1');
INSERT INTO `profil_menu` (`IDPROFIL`, `IDMENU`, `VISIBLE`, `AJOUT`, `MODIF`, `SUPPR`, `ANNUL`, `VALID`) VALUES ('ADMIN', 'rap_din','1','1','1','1','1','1');
INSERT INTO `profil_menu` (`IDPROFIL`, `IDMENU`, `VISIBLE`, `AJOUT`, `MODIF`, `SUPPR`, `ANNUL`, `VALID`) VALUES ('ADMIN', 'rap_fprd','1','1','1','1','1','1');
INSERT INTO `profil_menu` (`IDPROFIL`, `IDMENU`, `VISIBLE`, `AJOUT`, `MODIF`, `SUPPR`, `ANNUL`, `VALID`) VALUES ('ADMIN', 'rap_mde','1','1','1','1','1','1');
INSERT INTO `profil_menu` (`IDPROFIL`, `IDMENU`, `VISIBLE`, `AJOUT`, `MODIF`, `SUPPR`, `ANNUL`, `VALID`) VALUES ('ADMIN', 'rap_men','1','1','1','1','1','1');
INSERT INTO `profil_menu` (`IDPROFIL`, `IDMENU`, `VISIBLE`, `AJOUT`, `MODIF`, `SUPPR`, `ANNUL`, `VALID`) VALUES ('ADMIN', 'rap_mfr','1','1','1','1','1','1');
INSERT INTO `profil_menu` (`IDPROFIL`, `IDMENU`, `VISIBLE`, `AJOUT`, `MODIF`, `SUPPR`, `ANNUL`, `VALID`) VALUES ('ADMIN', 'rap_mst','1','1','1','1','1','1');
INSERT INTO `profil_menu` (`IDPROFIL`, `IDMENU`, `VISIBLE`, `AJOUT`, `MODIF`, `SUPPR`, `ANNUL`, `VALID`) VALUES ('ADMIN', 'rap_pac','1','1','1','1','1','1');
INSERT INTO `profil_menu` (`IDPROFIL`, `IDMENU`, `VISIBLE`, `AJOUT`, `MODIF`, `SUPPR`, `ANNUL`, `VALID`) VALUES ('ADMIN', 'rap_ppe','1','1','1','1','1','1');
INSERT INTO `profil_menu` (`IDPROFIL`, `IDMENU`, `VISIBLE`, `AJOUT`, `MODIF`, `SUPPR`, `ANNUL`, `VALID`) VALUES ('ADMIN', 'rap_prdp','1','1','1','1','1','1');
INSERT INTO `profil_menu` (`IDPROFIL`, `IDMENU`, `VISIBLE`, `AJOUT`, `MODIF`, `SUPPR`, `ANNUL`, `VALID`) VALUES ('ADMIN', 'rap_rds','1','1','1','1','1','1');
INSERT INTO `profil_menu` (`IDPROFIL`, `IDMENU`, `VISIBLE`, `AJOUT`, `MODIF`, `SUPPR`, `ANNUL`, `VALID`) VALUES ('ADMIN', 'rap_rst','1','1','1','1','1','1');
INSERT INTO `profil_menu` (`IDPROFIL`, `IDMENU`, `VISIBLE`, `AJOUT`, `MODIF`, `SUPPR`, `ANNUL`, `VALID`) VALUES ('ADMIN', 'rap_sin','1','1','1','1','1','1');
INSERT INTO `profil_menu` (`IDPROFIL`, `IDMENU`, `VISIBLE`, `AJOUT`, `MODIF`, `SUPPR`, `ANNUL`, `VALID`) VALUES ('ADMIN', 'rap_sssm','1','1','1','1','1','1');
INSERT INTO `profil_menu` (`IDPROFIL`, `IDMENU`, `VISIBLE`, `AJOUT`, `MODIF`, `SUPPR`, `ANNUL`, `VALID`) VALUES ('ADMIN', 'rap_sta','1','1','1','1','1','1');
INSERT INTO `profil_menu` (`IDPROFIL`, `IDMENU`, `VISIBLE`, `AJOUT`, `MODIF`, `SUPPR`, `ANNUL`, `VALID`) VALUES ('ADMIN', 'rap_tri','1','1','1','1','1','1');
INSERT INTO `profil_menu` (`IDPROFIL`, `IDMENU`, `VISIBLE`, `AJOUT`, `MODIF`, `SUPPR`, `ANNUL`, `VALID`) VALUES ('DEVEL', 'aid','1','1','1','1','1','1');
INSERT INTO `profil_menu` (`IDPROFIL`, `IDMENU`, `VISIBLE`, `AJOUT`, `MODIF`, `SUPPR`, `ANNUL`, `VALID`) VALUES ('DEVEL', 'bde','1','1','1','1','1','1');
INSERT INTO `profil_menu` (`IDPROFIL`, `IDMENU`, `VISIBLE`, `AJOUT`, `MODIF`, `SUPPR`, `ANNUL`, `VALID`) VALUES ('DEVEL', 'bde_cde','1','1','1','1','1','1');
INSERT INTO `profil_menu` (`IDPROFIL`, `IDMENU`, `VISIBLE`, `AJOUT`, `MODIF`, `SUPPR`, `ANNUL`, `VALID`) VALUES ('DEVEL', 'bde_liv','1','1','1','1','1','1');
INSERT INTO `profil_menu` (`IDPROFIL`, `IDMENU`, `VISIBLE`, `AJOUT`, `MODIF`, `SUPPR`, `ANNUL`, `VALID`) VALUES ('DEVEL', 'bds','1','1','1','1','1','1');
INSERT INTO `profil_menu` (`IDPROFIL`, `IDMENU`, `VISIBLE`, `AJOUT`, `MODIF`, `SUPPR`, `ANNUL`, `VALID`) VALUES ('DEVEL', 'bds_bds','1','1','1','1','1','1');
INSERT INTO `profil_menu` (`IDPROFIL`, `IDMENU`, `VISIBLE`, `AJOUT`, `MODIF`, `SUPPR`, `ANNUL`, `VALID`) VALUES ('DEVEL', 'bds_dec','1','1','1','1','1','1');
INSERT INTO `profil_menu` (`IDPROFIL`, `IDMENU`, `VISIBLE`, `AJOUT`, `MODIF`, `SUPPR`, `ANNUL`, `VALID`) VALUES ('DEVEL', 'bds_rep','1','1','1','1','1','1');
INSERT INTO `profil_menu` (`IDPROFIL`, `IDMENU`, `VISIBLE`, `AJOUT`, `MODIF`, `SUPPR`, `ANNUL`, `VALID`) VALUES ('DEVEL', 'bds_trf','1','1','1','1','1','1');
INSERT INTO `profil_menu` (`IDPROFIL`, `IDMENU`, `VISIBLE`, `AJOUT`, `MODIF`, `SUPPR`, `ANNUL`, `VALID`) VALUES ('DEVEL', 'data','1','1','1','1','1','1');
INSERT INTO `profil_menu` (`IDPROFIL`, `IDMENU`, `VISIBLE`, `AJOUT`, `MODIF`, `SUPPR`, `ANNUL`, `VALID`) VALUES ('DEVEL', 'data_exp','1','1','1','1','1','1');
INSERT INTO `profil_menu` (`IDPROFIL`, `IDMENU`, `VISIBLE`, `AJOUT`, `MODIF`, `SUPPR`, `ANNUL`, `VALID`) VALUES ('DEVEL', 'data_imp','1','1','1','1','1','1');
INSERT INTO `profil_menu` (`IDPROFIL`, `IDMENU`, `VISIBLE`, `AJOUT`, `MODIF`, `SUPPR`, `ANNUL`, `VALID`) VALUES ('DEVEL', 'data_vid','1','1','1','1','1','1');
INSERT INTO `profil_menu` (`IDPROFIL`, `IDMENU`, `VISIBLE`, `AJOUT`, `MODIF`, `SUPPR`, `ANNUL`, `VALID`) VALUES ('DEVEL', 'int','1','1','1','1','1','1');
INSERT INTO `profil_menu` (`IDPROFIL`, `IDMENU`, `VISIBLE`, `AJOUT`, `MODIF`, `SUPPR`, `ANNUL`, `VALID`) VALUES ('DEVEL', 'int_int','1','1','1','1','1','1');
INSERT INTO `profil_menu` (`IDPROFIL`, `IDMENU`, `VISIBLE`, `AJOUT`, `MODIF`, `SUPPR`, `ANNUL`, `VALID`) VALUES ('DEVEL', 'int_jou','1','1','1','1','1','1');
INSERT INTO `profil_menu` (`IDPROFIL`, `IDMENU`, `VISIBLE`, `AJOUT`, `MODIF`, `SUPPR`, `ANNUL`, `VALID`) VALUES ('DEVEL', 'int_pcd','1','1','1','1','1','1');
INSERT INTO `profil_menu` (`IDPROFIL`, `IDMENU`, `VISIBLE`, `AJOUT`, `MODIF`, `SUPPR`, `ANNUL`, `VALID`) VALUES ('DEVEL', 'int_stl','1','1','1','1','1','1');
INSERT INTO `profil_menu` (`IDPROFIL`, `IDMENU`, `VISIBLE`, `AJOUT`, `MODIF`, `SUPPR`, `ANNUL`, `VALID`) VALUES ('DEVEL', 'int_sto','1','1','1','1','1','1');
INSERT INTO `profil_menu` (`IDPROFIL`, `IDMENU`, `VISIBLE`, `AJOUT`, `MODIF`, `SUPPR`, `ANNUL`, `VALID`) VALUES ('DEVEL', 'par','1','1','1','1','1','1');
INSERT INTO `profil_menu` (`IDPROFIL`, `IDMENU`, `VISIBLE`, `AJOUT`, `MODIF`, `SUPPR`, `ANNUL`, `VALID`) VALUES ('DEVEL', 'par_aff','1','1','1','1','1','1');
INSERT INTO `profil_menu` (`IDPROFIL`, `IDMENU`, `VISIBLE`, `AJOUT`, `MODIF`, `SUPPR`, `ANNUL`, `VALID`) VALUES ('DEVEL', 'par_ben','1','1','1','1','1','1');
INSERT INTO `profil_menu` (`IDPROFIL`, `IDMENU`, `VISIBLE`, `AJOUT`, `MODIF`, `SUPPR`, `ANNUL`, `VALID`) VALUES ('DEVEL', 'par_bud','1','1','1','1','1','1');
INSERT INTO `profil_menu` (`IDPROFIL`, `IDMENU`, `VISIBLE`, `AJOUT`, `MODIF`, `SUPPR`, `ANNUL`, `VALID`) VALUES ('DEVEL', 'par_cat','1','1','1','1','1','1');
INSERT INTO `profil_menu` (`IDPROFIL`, `IDMENU`, `VISIBLE`, `AJOUT`, `MODIF`, `SUPPR`, `ANNUL`, `VALID`) VALUES ('DEVEL', 'par_fou','1','1','1','1','1','1');
INSERT INTO `profil_menu` (`IDPROFIL`, `IDMENU`, `VISIBLE`, `AJOUT`, `MODIF`, `SUPPR`, `ANNUL`, `VALID`) VALUES ('DEVEL', 'par_gen','1','1','1','1','1','1');
INSERT INTO `profil_menu` (`IDPROFIL`, `IDMENU`, `VISIBLE`, `AJOUT`, `MODIF`, `SUPPR`, `ANNUL`, `VALID`) VALUES ('DEVEL', 'par_grp','1','1','1','1','1','1');
INSERT INTO `profil_menu` (`IDPROFIL`, `IDMENU`, `VISIBLE`, `AJOUT`, `MODIF`, `SUPPR`, `ANNUL`, `VALID`) VALUES ('DEVEL', 'par_log','1','1','1','1','1','1');
INSERT INTO `profil_menu` (`IDPROFIL`, `IDMENU`, `VISIBLE`, `AJOUT`, `MODIF`, `SUPPR`, `ANNUL`, `VALID`) VALUES ('DEVEL', 'par_mag','1','1','1','1','1','1');
INSERT INTO `profil_menu` (`IDPROFIL`, `IDMENU`, `VISIBLE`, `AJOUT`, `MODIF`, `SUPPR`, `ANNUL`, `VALID`) VALUES ('DEVEL', 'par_men','1','1','1','1','1','1');
INSERT INTO `profil_menu` (`IDPROFIL`, `IDMENU`, `VISIBLE`, `AJOUT`, `MODIF`, `SUPPR`, `ANNUL`, `VALID`) VALUES ('DEVEL', 'par_ndcl','1','1','1','1','1','1');
INSERT INTO `profil_menu` (`IDPROFIL`, `IDMENU`, `VISIBLE`, `AJOUT`, `MODIF`, `SUPPR`, `ANNUL`, `VALID`) VALUES ('DEVEL', 'par_per','1','1','1','1','1','1');
INSERT INTO `profil_menu` (`IDPROFIL`, `IDMENU`, `VISIBLE`, `AJOUT`, `MODIF`, `SUPPR`, `ANNUL`, `VALID`) VALUES ('DEVEL', 'par_prd','1','1','1','1','1','1');
INSERT INTO `profil_menu` (`IDPROFIL`, `IDMENU`, `VISIBLE`, `AJOUT`, `MODIF`, `SUPPR`, `ANNUL`, `VALID`) VALUES ('DEVEL', 'par_prv','1','1','1','1','1','1');
INSERT INTO `profil_menu` (`IDPROFIL`, `IDMENU`, `VISIBLE`, `AJOUT`, `MODIF`, `SUPPR`, `ANNUL`, `VALID`) VALUES ('DEVEL', 'par_reg','1','1','1','1','1','1');
INSERT INTO `profil_menu` (`IDPROFIL`, `IDMENU`, `VISIBLE`, `AJOUT`, `MODIF`, `SUPPR`, `ANNUL`, `VALID`) VALUES ('DEVEL', 'par_sscat','1','1','1','1','1','1');
INSERT INTO `profil_menu` (`IDPROFIL`, `IDMENU`, `VISIBLE`, `AJOUT`, `MODIF`, `SUPPR`, `ANNUL`, `VALID`) VALUES ('DEVEL', 'par_ssg','1','1','1','1','1','1');
INSERT INTO `profil_menu` (`IDPROFIL`, `IDMENU`, `VISIBLE`, `AJOUT`, `MODIF`, `SUPPR`, `ANNUL`, `VALID`) VALUES ('DEVEL', 'par_tfr','1','1','1','1','1','1');
INSERT INTO `profil_menu` (`IDPROFIL`, `IDMENU`, `VISIBLE`, `AJOUT`, `MODIF`, `SUPPR`, `ANNUL`, `VALID`) VALUES ('DEVEL', 'par_tse','1','1','1','1','1','1');
INSERT INTO `profil_menu` (`IDPROFIL`, `IDMENU`, `VISIBLE`, `AJOUT`, `MODIF`, `SUPPR`, `ANNUL`, `VALID`) VALUES ('DEVEL', 'par_uni','1','1','1','1','1','1');
INSERT INTO `profil_menu` (`IDPROFIL`, `IDMENU`, `VISIBLE`, `AJOUT`, `MODIF`, `SUPPR`, `ANNUL`, `VALID`) VALUES ('DEVEL', 'par_uti','1','1','1','1','1','1');
INSERT INTO `profil_menu` (`IDPROFIL`, `IDMENU`, `VISIBLE`, `AJOUT`, `MODIF`, `SUPPR`, `ANNUL`, `VALID`) VALUES ('DEVEL', 'rap','1','1','1','1','1','1');
INSERT INTO `profil_menu` (`IDPROFIL`, `IDMENU`, `VISIBLE`, `AJOUT`, `MODIF`, `SUPPR`, `ANNUL`, `VALID`) VALUES ('DEVEL', 'rap_cons','1','1','1','1','1','1');
INSERT INTO `profil_menu` (`IDPROFIL`, `IDMENU`, `VISIBLE`, `AJOUT`, `MODIF`, `SUPPR`, `ANNUL`, `VALID`) VALUES ('DEVEL', 'rap_dec','1','1','1','1','1','1');
INSERT INTO `profil_menu` (`IDPROFIL`, `IDMENU`, `VISIBLE`, `AJOUT`, `MODIF`, `SUPPR`, `ANNUL`, `VALID`) VALUES ('DEVEL', 'rap_din','1','1','1','1','1','1');
INSERT INTO `profil_menu` (`IDPROFIL`, `IDMENU`, `VISIBLE`, `AJOUT`, `MODIF`, `SUPPR`, `ANNUL`, `VALID`) VALUES ('DEVEL', 'rap_fprd','1','1','1','1','1','1');
INSERT INTO `profil_menu` (`IDPROFIL`, `IDMENU`, `VISIBLE`, `AJOUT`, `MODIF`, `SUPPR`, `ANNUL`, `VALID`) VALUES ('DEVEL', 'rap_mde','1','1','1','1','1','1');
INSERT INTO `profil_menu` (`IDPROFIL`, `IDMENU`, `VISIBLE`, `AJOUT`, `MODIF`, `SUPPR`, `ANNUL`, `VALID`) VALUES ('DEVEL', 'rap_men','1','1','1','1','1','1');
INSERT INTO `profil_menu` (`IDPROFIL`, `IDMENU`, `VISIBLE`, `AJOUT`, `MODIF`, `SUPPR`, `ANNUL`, `VALID`) VALUES ('DEVEL', 'rap_mfr','1','1','1','1','1','1');
INSERT INTO `profil_menu` (`IDPROFIL`, `IDMENU`, `VISIBLE`, `AJOUT`, `MODIF`, `SUPPR`, `ANNUL`, `VALID`) VALUES ('DEVEL', 'rap_mst','1','1','1','1','1','1');
INSERT INTO `profil_menu` (`IDPROFIL`, `IDMENU`, `VISIBLE`, `AJOUT`, `MODIF`, `SUPPR`, `ANNUL`, `VALID`) VALUES ('DEVEL', 'rap_pac','1','1','1','1','1','1');
INSERT INTO `profil_menu` (`IDPROFIL`, `IDMENU`, `VISIBLE`, `AJOUT`, `MODIF`, `SUPPR`, `ANNUL`, `VALID`) VALUES ('DEVEL', 'rap_ppe','1','1','1','1','1','1');
INSERT INTO `profil_menu` (`IDPROFIL`, `IDMENU`, `VISIBLE`, `AJOUT`, `MODIF`, `SUPPR`, `ANNUL`, `VALID`) VALUES ('DEVEL', 'rap_prdp','1','1','1','1','1','1');
INSERT INTO `profil_menu` (`IDPROFIL`, `IDMENU`, `VISIBLE`, `AJOUT`, `MODIF`, `SUPPR`, `ANNUL`, `VALID`) VALUES ('DEVEL', 'rap_rds','1','1','1','1','1','1');
INSERT INTO `profil_menu` (`IDPROFIL`, `IDMENU`, `VISIBLE`, `AJOUT`, `MODIF`, `SUPPR`, `ANNUL`, `VALID`) VALUES ('DEVEL', 'rap_rst','1','1','1','1','1','1');
INSERT INTO `profil_menu` (`IDPROFIL`, `IDMENU`, `VISIBLE`, `AJOUT`, `MODIF`, `SUPPR`, `ANNUL`, `VALID`) VALUES ('DEVEL', 'rap_sin','1','1','1','1','1','1');
INSERT INTO `profil_menu` (`IDPROFIL`, `IDMENU`, `VISIBLE`, `AJOUT`, `MODIF`, `SUPPR`, `ANNUL`, `VALID`) VALUES ('DEVEL', 'rap_sssm','1','1','1','1','1','1');
INSERT INTO `profil_menu` (`IDPROFIL`, `IDMENU`, `VISIBLE`, `AJOUT`, `MODIF`, `SUPPR`, `ANNUL`, `VALID`) VALUES ('DEVEL', 'rap_sta','1','1','1','1','1','1');
INSERT INTO `profil_menu` (`IDPROFIL`, `IDMENU`, `VISIBLE`, `AJOUT`, `MODIF`, `SUPPR`, `ANNUL`, `VALID`) VALUES ('DEVEL', 'rap_tri','1','1','1','1','1','1');
INSERT INTO `profil_menu` (`IDPROFIL`, `IDMENU`, `VISIBLE`, `AJOUT`, `MODIF`, `SUPPR`, `ANNUL`, `VALID`) VALUES ('GEST', 'aid','1','1','1','1','0','1');
INSERT INTO `profil_menu` (`IDPROFIL`, `IDMENU`, `VISIBLE`, `AJOUT`, `MODIF`, `SUPPR`, `ANNUL`, `VALID`) VALUES ('GEST', 'bde','1','1','1','1','0','1');
INSERT INTO `profil_menu` (`IDPROFIL`, `IDMENU`, `VISIBLE`, `AJOUT`, `MODIF`, `SUPPR`, `ANNUL`, `VALID`) VALUES ('GEST', 'bde_cde','1','1','1','1','0','1');
INSERT INTO `profil_menu` (`IDPROFIL`, `IDMENU`, `VISIBLE`, `AJOUT`, `MODIF`, `SUPPR`, `ANNUL`, `VALID`) VALUES ('GEST', 'bde_liv','1','1','1','1','0','1');
INSERT INTO `profil_menu` (`IDPROFIL`, `IDMENU`, `VISIBLE`, `AJOUT`, `MODIF`, `SUPPR`, `ANNUL`, `VALID`) VALUES ('GEST', 'bds','1','1','1','1','0','1');
INSERT INTO `profil_menu` (`IDPROFIL`, `IDMENU`, `VISIBLE`, `AJOUT`, `MODIF`, `SUPPR`, `ANNUL`, `VALID`) VALUES ('GEST', 'bds_bds','0','0','0','0','0','0');
INSERT INTO `profil_menu` (`IDPROFIL`, `IDMENU`, `VISIBLE`, `AJOUT`, `MODIF`, `SUPPR`, `ANNUL`, `VALID`) VALUES ('GEST', 'bds_dec','1','1','1','1','0','1');
INSERT INTO `profil_menu` (`IDPROFIL`, `IDMENU`, `VISIBLE`, `AJOUT`, `MODIF`, `SUPPR`, `ANNUL`, `VALID`) VALUES ('GEST', 'bds_rep','1','1','1','1','0','1');
INSERT INTO `profil_menu` (`IDPROFIL`, `IDMENU`, `VISIBLE`, `AJOUT`, `MODIF`, `SUPPR`, `ANNUL`, `VALID`) VALUES ('GEST', 'bds_trf','0','0','0','0','0','0');
INSERT INTO `profil_menu` (`IDPROFIL`, `IDMENU`, `VISIBLE`, `AJOUT`, `MODIF`, `SUPPR`, `ANNUL`, `VALID`) VALUES ('GEST', 'data','0','0','0','0','0','0');
INSERT INTO `profil_menu` (`IDPROFIL`, `IDMENU`, `VISIBLE`, `AJOUT`, `MODIF`, `SUPPR`, `ANNUL`, `VALID`) VALUES ('GEST', 'data_exp','0','0','0','0','0','0');
INSERT INTO `profil_menu` (`IDPROFIL`, `IDMENU`, `VISIBLE`, `AJOUT`, `MODIF`, `SUPPR`, `ANNUL`, `VALID`) VALUES ('GEST', 'data_imp','0','0','0','0','0','0');
INSERT INTO `profil_menu` (`IDPROFIL`, `IDMENU`, `VISIBLE`, `AJOUT`, `MODIF`, `SUPPR`, `ANNUL`, `VALID`) VALUES ('GEST', 'data_vid','0','0','0','0','0','0');
INSERT INTO `profil_menu` (`IDPROFIL`, `IDMENU`, `VISIBLE`, `AJOUT`, `MODIF`, `SUPPR`, `ANNUL`, `VALID`) VALUES ('GEST', 'int','1','1','1','1','0','1');
INSERT INTO `profil_menu` (`IDPROFIL`, `IDMENU`, `VISIBLE`, `AJOUT`, `MODIF`, `SUPPR`, `ANNUL`, `VALID`) VALUES ('GEST', 'int_int','1','1','1','1','0','1');
INSERT INTO `profil_menu` (`IDPROFIL`, `IDMENU`, `VISIBLE`, `AJOUT`, `MODIF`, `SUPPR`, `ANNUL`, `VALID`) VALUES ('GEST', 'int_jou','1','1','1','1','0','1');
INSERT INTO `profil_menu` (`IDPROFIL`, `IDMENU`, `VISIBLE`, `AJOUT`, `MODIF`, `SUPPR`, `ANNUL`, `VALID`) VALUES ('GEST', 'int_pcd','0','0','0','0','0','0');
INSERT INTO `profil_menu` (`IDPROFIL`, `IDMENU`, `VISIBLE`, `AJOUT`, `MODIF`, `SUPPR`, `ANNUL`, `VALID`) VALUES ('GEST', 'int_stl','0','0','0','0','0','0');
INSERT INTO `profil_menu` (`IDPROFIL`, `IDMENU`, `VISIBLE`, `AJOUT`, `MODIF`, `SUPPR`, `ANNUL`, `VALID`) VALUES ('GEST', 'int_sto','1','1','1','1','0','1');
INSERT INTO `profil_menu` (`IDPROFIL`, `IDMENU`, `VISIBLE`, `AJOUT`, `MODIF`, `SUPPR`, `ANNUL`, `VALID`) VALUES ('GEST', 'par','1','1','1','1','0','1');
INSERT INTO `profil_menu` (`IDPROFIL`, `IDMENU`, `VISIBLE`, `AJOUT`, `MODIF`, `SUPPR`, `ANNUL`, `VALID`) VALUES ('GEST', 'par_aff','1','1','1','1','0','1');
INSERT INTO `profil_menu` (`IDPROFIL`, `IDMENU`, `VISIBLE`, `AJOUT`, `MODIF`, `SUPPR`, `ANNUL`, `VALID`) VALUES ('GEST', 'par_ben','1','1','1','1','1','1');
INSERT INTO `profil_menu` (`IDPROFIL`, `IDMENU`, `VISIBLE`, `AJOUT`, `MODIF`, `SUPPR`, `ANNUL`, `VALID`) VALUES ('GEST', 'par_bud','1','1','1','1','0','1');
INSERT INTO `profil_menu` (`IDPROFIL`, `IDMENU`, `VISIBLE`, `AJOUT`, `MODIF`, `SUPPR`, `ANNUL`, `VALID`) VALUES ('GEST', 'par_cat','1','1','1','1','0','1');
INSERT INTO `profil_menu` (`IDPROFIL`, `IDMENU`, `VISIBLE`, `AJOUT`, `MODIF`, `SUPPR`, `ANNUL`, `VALID`) VALUES ('GEST', 'par_fou','1','1','1','1','0','1');
INSERT INTO `profil_menu` (`IDPROFIL`, `IDMENU`, `VISIBLE`, `AJOUT`, `MODIF`, `SUPPR`, `ANNUL`, `VALID`) VALUES ('GEST', 'par_gen','1','1','1','1','0','1');
INSERT INTO `profil_menu` (`IDPROFIL`, `IDMENU`, `VISIBLE`, `AJOUT`, `MODIF`, `SUPPR`, `ANNUL`, `VALID`) VALUES ('GEST', 'par_grp','0','0','0','0','0','0');
INSERT INTO `profil_menu` (`IDPROFIL`, `IDMENU`, `VISIBLE`, `AJOUT`, `MODIF`, `SUPPR`, `ANNUL`, `VALID`) VALUES ('GEST', 'par_log','0','0','0','0','0','0');
INSERT INTO `profil_menu` (`IDPROFIL`, `IDMENU`, `VISIBLE`, `AJOUT`, `MODIF`, `SUPPR`, `ANNUL`, `VALID`) VALUES ('GEST', 'par_mag','0','0','0','0','0','0');
INSERT INTO `profil_menu` (`IDPROFIL`, `IDMENU`, `VISIBLE`, `AJOUT`, `MODIF`, `SUPPR`, `ANNUL`, `VALID`) VALUES ('GEST', 'par_men','0','0','0','0','0','0');
INSERT INTO `profil_menu` (`IDPROFIL`, `IDMENU`, `VISIBLE`, `AJOUT`, `MODIF`, `SUPPR`, `ANNUL`, `VALID`) VALUES ('GEST', 'par_ndcl','0','0','0','0','0','0');
INSERT INTO `profil_menu` (`IDPROFIL`, `IDMENU`, `VISIBLE`, `AJOUT`, `MODIF`, `SUPPR`, `ANNUL`, `VALID`) VALUES ('GEST', 'par_per','0','0','0','0','0','0');
INSERT INTO `profil_menu` (`IDPROFIL`, `IDMENU`, `VISIBLE`, `AJOUT`, `MODIF`, `SUPPR`, `ANNUL`, `VALID`) VALUES ('GEST', 'par_prd','0','0','0','0','0','0');
INSERT INTO `profil_menu` (`IDPROFIL`, `IDMENU`, `VISIBLE`, `AJOUT`, `MODIF`, `SUPPR`, `ANNUL`, `VALID`) VALUES ('GEST', 'par_prv','0','0','0','0','0','0');
INSERT INTO `profil_menu` (`IDPROFIL`, `IDMENU`, `VISIBLE`, `AJOUT`, `MODIF`, `SUPPR`, `ANNUL`, `VALID`) VALUES ('GEST', 'par_reg','0','0','0','0','0','0');
INSERT INTO `profil_menu` (`IDPROFIL`, `IDMENU`, `VISIBLE`, `AJOUT`, `MODIF`, `SUPPR`, `ANNUL`, `VALID`) VALUES ('GEST', 'par_sscat','0','0','0','0','0','0');
INSERT INTO `profil_menu` (`IDPROFIL`, `IDMENU`, `VISIBLE`, `AJOUT`, `MODIF`, `SUPPR`, `ANNUL`, `VALID`) VALUES ('GEST', 'par_ssg','0','0','0','0','0','0');
INSERT INTO `profil_menu` (`IDPROFIL`, `IDMENU`, `VISIBLE`, `AJOUT`, `MODIF`, `SUPPR`, `ANNUL`, `VALID`) VALUES ('GEST', 'par_tfr','0','0','0','0','0','0');
INSERT INTO `profil_menu` (`IDPROFIL`, `IDMENU`, `VISIBLE`, `AJOUT`, `MODIF`, `SUPPR`, `ANNUL`, `VALID`) VALUES ('GEST', 'par_tse','0','0','0','0','0','0');
INSERT INTO `profil_menu` (`IDPROFIL`, `IDMENU`, `VISIBLE`, `AJOUT`, `MODIF`, `SUPPR`, `ANNUL`, `VALID`) VALUES ('GEST', 'par_uni','0','0','0','0','0','0');
INSERT INTO `profil_menu` (`IDPROFIL`, `IDMENU`, `VISIBLE`, `AJOUT`, `MODIF`, `SUPPR`, `ANNUL`, `VALID`) VALUES ('GEST', 'par_uti','0','0','0','0','0','0');
INSERT INTO `profil_menu` (`IDPROFIL`, `IDMENU`, `VISIBLE`, `AJOUT`, `MODIF`, `SUPPR`, `ANNUL`, `VALID`) VALUES ('GEST', 'rap','0','0','0','0','0','0');
INSERT INTO `profil_menu` (`IDPROFIL`, `IDMENU`, `VISIBLE`, `AJOUT`, `MODIF`, `SUPPR`, `ANNUL`, `VALID`) VALUES ('GEST', 'rap_cons','0','0','0','0','0','0');
INSERT INTO `profil_menu` (`IDPROFIL`, `IDMENU`, `VISIBLE`, `AJOUT`, `MODIF`, `SUPPR`, `ANNUL`, `VALID`) VALUES ('GEST', 'rap_dec','0','0','0','0','0','0');
INSERT INTO `profil_menu` (`IDPROFIL`, `IDMENU`, `VISIBLE`, `AJOUT`, `MODIF`, `SUPPR`, `ANNUL`, `VALID`) VALUES ('GEST', 'rap_din','0','0','0','0','0','0');
INSERT INTO `profil_menu` (`IDPROFIL`, `IDMENU`, `VISIBLE`, `AJOUT`, `MODIF`, `SUPPR`, `ANNUL`, `VALID`) VALUES ('GEST', 'rap_fprd','0','0','0','0','0','0');
INSERT INTO `profil_menu` (`IDPROFIL`, `IDMENU`, `VISIBLE`, `AJOUT`, `MODIF`, `SUPPR`, `ANNUL`, `VALID`) VALUES ('GEST', 'rap_mde','0','0','0','0','0','0');
INSERT INTO `profil_menu` (`IDPROFIL`, `IDMENU`, `VISIBLE`, `AJOUT`, `MODIF`, `SUPPR`, `ANNUL`, `VALID`) VALUES ('GEST', 'rap_men','0','0','0','0','0','0');
INSERT INTO `profil_menu` (`IDPROFIL`, `IDMENU`, `VISIBLE`, `AJOUT`, `MODIF`, `SUPPR`, `ANNUL`, `VALID`) VALUES ('GEST', 'rap_mfr','0','0','0','0','0','0');
INSERT INTO `profil_menu` (`IDPROFIL`, `IDMENU`, `VISIBLE`, `AJOUT`, `MODIF`, `SUPPR`, `ANNUL`, `VALID`) VALUES ('GEST', 'rap_mst','0','0','0','0','0','0');
INSERT INTO `profil_menu` (`IDPROFIL`, `IDMENU`, `VISIBLE`, `AJOUT`, `MODIF`, `SUPPR`, `ANNUL`, `VALID`) VALUES ('GEST', 'rap_pac','0','0','0','0','0','0');
INSERT INTO `profil_menu` (`IDPROFIL`, `IDMENU`, `VISIBLE`, `AJOUT`, `MODIF`, `SUPPR`, `ANNUL`, `VALID`) VALUES ('GEST', 'rap_ppe','0','0','0','0','0','0');
INSERT INTO `profil_menu` (`IDPROFIL`, `IDMENU`, `VISIBLE`, `AJOUT`, `MODIF`, `SUPPR`, `ANNUL`, `VALID`) VALUES ('GEST', 'rap_prdp','0','0','0','0','0','0');
INSERT INTO `profil_menu` (`IDPROFIL`, `IDMENU`, `VISIBLE`, `AJOUT`, `MODIF`, `SUPPR`, `ANNUL`, `VALID`) VALUES ('GEST', 'rap_rds','0','0','0','0','0','0');
INSERT INTO `profil_menu` (`IDPROFIL`, `IDMENU`, `VISIBLE`, `AJOUT`, `MODIF`, `SUPPR`, `ANNUL`, `VALID`) VALUES ('GEST', 'rap_rst','0','0','0','0','0','0');
INSERT INTO `profil_menu` (`IDPROFIL`, `IDMENU`, `VISIBLE`, `AJOUT`, `MODIF`, `SUPPR`, `ANNUL`, `VALID`) VALUES ('GEST', 'rap_sin','0','0','0','0','0','0');
INSERT INTO `profil_menu` (`IDPROFIL`, `IDMENU`, `VISIBLE`, `AJOUT`, `MODIF`, `SUPPR`, `ANNUL`, `VALID`) VALUES ('GEST', 'rap_sssm','0','0','0','0','0','0');
INSERT INTO `profil_menu` (`IDPROFIL`, `IDMENU`, `VISIBLE`, `AJOUT`, `MODIF`, `SUPPR`, `ANNUL`, `VALID`) VALUES ('GEST', 'rap_sta','0','0','0','0','0','0');
INSERT INTO `profil_menu` (`IDPROFIL`, `IDMENU`, `VISIBLE`, `AJOUT`, `MODIF`, `SUPPR`, `ANNUL`, `VALID`) VALUES ('GEST', 'rap_tri','0','0','0','0','0','0');
INSERT INTO `profil_menu` (`IDPROFIL`, `IDMENU`, `VISIBLE`, `AJOUT`, `MODIF`, `SUPPR`, `ANNUL`, `VALID`) VALUES ('MAG', 'aid','1','0','0','0','0','0');
INSERT INTO `profil_menu` (`IDPROFIL`, `IDMENU`, `VISIBLE`, `AJOUT`, `MODIF`, `SUPPR`, `ANNUL`, `VALID`) VALUES ('MAG', 'bde','1','1','1','1','1','1');
INSERT INTO `profil_menu` (`IDPROFIL`, `IDMENU`, `VISIBLE`, `AJOUT`, `MODIF`, `SUPPR`, `ANNUL`, `VALID`) VALUES ('MAG', 'bde_cde','1','1','1','0','0','0');
INSERT INTO `profil_menu` (`IDPROFIL`, `IDMENU`, `VISIBLE`, `AJOUT`, `MODIF`, `SUPPR`, `ANNUL`, `VALID`) VALUES ('MAG', 'bde_liv','0','0','0','0','0','0');
INSERT INTO `profil_menu` (`IDPROFIL`, `IDMENU`, `VISIBLE`, `AJOUT`, `MODIF`, `SUPPR`, `ANNUL`, `VALID`) VALUES ('MAG', 'bds','1','1','1','1','0','0');
INSERT INTO `profil_menu` (`IDPROFIL`, `IDMENU`, `VISIBLE`, `AJOUT`, `MODIF`, `SUPPR`, `ANNUL`, `VALID`) VALUES ('MAG', 'bds_bds','0','0','0','0','0','0');
INSERT INTO `profil_menu` (`IDPROFIL`, `IDMENU`, `VISIBLE`, `AJOUT`, `MODIF`, `SUPPR`, `ANNUL`, `VALID`) VALUES ('MAG', 'bds_dec','0','0','0','0','0','0');
INSERT INTO `profil_menu` (`IDPROFIL`, `IDMENU`, `VISIBLE`, `AJOUT`, `MODIF`, `SUPPR`, `ANNUL`, `VALID`) VALUES ('MAG', 'bds_rep','0','0','0','0','0','0');
INSERT INTO `profil_menu` (`IDPROFIL`, `IDMENU`, `VISIBLE`, `AJOUT`, `MODIF`, `SUPPR`, `ANNUL`, `VALID`) VALUES ('MAG', 'bds_trf','0','0','0','0','0','0');
INSERT INTO `profil_menu` (`IDPROFIL`, `IDMENU`, `VISIBLE`, `AJOUT`, `MODIF`, `SUPPR`, `ANNUL`, `VALID`) VALUES ('MAG', 'data','0','0','0','0','0','0');
INSERT INTO `profil_menu` (`IDPROFIL`, `IDMENU`, `VISIBLE`, `AJOUT`, `MODIF`, `SUPPR`, `ANNUL`, `VALID`) VALUES ('MAG', 'data_exp','0','0','0','0','0','0');
INSERT INTO `profil_menu` (`IDPROFIL`, `IDMENU`, `VISIBLE`, `AJOUT`, `MODIF`, `SUPPR`, `ANNUL`, `VALID`) VALUES ('MAG', 'data_imp','0','0','0','0','0','0');
INSERT INTO `profil_menu` (`IDPROFIL`, `IDMENU`, `VISIBLE`, `AJOUT`, `MODIF`, `SUPPR`, `ANNUL`, `VALID`) VALUES ('MAG', 'data_vid','0','0','0','0','0','0');
INSERT INTO `profil_menu` (`IDPROFIL`, `IDMENU`, `VISIBLE`, `AJOUT`, `MODIF`, `SUPPR`, `ANNUL`, `VALID`) VALUES ('MAG', 'int','0','0','0','0','0','0');
INSERT INTO `profil_menu` (`IDPROFIL`, `IDMENU`, `VISIBLE`, `AJOUT`, `MODIF`, `SUPPR`, `ANNUL`, `VALID`) VALUES ('MAG', 'int_int','0','0','0','0','0','0');
INSERT INTO `profil_menu` (`IDPROFIL`, `IDMENU`, `VISIBLE`, `AJOUT`, `MODIF`, `SUPPR`, `ANNUL`, `VALID`) VALUES ('MAG', 'int_jou','0','0','0','0','0','0');
INSERT INTO `profil_menu` (`IDPROFIL`, `IDMENU`, `VISIBLE`, `AJOUT`, `MODIF`, `SUPPR`, `ANNUL`, `VALID`) VALUES ('MAG', 'int_pcd','0','0','0','0','0','0');
INSERT INTO `profil_menu` (`IDPROFIL`, `IDMENU`, `VISIBLE`, `AJOUT`, `MODIF`, `SUPPR`, `ANNUL`, `VALID`) VALUES ('MAG', 'int_stl','0','0','0','0','0','0');
INSERT INTO `profil_menu` (`IDPROFIL`, `IDMENU`, `VISIBLE`, `AJOUT`, `MODIF`, `SUPPR`, `ANNUL`, `VALID`) VALUES ('MAG', 'int_sto','0','0','0','0','0','0');
INSERT INTO `profil_menu` (`IDPROFIL`, `IDMENU`, `VISIBLE`, `AJOUT`, `MODIF`, `SUPPR`, `ANNUL`, `VALID`) VALUES ('MAG', 'par','0','0','0','0','0','0');
INSERT INTO `profil_menu` (`IDPROFIL`, `IDMENU`, `VISIBLE`, `AJOUT`, `MODIF`, `SUPPR`, `ANNUL`, `VALID`) VALUES ('MAG', 'par_aff','0','0','0','0','0','0');
INSERT INTO `profil_menu` (`IDPROFIL`, `IDMENU`, `VISIBLE`, `AJOUT`, `MODIF`, `SUPPR`, `ANNUL`, `VALID`) VALUES ('MAG', 'par_ben','0','0','0','0','0','0');
INSERT INTO `profil_menu` (`IDPROFIL`, `IDMENU`, `VISIBLE`, `AJOUT`, `MODIF`, `SUPPR`, `ANNUL`, `VALID`) VALUES ('MAG', 'par_bud','0','0','0','0','0','0');
INSERT INTO `profil_menu` (`IDPROFIL`, `IDMENU`, `VISIBLE`, `AJOUT`, `MODIF`, `SUPPR`, `ANNUL`, `VALID`) VALUES ('MAG', 'par_cat','0','0','0','0','0','0');
INSERT INTO `profil_menu` (`IDPROFIL`, `IDMENU`, `VISIBLE`, `AJOUT`, `MODIF`, `SUPPR`, `ANNUL`, `VALID`) VALUES ('MAG', 'par_fou','0','0','0','0','0','0');
INSERT INTO `profil_menu` (`IDPROFIL`, `IDMENU`, `VISIBLE`, `AJOUT`, `MODIF`, `SUPPR`, `ANNUL`, `VALID`) VALUES ('MAG', 'par_gen','0','0','0','0','0','0');
INSERT INTO `profil_menu` (`IDPROFIL`, `IDMENU`, `VISIBLE`, `AJOUT`, `MODIF`, `SUPPR`, `ANNUL`, `VALID`) VALUES ('MAG', 'par_grp','0','0','0','0','0','0');
INSERT INTO `profil_menu` (`IDPROFIL`, `IDMENU`, `VISIBLE`, `AJOUT`, `MODIF`, `SUPPR`, `ANNUL`, `VALID`) VALUES ('MAG', 'par_log','0','0','0','0','0','0');
INSERT INTO `profil_menu` (`IDPROFIL`, `IDMENU`, `VISIBLE`, `AJOUT`, `MODIF`, `SUPPR`, `ANNUL`, `VALID`) VALUES ('MAG', 'par_mag','0','0','0','0','0','0');
INSERT INTO `profil_menu` (`IDPROFIL`, `IDMENU`, `VISIBLE`, `AJOUT`, `MODIF`, `SUPPR`, `ANNUL`, `VALID`) VALUES ('MAG', 'par_men','0','0','0','0','0','0');
INSERT INTO `profil_menu` (`IDPROFIL`, `IDMENU`, `VISIBLE`, `AJOUT`, `MODIF`, `SUPPR`, `ANNUL`, `VALID`) VALUES ('MAG', 'par_ndcl','0','0','0','0','0','0');
INSERT INTO `profil_menu` (`IDPROFIL`, `IDMENU`, `VISIBLE`, `AJOUT`, `MODIF`, `SUPPR`, `ANNUL`, `VALID`) VALUES ('MAG', 'par_per','0','0','0','0','0','0');
INSERT INTO `profil_menu` (`IDPROFIL`, `IDMENU`, `VISIBLE`, `AJOUT`, `MODIF`, `SUPPR`, `ANNUL`, `VALID`) VALUES ('MAG', 'par_prd','0','0','0','0','0','0');
INSERT INTO `profil_menu` (`IDPROFIL`, `IDMENU`, `VISIBLE`, `AJOUT`, `MODIF`, `SUPPR`, `ANNUL`, `VALID`) VALUES ('MAG', 'par_prv','0','0','0','0','0','0');
INSERT INTO `profil_menu` (`IDPROFIL`, `IDMENU`, `VISIBLE`, `AJOUT`, `MODIF`, `SUPPR`, `ANNUL`, `VALID`) VALUES ('MAG', 'par_reg','0','0','0','0','0','0');
INSERT INTO `profil_menu` (`IDPROFIL`, `IDMENU`, `VISIBLE`, `AJOUT`, `MODIF`, `SUPPR`, `ANNUL`, `VALID`) VALUES ('MAG', 'par_sscat','0','0','0','0','0','0');
INSERT INTO `profil_menu` (`IDPROFIL`, `IDMENU`, `VISIBLE`, `AJOUT`, `MODIF`, `SUPPR`, `ANNUL`, `VALID`) VALUES ('MAG', 'par_ssg','0','0','0','0','0','0');
INSERT INTO `profil_menu` (`IDPROFIL`, `IDMENU`, `VISIBLE`, `AJOUT`, `MODIF`, `SUPPR`, `ANNUL`, `VALID`) VALUES ('MAG', 'par_tfr','0','0','0','0','0','0');
INSERT INTO `profil_menu` (`IDPROFIL`, `IDMENU`, `VISIBLE`, `AJOUT`, `MODIF`, `SUPPR`, `ANNUL`, `VALID`) VALUES ('MAG', 'par_tse','0','0','0','0','0','0');
INSERT INTO `profil_menu` (`IDPROFIL`, `IDMENU`, `VISIBLE`, `AJOUT`, `MODIF`, `SUPPR`, `ANNUL`, `VALID`) VALUES ('MAG', 'par_uni','0','0','0','0','0','0');
INSERT INTO `profil_menu` (`IDPROFIL`, `IDMENU`, `VISIBLE`, `AJOUT`, `MODIF`, `SUPPR`, `ANNUL`, `VALID`) VALUES ('MAG', 'par_uti','0','0','0','0','0','0');
INSERT INTO `profil_menu` (`IDPROFIL`, `IDMENU`, `VISIBLE`, `AJOUT`, `MODIF`, `SUPPR`, `ANNUL`, `VALID`) VALUES ('MAG', 'rap','0','0','0','0','0','0');
INSERT INTO `profil_menu` (`IDPROFIL`, `IDMENU`, `VISIBLE`, `AJOUT`, `MODIF`, `SUPPR`, `ANNUL`, `VALID`) VALUES ('MAG', 'rap_cons','0','0','0','0','0','0');
INSERT INTO `profil_menu` (`IDPROFIL`, `IDMENU`, `VISIBLE`, `AJOUT`, `MODIF`, `SUPPR`, `ANNUL`, `VALID`) VALUES ('MAG', 'rap_dec','0','0','0','0','0','0');
INSERT INTO `profil_menu` (`IDPROFIL`, `IDMENU`, `VISIBLE`, `AJOUT`, `MODIF`, `SUPPR`, `ANNUL`, `VALID`) VALUES ('MAG', 'rap_din','0','0','0','0','0','0');
INSERT INTO `profil_menu` (`IDPROFIL`, `IDMENU`, `VISIBLE`, `AJOUT`, `MODIF`, `SUPPR`, `ANNUL`, `VALID`) VALUES ('MAG', 'rap_fprd','0','0','0','0','0','0');
INSERT INTO `profil_menu` (`IDPROFIL`, `IDMENU`, `VISIBLE`, `AJOUT`, `MODIF`, `SUPPR`, `ANNUL`, `VALID`) VALUES ('MAG', 'rap_mde','0','0','0','0','0','0');
INSERT INTO `profil_menu` (`IDPROFIL`, `IDMENU`, `VISIBLE`, `AJOUT`, `MODIF`, `SUPPR`, `ANNUL`, `VALID`) VALUES ('MAG', 'rap_men','0','0','0','0','0','0');
INSERT INTO `profil_menu` (`IDPROFIL`, `IDMENU`, `VISIBLE`, `AJOUT`, `MODIF`, `SUPPR`, `ANNUL`, `VALID`) VALUES ('MAG', 'rap_mfr','0','0','0','0','0','0');
INSERT INTO `profil_menu` (`IDPROFIL`, `IDMENU`, `VISIBLE`, `AJOUT`, `MODIF`, `SUPPR`, `ANNUL`, `VALID`) VALUES ('MAG', 'rap_mst','0','0','0','0','0','0');
INSERT INTO `profil_menu` (`IDPROFIL`, `IDMENU`, `VISIBLE`, `AJOUT`, `MODIF`, `SUPPR`, `ANNUL`, `VALID`) VALUES ('MAG', 'rap_pac','0','0','0','0','0','0');
INSERT INTO `profil_menu` (`IDPROFIL`, `IDMENU`, `VISIBLE`, `AJOUT`, `MODIF`, `SUPPR`, `ANNUL`, `VALID`) VALUES ('MAG', 'rap_ppe','0','0','0','0','0','0');
INSERT INTO `profil_menu` (`IDPROFIL`, `IDMENU`, `VISIBLE`, `AJOUT`, `MODIF`, `SUPPR`, `ANNUL`, `VALID`) VALUES ('MAG', 'rap_prdp','0','0','0','0','0','0');
INSERT INTO `profil_menu` (`IDPROFIL`, `IDMENU`, `VISIBLE`, `AJOUT`, `MODIF`, `SUPPR`, `ANNUL`, `VALID`) VALUES ('MAG', 'rap_rds','0','0','0','0','0','0');
INSERT INTO `profil_menu` (`IDPROFIL`, `IDMENU`, `VISIBLE`, `AJOUT`, `MODIF`, `SUPPR`, `ANNUL`, `VALID`) VALUES ('MAG', 'rap_rst','0','0','0','0','0','0');
INSERT INTO `profil_menu` (`IDPROFIL`, `IDMENU`, `VISIBLE`, `AJOUT`, `MODIF`, `SUPPR`, `ANNUL`, `VALID`) VALUES ('MAG', 'rap_sin','0','0','0','0','0','0');
INSERT INTO `profil_menu` (`IDPROFIL`, `IDMENU`, `VISIBLE`, `AJOUT`, `MODIF`, `SUPPR`, `ANNUL`, `VALID`) VALUES ('MAG', 'rap_sssm','0','0','0','0','0','0');
INSERT INTO `profil_menu` (`IDPROFIL`, `IDMENU`, `VISIBLE`, `AJOUT`, `MODIF`, `SUPPR`, `ANNUL`, `VALID`) VALUES ('MAG', 'rap_sta','0','0','0','0','0','0');
INSERT INTO `profil_menu` (`IDPROFIL`, `IDMENU`, `VISIBLE`, `AJOUT`, `MODIF`, `SUPPR`, `ANNUL`, `VALID`) VALUES ('MAG', 'rap_tri','0','0','0','0','0','0');
INSERT INTO `personnel` (`NUM_MLLE`, `CODE_MAGASIN`, `PERS_NOM`, `PERS_PRENOMS`, `PERS_TEL`,`PERS_ADRESSE`, `PERS_EMAIL`, `PERS_FONCTION`) VALUES  ('0345Y','99999','M.', 	'XXXXXX',	'XXXXXX','Ouaga', 'x@yahoo.fr','Développeur de logiciels');
INSERT INTO `personnel` (`NUM_MLLE`, `CODE_MAGASIN`, `PERS_NOM`, `PERS_PRENOMS`, `PERS_TEL`,`PERS_ADRESSE`, `PERS_EMAIL`, `PERS_FONCTION`) VALUES  ('228','0101','KOUDOUGOU', 	'Joachim Germain',	'00226 72 94 55 26','', 'koudougou24@yahoo.fr','PHARMACIEN');
INSERT INTO `compte` (`LOGIN`, `NUM_MLLE`, `IDPROFIL`, `PWD`, `ACTIVATED`) VALUES ('JKoudougou',	'228','ADMIN','1c20d551bc00121e70325c79e1ddafe3','1');
INSERT INTO `compte` (`LOGIN`, `NUM_MLLE`, `IDPROFIL`, `PWD`, `ACTIVATED`) VALUES ('root',	'0345Y','DEVEL','63a9f0ea7bb98050796b649e85481845','1');
INSERT INTO `commande` (`CODE_COMMANDE`, `CODE_FOUR`, `CODE_MAGASIN`, `ID_EXERCICE`, `REF_COMMANDE`,`ID_COMMANDE`, `CDE_LIBELLE`, `CDE_DATE`, `CDE_STATUT`, `CDE_DATEVALID`) VALUES ('1/0101','0101','0101','2015','N°1', '1', 'COMMANDE MENSUELLE',	'2015-01-01', '1', '2015-07-04 14:30:56');
INSERT INTO `prd_cde` (`CODE_COMMANDE`, `CODE_PRODUIT`, `CODE_MAGASIN`, `CDEPRD_QTE`, `CDEPRD_PRIX`,`CDEPRD_UNITE`, `CDEPRD_PA`) VALUES ('1/0101','0101','0101', '12000', NULL, 'U', '2');
INSERT INTO `prd_cde` (`CODE_COMMANDE`, `CODE_PRODUIT`, `CODE_MAGASIN`, `CDEPRD_QTE`, `CDEPRD_PRIX`,`CDEPRD_UNITE`, `CDEPRD_PA`) VALUES ('1/0101','0102','0101', '6000', NULL, 'U', '4');
INSERT INTO `prd_cde` (`CODE_COMMANDE`, `CODE_PRODUIT`, `CODE_MAGASIN`, `CDEPRD_QTE`, `CDEPRD_PRIX`,`CDEPRD_UNITE`, `CDEPRD_PA`) VALUES ('1/0101','0103','0101', '2000', NULL, 'PQT', '20');
INSERT INTO `prd_cde` (`CODE_COMMANDE`, `CODE_PRODUIT`, `CODE_MAGASIN`, `CDEPRD_QTE`, `CDEPRD_PRIX`,`CDEPRD_UNITE`, `CDEPRD_PA`) VALUES ('1/0101','0104','0101', '1000', NULL, 'U', '5');
INSERT INTO `prd_cde` (`CODE_COMMANDE`, `CODE_PRODUIT`, `CODE_MAGASIN`, `CDEPRD_QTE`, `CDEPRD_PRIX`,`CDEPRD_UNITE`, `CDEPRD_PA`) VALUES ('1/0101','0105','0101', '3000', NULL, 'FLC', '200');
INSERT INTO livraison ( CODE_LIVRAISON, CODE_COMMANDE, CODE_FOUR, CODE_MAGASIN, ID_EXERCICE, REF_LIVRAISON, ID_LIVRAISON, LVR_LIBELLE, LVR_DATE, LVR_VALIDE, LVR_DATEVALID )	VALUES ('1/0101', '1/0101', '0101', '0101', '2015', 'N°1', '1', 'RECEPTION COMMANDE N°1', '2015-01-06', '1', '2015-07-04 14:41:19');
INSERT INTO livraison ( CODE_LIVRAISON, CODE_COMMANDE, CODE_FOUR, CODE_MAGASIN, ID_EXERCICE, REF_LIVRAISON, ID_LIVRAISON, LVR_LIBELLE, LVR_DATE, LVR_VALIDE, LVR_DATEVALID )	VALUES ('2/0101', '1/0101', '0101', '0101', '2015', 'complementaire commande N°1', '2', 'Livraison complémentaire de la commande N°1', '2015-01-15', '1', '2015-07-04 14:46:57');
INSERT INTO `detlivraison` (`CODE_DETLIVRAISON`, `CODE_PRODUIT`, `CODE_LIVRAISON`, `ID_DETLIVRAISON`, `LVR_PRDQTE`,`LVR_PRDRECU`, `LVR_QTESORTIE`,`LVR_UNITE`, `LVR_IDCOMMANDE`, `LVR_MAGASIN`, `LVR_PA`, `LVR_PR`, `LVRLOT_VALID`, `LVRLOT_DATEVALID`, `LVR_REFLOT`, `LVR_DATEPEREMP`, `LVR_MONLOT`, `CODE_MAGASIN`) VALUES ('1/0101','0101','1/0101','1', '12000','6000',NULL,'U','1/0101' ,'0101','2.00',NULL,'','','SW','2018-10-01','LOT/1/1','0101');
INSERT INTO `detlivraison` (`CODE_DETLIVRAISON`, `CODE_PRODUIT`, `CODE_LIVRAISON`, `ID_DETLIVRAISON`, `LVR_PRDQTE`,`LVR_PRDRECU`, `LVR_QTESORTIE`,`LVR_UNITE`, `LVR_IDCOMMANDE`, `LVR_MAGASIN`, `LVR_PA`, `LVR_PR`, `LVRLOT_VALID`, `LVRLOT_DATEVALID`, `LVR_REFLOT`, `LVR_DATEPEREMP`, `LVR_MONLOT`, `CODE_MAGASIN`) VALUES ('2/0101','0102','1/0101','2', '6000','4000',NULL,'U','1/0101' ,'0101','4.00',NULL,'','','203675 RH','2016-08-01','LOT/2/2','0101');
INSERT INTO `detlivraison` (`CODE_DETLIVRAISON`, `CODE_PRODUIT`, `CODE_LIVRAISON`, `ID_DETLIVRAISON`, `LVR_PRDQTE`,`LVR_PRDRECU`, `LVR_QTESORTIE`,`LVR_UNITE`, `LVR_IDCOMMANDE`, `LVR_MAGASIN`, `LVR_PA`, `LVR_PR`, `LVRLOT_VALID`, `LVRLOT_DATEVALID`, `LVR_REFLOT`, `LVR_DATEPEREMP`, `LVR_MONLOT`, `CODE_MAGASIN`) VALUES ('3/0101','0103','1/0101','3', '2000','2000',NULL,'PQT','1/0101' ,'0101','20.00',NULL,'','','NP','2017-03-01','LOT/3/3','0101');
INSERT INTO `detlivraison` (`CODE_DETLIVRAISON`, `CODE_PRODUIT`, `CODE_LIVRAISON`, `ID_DETLIVRAISON`, `LVR_PRDQTE`,`LVR_PRDRECU`, `LVR_QTESORTIE`,`LVR_UNITE`, `LVR_IDCOMMANDE`, `LVR_MAGASIN`, `LVR_PA`, `LVR_PR`, `LVRLOT_VALID`, `LVRLOT_DATEVALID`, `LVR_REFLOT`, `LVR_DATEPEREMP`, `LVR_MONLOT`, `CODE_MAGASIN`) VALUES ('4/0101','0104','1/0101','4', '1000','1000',NULL,'U','1/0101' ,'0101','5.00',NULL,'','','97856DT21','2016-09-01','LOT/4/4','0101');
INSERT INTO `detlivraison` (`CODE_DETLIVRAISON`, `CODE_PRODUIT`, `CODE_LIVRAISON`, `ID_DETLIVRAISON`, `LVR_PRDQTE`,`LVR_PRDRECU`, `LVR_QTESORTIE`,`LVR_UNITE`, `LVR_IDCOMMANDE`, `LVR_MAGASIN`, `LVR_PA`, `LVR_PR`, `LVRLOT_VALID`, `LVRLOT_DATEVALID`, `LVR_REFLOT`, `LVR_DATEPEREMP`, `LVR_MONLOT`, `CODE_MAGASIN`) VALUES ('5/0101','0105','1/0101','5', '3000','3000',NULL,'FLC','1/0101' ,'0101','200.00',NULL,'','','KJG','2015-08-01','LOT/5/5','0101');
INSERT INTO `detlivraison` (`CODE_DETLIVRAISON`, `CODE_PRODUIT`, `CODE_LIVRAISON`, `ID_DETLIVRAISON`, `LVR_PRDQTE`,`LVR_PRDRECU`, `LVR_QTESORTIE`,`LVR_UNITE`, `LVR_IDCOMMANDE`, `LVR_MAGASIN`, `LVR_PA`, `LVR_PR`, `LVRLOT_VALID`, `LVRLOT_DATEVALID`, `LVR_REFLOT`, `LVR_DATEPEREMP`, `LVR_MONLOT`, `CODE_MAGASIN`) VALUES ('6/0101','0101','1/0101','6', '0','1000',NULL,'U','1/0101' ,'0101','2.00',NULL,'','','DL','2015-06-01','LOT/6/6','0101');
INSERT INTO `detlivraison` (`CODE_DETLIVRAISON`, `CODE_PRODUIT`, `CODE_LIVRAISON`, `ID_DETLIVRAISON`, `LVR_PRDQTE`,`LVR_PRDRECU`, `LVR_QTESORTIE`,`LVR_UNITE`, `LVR_IDCOMMANDE`, `LVR_MAGASIN`, `LVR_PA`, `LVR_PR`, `LVRLOT_VALID`, `LVRLOT_DATEVALID`, `LVR_REFLOT`, `LVR_DATEPEREMP`, `LVR_MONLOT`, `CODE_MAGASIN`) VALUES ('7/0101','0101','2/0101','7', '5000','30',NULL,'U','1/0101' ,'0101','2.00',NULL,'','','SW','2017-02-01','LOT/7/1','0101');
INSERT INTO `detlivraison` (`CODE_DETLIVRAISON`, `CODE_PRODUIT`, `CODE_LIVRAISON`, `ID_DETLIVRAISON`, `LVR_PRDQTE`,`LVR_PRDRECU`, `LVR_QTESORTIE`,`LVR_UNITE`, `LVR_IDCOMMANDE`, `LVR_MAGASIN`, `LVR_PA`, `LVR_PR`, `LVRLOT_VALID`, `LVRLOT_DATEVALID`, `LVR_REFLOT`, `LVR_DATEPEREMP`, `LVR_MONLOT`, `CODE_MAGASIN`) VALUES ('8/0101','0102','2/0101','8', '2000','25',NULL,'U','1/0101' ,'0101','4.00',NULL,'','','203675 RH','2016-08-01','LOT/8/2','0101');
INSERT INTO `transfert` (`CODE_TRANSFERT`, `CODE_MAGASIN`, `ID_EXERCICE`, `REF_TRANSFERT`, `ID_TRANSFERT`,`MAG_CODE_MAGASIN_SRCE`, `MAG_CODE_MAGASIN_DEST`, `TRS_DATE`, `TRS_NATURE`, `TRS_RAISON`, `TRS_VALIDE`, `TRS_DATEVALID`, `TRS_LIBELLE`, `MAG_NP`, `MAG_CIB`, `MAG_DATE`,`PRE_NP`, `PRE_CIB`, `PRE_DATE`) VALUES ('1/0101','0101',	'2015','NÂ°1','1','0101','0102','2015-01-02' , '1','', '1','2015-07-04 14:53:48','TRANSFERT DE JANVIER','','','','','','');
INSERT INTO `transfert` (`CODE_TRANSFERT`, `CODE_MAGASIN`, `ID_EXERCICE`, `REF_TRANSFERT`, `ID_TRANSFERT`,`MAG_CODE_MAGASIN_SRCE`, `MAG_CODE_MAGASIN_DEST`, `TRS_DATE`, `TRS_NATURE`, `TRS_RAISON`, `TRS_VALIDE`, `TRS_DATEVALID`, `TRS_LIBELLE`, `MAG_NP`, `MAG_CIB`, `MAG_DATE`,`PRE_NP`, `PRE_CIB`, `PRE_DATE`) VALUES ('1/0102','0102',	'2015','NÂ°1','1','0101','0102','2015-01-02' , '2','', '1','2015-07-04 14:53:48','TRANSFERT DE JANVIER','','','','','','');
INSERT INTO `transfert` (`CODE_TRANSFERT`, `CODE_MAGASIN`, `ID_EXERCICE`, `REF_TRANSFERT`, `ID_TRANSFERT`,`MAG_CODE_MAGASIN_SRCE`, `MAG_CODE_MAGASIN_DEST`, `TRS_DATE`, `TRS_NATURE`, `TRS_RAISON`, `TRS_VALIDE`, `TRS_DATEVALID`, `TRS_LIBELLE`, `MAG_NP`, `MAG_CIB`, `MAG_DATE`,`PRE_NP`, `PRE_CIB`, `PRE_DATE`) VALUES ('1/0103','0103',	'2015','NÂ°2','1','0101','0103','2015-01-10' , '2','', '1','2015-07-04 15:06:18','TRANSFERT DE JANVIER','','','','','','');
INSERT INTO `transfert` (`CODE_TRANSFERT`, `CODE_MAGASIN`, `ID_EXERCICE`, `REF_TRANSFERT`, `ID_TRANSFERT`,`MAG_CODE_MAGASIN_SRCE`, `MAG_CODE_MAGASIN_DEST`, `TRS_DATE`, `TRS_NATURE`, `TRS_RAISON`, `TRS_VALIDE`, `TRS_DATEVALID`, `TRS_LIBELLE`, `MAG_NP`, `MAG_CIB`, `MAG_DATE`,`PRE_NP`, `PRE_CIB`, `PRE_DATE`) VALUES ('2/0101','0101',	'2015','NÂ°2','2','0101','0103','2015-01-10' , '1','', '1','2015-07-04 15:06:18','TRANSFERT DE JANVIER','','','','','','');
INSERT INTO `dettransfert` (`CODE_DETTRANSFERT`, `CODE_PRODUIT`, `CODE_TRANSFERT`, `CODE_MAGASIN`,`ID_DETTRANSFERT`, `TRS_PRDQTE`, `TRS_PRDRECU`,`TRS_UNITE`, `TRS_REFLOT`, `TRS_DATEPEREMP`, `TRS_PV`, `TRS_MONLOT`) VALUES ('1/0101',	'0101','1/0101', '0101', '1','11','11', 'U','SW','2018-10-01','4.00','LOT/1/1');
INSERT INTO `dettransfert` (`CODE_DETTRANSFERT`, `CODE_PRODUIT`, `CODE_TRANSFERT`, `CODE_MAGASIN`,`ID_DETTRANSFERT`, `TRS_PRDQTE`, `TRS_PRDRECU`,`TRS_UNITE`, `TRS_REFLOT`, `TRS_DATEPEREMP`, `TRS_PV`, `TRS_MONLOT`) VALUES ('1/0102',	'0101','1/0102', '0102', '1','11','11', 'U','SW','2018-10-01','4.00','LOT/1/1');
INSERT INTO `dettransfert` (`CODE_DETTRANSFERT`, `CODE_PRODUIT`, `CODE_TRANSFERT`, `CODE_MAGASIN`,`ID_DETTRANSFERT`, `TRS_PRDQTE`, `TRS_PRDRECU`,`TRS_UNITE`, `TRS_REFLOT`, `TRS_DATEPEREMP`, `TRS_PV`, `TRS_MONLOT`) VALUES ('1/0103',	'0101','1/0103', '0103', '1','100','100', 'U','SW','2018-10-01','4.00','LOT/1/1');
INSERT INTO `dettransfert` (`CODE_DETTRANSFERT`, `CODE_PRODUIT`, `CODE_TRANSFERT`, `CODE_MAGASIN`,`ID_DETTRANSFERT`, `TRS_PRDQTE`, `TRS_PRDRECU`,`TRS_UNITE`, `TRS_REFLOT`, `TRS_DATEPEREMP`, `TRS_PV`, `TRS_MONLOT`) VALUES ('2/0101',	'0102','1/0101', '0101', '2','130','127', 'U','203675 RH','2016-08-01','5.00','LOT/2/2');
INSERT INTO `dettransfert` (`CODE_DETTRANSFERT`, `CODE_PRODUIT`, `CODE_TRANSFERT`, `CODE_MAGASIN`,`ID_DETTRANSFERT`, `TRS_PRDQTE`, `TRS_PRDRECU`,`TRS_UNITE`, `TRS_REFLOT`, `TRS_DATEPEREMP`, `TRS_PV`, `TRS_MONLOT`) VALUES ('2/0102',	'0102','1/0102', '0102', '2','130','127', 'U','203675 RH','2016-08-01','5.00','LOT/2/2');
INSERT INTO `dettransfert` (`CODE_DETTRANSFERT`, `CODE_PRODUIT`, `CODE_TRANSFERT`, `CODE_MAGASIN`,`ID_DETTRANSFERT`, `TRS_PRDQTE`, `TRS_PRDRECU`,`TRS_UNITE`, `TRS_REFLOT`, `TRS_DATEPEREMP`, `TRS_PV`, `TRS_MONLOT`) VALUES ('2/0103',	'0102','1/0103', '0103', '2','250','127', 'U','203675 RH','2016-08-01','5.00','LOT/2/2');
INSERT INTO `dettransfert` (`CODE_DETTRANSFERT`, `CODE_PRODUIT`, `CODE_TRANSFERT`, `CODE_MAGASIN`,`ID_DETTRANSFERT`, `TRS_PRDQTE`, `TRS_PRDRECU`,`TRS_UNITE`, `TRS_REFLOT`, `TRS_DATEPEREMP`, `TRS_PV`, `TRS_MONLOT`) VALUES ('3/0101',	'0103','1/0101', '0101', '3','100','100', 'PQT','NP','2017-03-01','30.00','LOT/3/3');
INSERT INTO `dettransfert` (`CODE_DETTRANSFERT`, `CODE_PRODUIT`, `CODE_TRANSFERT`, `CODE_MAGASIN`,`ID_DETTRANSFERT`, `TRS_PRDQTE`, `TRS_PRDRECU`,`TRS_UNITE`, `TRS_REFLOT`, `TRS_DATEPEREMP`, `TRS_PV`, `TRS_MONLOT`) VALUES ('3/0102',	'0103','1/0102', '0102', '3','100','100', 'PQT','NP','2017-03-01','30.00','LOT/3/3');
INSERT INTO `dettransfert` (`CODE_DETTRANSFERT`, `CODE_PRODUIT`, `CODE_TRANSFERT`, `CODE_MAGASIN`,`ID_DETTRANSFERT`, `TRS_PRDQTE`, `TRS_PRDRECU`,`TRS_UNITE`, `TRS_REFLOT`, `TRS_DATEPEREMP`, `TRS_PV`, `TRS_MONLOT`) VALUES ('4/0101',	'0104','1/0101', '0101', '4','100','100', 'U','97856DT21','2016-09-01','7.00','LOT/4/4');
INSERT INTO `dettransfert` (`CODE_DETTRANSFERT`, `CODE_PRODUIT`, `CODE_TRANSFERT`, `CODE_MAGASIN`,`ID_DETTRANSFERT`, `TRS_PRDQTE`, `TRS_PRDRECU`,`TRS_UNITE`, `TRS_REFLOT`, `TRS_DATEPEREMP`, `TRS_PV`, `TRS_MONLOT`) VALUES ('4/0102',	'0104','1/0102', '0102', '4','100','100', 'U','97856DT21','2016-09-01','7.00','LOT/4/4');
INSERT INTO `dettransfert` (`CODE_DETTRANSFERT`, `CODE_PRODUIT`, `CODE_TRANSFERT`, `CODE_MAGASIN`,`ID_DETTRANSFERT`, `TRS_PRDQTE`, `TRS_PRDRECU`,`TRS_UNITE`, `TRS_REFLOT`, `TRS_DATEPEREMP`, `TRS_PV`, `TRS_MONLOT`) VALUES ('5/0101',	'0101','2/0101', '0101', '5','100','100', 'U','SW','2018-10-01','4.00','LOT/1/1');
INSERT INTO `dettransfert` (`CODE_DETTRANSFERT`, `CODE_PRODUIT`, `CODE_TRANSFERT`, `CODE_MAGASIN`,`ID_DETTRANSFERT`, `TRS_PRDQTE`, `TRS_PRDRECU`,`TRS_UNITE`, `TRS_REFLOT`, `TRS_DATEPEREMP`, `TRS_PV`, `TRS_MONLOT`) VALUES ('6/0101',	'0102','2/0101', '0101', '6','250','127', 'U','203675 RH','2016-08-01','5.00','LOT/2/2');
INSERT INTO `bonsortie` (`CODE_BONSORTIE`, `CODE_BENEF`, `CODE_MAGASIN`, `ID_EXERCICE`, `REF_BONSORTIE`, `ID_BONSORTIE`,`SOR_LIBELLE`, `SOR_DATE`, `SOR_VALIDE`, `SOR_DATEVALID`) VALUES ('1/0102',	'0101','0102','2015','N°1', '1', 'JANVIER 2015','2015-01-31', '1', '2015-07-05 10:16:19');
INSERT INTO `bonsortie` (`CODE_BONSORTIE`, `CODE_BENEF`, `CODE_MAGASIN`, `ID_EXERCICE`, `REF_BONSORTIE`, `ID_BONSORTIE`,`SOR_LIBELLE`, `SOR_DATE`, `SOR_VALIDE`, `SOR_DATEVALID`) VALUES ('1/0103',	'0102','0103','2015','N°2', '1', 'JANVIER 2015','2015-01-31', '1', '2015-07-05 10:25:48');
INSERT INTO `detbonsortie` (`CODE_DETBONSORTIE`, `CODE_PRODUIT`, `CODE_BONSORTIE`, `CODE_MAGASIN`, `ID_DETBONSORTIE`,`BSPRD_QTE`, `BSPRD_RECU`,`BSPRD_UNITE`, `BSPRD_REFLOT`, `BSPRD_DATEPEREMP`, `BSPRD_PV`, `BSPRD_MONLOT`) VALUES ('1/0102','0101','1/0102','0102', '1','10', '10','U','SW','2018-10-01','4.00','LOT/1/1');
INSERT INTO `detbonsortie` (`CODE_DETBONSORTIE`, `CODE_PRODUIT`, `CODE_BONSORTIE`, `CODE_MAGASIN`, `ID_DETBONSORTIE`,`BSPRD_QTE`, `BSPRD_RECU`,`BSPRD_UNITE`, `BSPRD_REFLOT`, `BSPRD_DATEPEREMP`, `BSPRD_PV`, `BSPRD_MONLOT`) VALUES ('1/0103','0101','1/0103','0103', '1','80', '80','U','SW','2018-10-01','4.00','LOT/1/1');
INSERT INTO `detbonsortie` (`CODE_DETBONSORTIE`, `CODE_PRODUIT`, `CODE_BONSORTIE`, `CODE_MAGASIN`, `ID_DETBONSORTIE`,`BSPRD_QTE`, `BSPRD_RECU`,`BSPRD_UNITE`, `BSPRD_REFLOT`, `BSPRD_DATEPEREMP`, `BSPRD_PV`, `BSPRD_MONLOT`) VALUES ('2/0102','0102','1/0102','0102', '2','125', '125','U','203675 RH','2016-08-01','10.00','LOT/2/2');
INSERT INTO `detbonsortie` (`CODE_DETBONSORTIE`, `CODE_PRODUIT`, `CODE_BONSORTIE`, `CODE_MAGASIN`, `ID_DETBONSORTIE`,`BSPRD_QTE`, `BSPRD_RECU`,`BSPRD_UNITE`, `BSPRD_REFLOT`, `BSPRD_DATEPEREMP`, `BSPRD_PV`, `BSPRD_MONLOT`) VALUES ('2/0103','0102','1/0103','0103', '2','199', '127','U','203675 RH','2016-08-01','10.00','LOT/2/2');
INSERT INTO `detbonsortie` (`CODE_DETBONSORTIE`, `CODE_PRODUIT`, `CODE_BONSORTIE`, `CODE_MAGASIN`, `ID_DETBONSORTIE`,`BSPRD_QTE`, `BSPRD_RECU`,`BSPRD_UNITE`, `BSPRD_REFLOT`, `BSPRD_DATEPEREMP`, `BSPRD_PV`, `BSPRD_MONLOT`) VALUES ('3/0102','0103','1/0102','0102', '3','83', '83','PQT','NP','2017-03-01','40.00','LOT/3/3');
INSERT INTO `detbonsortie` (`CODE_DETBONSORTIE`, `CODE_PRODUIT`, `CODE_BONSORTIE`, `CODE_MAGASIN`, `ID_DETBONSORTIE`,`BSPRD_QTE`, `BSPRD_RECU`,`BSPRD_UNITE`, `BSPRD_REFLOT`, `BSPRD_DATEPEREMP`, `BSPRD_PV`, `BSPRD_MONLOT`) VALUES ('4/0102','0104','1/0102','0102', '4','50', '50','U','97856DT21','2016-09-01','10.00','LOT/4/4');
INSERT INTO declass ( CODE_DECLASS, CODE_MAGASIN, ID_EXERCICE, CODENATDECLASS, ID_DECLASS, REF_DECLAS, DCL_DATE, DCL_LIBELLE, DCL_RAISON, DCL_REFRAPPORT, DCL_CABINET, DCL_VALIDE, DCL_DATEVALID )	VALUES ('1/0101', '0101', '2015', 'CAS', '1', 'Janvier N°1', '2015-01-31', '', '', '', '', '1', '2015-07-04 15:48:40');
INSERT INTO declass ( CODE_DECLASS, CODE_MAGASIN, ID_EXERCICE, CODENATDECLASS, ID_DECLASS, REF_DECLAS, DCL_DATE, DCL_LIBELLE, DCL_RAISON, DCL_REFRAPPORT, DCL_CABINET, DCL_VALIDE, DCL_DATEVALID )	VALUES ('1/0102', '0102', '2015', 'AVA', '1', 'PRODUITS AVARIES JANVIER 2015', '2015-01-31', '', '', '', '', '1', '2015-07-05 10:22:30');
INSERT INTO declass ( CODE_DECLASS, CODE_MAGASIN, ID_EXERCICE, CODENATDECLASS, ID_DECLASS, REF_DECLAS, DCL_DATE, DCL_LIBELLE, DCL_RAISON, DCL_REFRAPPORT, DCL_CABINET, DCL_VALIDE, DCL_DATEVALID )	VALUES ('1/0103', '0103', '2015', 'CAS', '1', 'casses de janvier 2015', '2015-01-31', '', '', '', '', '1', '2015-07-05 10:29:12');
INSERT INTO declass ( CODE_DECLASS, CODE_MAGASIN, ID_EXERCICE, CODENATDECLASS, ID_DECLASS, REF_DECLAS, DCL_DATE, DCL_LIBELLE, DCL_RAISON, DCL_REFRAPPORT, DCL_CABINET, DCL_VALIDE, DCL_DATEVALID )	VALUES ('2/0101', '0101', '2015', 'VOL', '2', 'Janvier N°2', '2015-01-31', '', '', '', '', '1', '2015-07-04 16:01:16');
INSERT INTO declass ( CODE_DECLASS, CODE_MAGASIN, ID_EXERCICE, CODENATDECLASS, ID_DECLASS, REF_DECLAS, DCL_DATE, DCL_LIBELLE, DCL_RAISON, DCL_REFRAPPORT, DCL_CABINET, DCL_VALIDE, DCL_DATEVALID )	VALUES ('2/0103', '0103', '2015', 'VOL', '2', 'vols de janvier 2015', '2015-01-31', '', '', '', '', '1', '2015-07-05 10:31:00');
INSERT INTO declass ( CODE_DECLASS, CODE_MAGASIN, ID_EXERCICE, CODENATDECLASS, ID_DECLASS, REF_DECLAS, DCL_DATE, DCL_LIBELLE, DCL_RAISON, DCL_REFRAPPORT, DCL_CABINET, DCL_VALIDE, DCL_DATEVALID )	VALUES ('3/0101', '0101', '2015', 'AVA', '3', 'PRODUITS AVARIES JANVIER', '2015-01-31', '', '', '', '', '1', '2015-07-04 16:03:20');
INSERT INTO declass ( CODE_DECLASS, CODE_MAGASIN, ID_EXERCICE, CODENATDECLASS, ID_DECLASS, REF_DECLAS, DCL_DATE, DCL_LIBELLE, DCL_RAISON, DCL_REFRAPPORT, DCL_CABINET, DCL_VALIDE, DCL_DATEVALID )	VALUES ('4/0101', '0101', '2015', 'AR', '4', 'Janvier N°4', '2015-01-31', '', '', '', '', '1', '2015-07-04 16:05:48');
INSERT INTO `detdeclass` (`CODE_DETDECLASS`, `CODE_PRODUIT`, `CODE_DECLASS`, `CODE_MAGASIN`, `ID_DETDECLASS`,`DECL_QTE`, `DECL_UNITE`,`DECL_REFLOT`, `DECL_DATEPEREMP`, `DECL_PA`, `DECL_MONLOT`) VALUES ('1/0101','0101','1/0101','0101', '1','10','U','DL','2015-06-01','4.00','LOT/6/6');
INSERT INTO `detdeclass` (`CODE_DETDECLASS`, `CODE_PRODUIT`, `CODE_DECLASS`, `CODE_MAGASIN`, `ID_DETDECLASS`,`DECL_QTE`, `DECL_UNITE`,`DECL_REFLOT`, `DECL_DATEPEREMP`, `DECL_PA`, `DECL_MONLOT`) VALUES ('1/0102','0102','1/0102','0102', '1','2','U','203675 RH','2016-08-01','10.00','LOT/2/2');
INSERT INTO `detdeclass` (`CODE_DETDECLASS`, `CODE_PRODUIT`, `CODE_DECLASS`, `CODE_MAGASIN`, `ID_DETDECLASS`,`DECL_QTE`, `DECL_UNITE`,`DECL_REFLOT`, `DECL_DATEPEREMP`, `DECL_PA`, `DECL_MONLOT`) VALUES ('1/0103','0101','1/0103','0103', '1','1','U','SW','2018-10-01','4.00','LOT/1/1');
INSERT INTO `detdeclass` (`CODE_DETDECLASS`, `CODE_PRODUIT`, `CODE_DECLASS`, `CODE_MAGASIN`, `ID_DETDECLASS`,`DECL_QTE`, `DECL_UNITE`,`DECL_REFLOT`, `DECL_DATEPEREMP`, `DECL_PA`, `DECL_MONLOT`) VALUES ('2/0101','0103','1/0101','0101', '2','10','PQT','NP','2017-03-01','40.00','LOT/3/3');
INSERT INTO `detdeclass` (`CODE_DETDECLASS`, `CODE_PRODUIT`, `CODE_DECLASS`, `CODE_MAGASIN`, `ID_DETDECLASS`,`DECL_QTE`, `DECL_UNITE`,`DECL_REFLOT`, `DECL_DATEPEREMP`, `DECL_PA`, `DECL_MONLOT`) VALUES ('2/0102','0103','1/0102','0102', '2','3','PQT','NP','2017-03-01','40.00','LOT/3/3');
INSERT INTO `detdeclass` (`CODE_DETDECLASS`, `CODE_PRODUIT`, `CODE_DECLASS`, `CODE_MAGASIN`, `ID_DETDECLASS`,`DECL_QTE`, `DECL_UNITE`,`DECL_REFLOT`, `DECL_DATEPEREMP`, `DECL_PA`, `DECL_MONLOT`) VALUES ('2/0103','0102','2/0103','0103', '2','2','U','203675 RH','2016-08-01','10.00','LOT/2/2');
INSERT INTO `detdeclass` (`CODE_DETDECLASS`, `CODE_PRODUIT`, `CODE_DECLASS`, `CODE_MAGASIN`, `ID_DETDECLASS`,`DECL_QTE`, `DECL_UNITE`,`DECL_REFLOT`, `DECL_DATEPEREMP`, `DECL_PA`, `DECL_MONLOT`) VALUES ('3/0101','0101','2/0101','0101', '3','10','U','DL','2015-06-01','4.00','LOT/6/6');
INSERT INTO `detdeclass` (`CODE_DETDECLASS`, `CODE_PRODUIT`, `CODE_DECLASS`, `CODE_MAGASIN`, `ID_DETDECLASS`,`DECL_QTE`, `DECL_UNITE`,`DECL_REFLOT`, `DECL_DATEPEREMP`, `DECL_PA`, `DECL_MONLOT`) VALUES ('3/0102','0104','1/0102','0102', '3','1','U','97856DT21','2016-09-01','10.00','LOT/4/4');
INSERT INTO `detdeclass` (`CODE_DETDECLASS`, `CODE_PRODUIT`, `CODE_DECLASS`, `CODE_MAGASIN`, `ID_DETDECLASS`,`DECL_QTE`, `DECL_UNITE`,`DECL_REFLOT`, `DECL_DATEPEREMP`, `DECL_PA`, `DECL_MONLOT`) VALUES ('4/0101','0102','2/0101','0101', '4','5','U','203675 RH','2016-08-01','10.00','LOT/2/2');
INSERT INTO `detdeclass` (`CODE_DETDECLASS`, `CODE_PRODUIT`, `CODE_DECLASS`, `CODE_MAGASIN`, `ID_DETDECLASS`,`DECL_QTE`, `DECL_UNITE`,`DECL_REFLOT`, `DECL_DATEPEREMP`, `DECL_PA`, `DECL_MONLOT`) VALUES ('4/0102','0101','1/0102','0102', '4','1','U','SW','2018-10-01','4.00','LOT/1/1');
INSERT INTO `detdeclass` (`CODE_DETDECLASS`, `CODE_PRODUIT`, `CODE_DECLASS`, `CODE_MAGASIN`, `ID_DETDECLASS`,`DECL_QTE`, `DECL_UNITE`,`DECL_REFLOT`, `DECL_DATEPEREMP`, `DECL_PA`, `DECL_MONLOT`) VALUES ('5/0101','0101','3/0101','0101', '5','5','U','SW','2017-02-01','4.00','LOT/7/1');
INSERT INTO `detdeclass` (`CODE_DETDECLASS`, `CODE_PRODUIT`, `CODE_DECLASS`, `CODE_MAGASIN`, `ID_DETDECLASS`,`DECL_QTE`, `DECL_UNITE`,`DECL_REFLOT`, `DECL_DATEPEREMP`, `DECL_PA`, `DECL_MONLOT`) VALUES ('6/0101','0102','3/0101','0101', '6','2','U','203675 RH','2016-08-01','10.00','LOT/2/2');
INSERT INTO `detdeclass` (`CODE_DETDECLASS`, `CODE_PRODUIT`, `CODE_DECLASS`, `CODE_MAGASIN`, `ID_DETDECLASS`,`DECL_QTE`, `DECL_UNITE`,`DECL_REFLOT`, `DECL_DATEPEREMP`, `DECL_PA`, `DECL_MONLOT`) VALUES ('7/0101','0101','4/0101','0101', '7','3','U','DL','2015-06-01','4.00','LOT/6/6');
INSERT INTO `detdeclass` (`CODE_DETDECLASS`, `CODE_PRODUIT`, `CODE_DECLASS`, `CODE_MAGASIN`, `ID_DETDECLASS`,`DECL_QTE`, `DECL_UNITE`,`DECL_REFLOT`, `DECL_DATEPEREMP`, `DECL_PA`, `DECL_MONLOT`) VALUES ('8/0101','0102','4/0101','0101', '8','4','U','203675 RH','2016-08-01','10.00','LOT/2/2');
INSERT INTO `inventaire` (`CODE_INVENTAIRE`, `CODE_MAGASIN`, `ID_EXERCICE`, `REF_INVENTAIRE`, `ID_INVENTAIRE`,`INV_LIBELLE`, `INV_DATE`, `INV_VALID`, `INV_DATEVALID`) VALUES ('1/0101','0101','2015','2015-07-05','2015-07-05 15:04:10');
INSERT INTO `detinventaire` (`CODE_DETINVENTAIRE`, `CODE_INVENTAIRE`, `CODE_PRODUIT`, `CODE_MAGASIN`, `ID_DETINVENTAIRE`,`STOCK_PHYSIQUE`,	`STOCK_THEO`, `ECART`, `RAISON_ECART`, `INV_PA`, `INV_UNITE`, `INV_REFLOT`, `INV_DATEPEREMP`, `INV_MONLOT`) VALUES ('1/0101','1/0101','0102','0101', '1','3000', '3634', '-634','','4.00','U', '203675 RH','0000-00-00','LOT/2/2');
INSERT INTO `detinventaire` (`CODE_DETINVENTAIRE`, `CODE_INVENTAIRE`, `CODE_PRODUIT`, `CODE_MAGASIN`, `ID_DETINVENTAIRE`,`STOCK_PHYSIQUE`,	`STOCK_THEO`, `ECART`, `RAISON_ECART`, `INV_PA`, `INV_UNITE`, `INV_REFLOT`, `INV_DATEPEREMP`, `INV_MONLOT`) VALUES ('2/0101','1/0101','0105','0101', '2','3000', '3000', '0','','200.00','FLC', 'KJG','0000-00-00','LOT/5/5');
INSERT INTO `detinventaire` (`CODE_DETINVENTAIRE`, `CODE_INVENTAIRE`, `CODE_PRODUIT`, `CODE_MAGASIN`, `ID_DETINVENTAIRE`,`STOCK_PHYSIQUE`,	`STOCK_THEO`, `ECART`, `RAISON_ECART`, `INV_PA`, `INV_UNITE`, `INV_REFLOT`, `INV_DATEPEREMP`, `INV_MONLOT`) VALUES ('3/0101','1/0101','0104','0101', '3','900', '900', '0','','5.00','U', '97856DT21','0000-00-00','LOT/4/4');
INSERT INTO `detinventaire` (`CODE_DETINVENTAIRE`, `CODE_INVENTAIRE`, `CODE_PRODUIT`, `CODE_MAGASIN`, `ID_DETINVENTAIRE`,`STOCK_PHYSIQUE`,	`STOCK_THEO`, `ECART`, `RAISON_ECART`, `INV_PA`, `INV_UNITE`, `INV_REFLOT`, `INV_DATEPEREMP`, `INV_MONLOT`) VALUES ('4/0101','1/0101','0101','0101', '4','6000', '5914', '86','','2.00','U', 'SW','0000-00-00','LOT/1/1');
INSERT INTO `detinventaire` (`CODE_DETINVENTAIRE`, `CODE_INVENTAIRE`, `CODE_PRODUIT`, `CODE_MAGASIN`, `ID_DETINVENTAIRE`,`STOCK_PHYSIQUE`,	`STOCK_THEO`, `ECART`, `RAISON_ECART`, `INV_PA`, `INV_UNITE`, `INV_REFLOT`, `INV_DATEPEREMP`, `INV_MONLOT`) VALUES ('5/0101','1/0101','0101','0101', '5','1000', '977', '23','','2.00','U', 'DL','0000-00-00','LOT/6/6');
INSERT INTO `detinventaire` (`CODE_DETINVENTAIRE`, `CODE_INVENTAIRE`, `CODE_PRODUIT`, `CODE_MAGASIN`, `ID_DETINVENTAIRE`,`STOCK_PHYSIQUE`,	`STOCK_THEO`, `ECART`, `RAISON_ECART`, `INV_PA`, `INV_UNITE`, `INV_REFLOT`, `INV_DATEPEREMP`, `INV_MONLOT`) VALUES ('6/0101','1/0101','0103','0101', '6','2000', '1890', '110','','20.00','PQT', 'NP','0000-00-00','LOT/3/3');
INSERT INTO `mouvement` (`CODE_MOUVEMENT`, `ID_EXERCICE`, `CODE_PRODUIT`, `CODE_MAGASIN`, `ID_MOUVEMENT`,`ID_SOURCE`,`MVT_DATE`, `MVT_TIME`, `MVT_QUANTITE`, `MVT_UNITE`, `MVT_NATURE`, `MVT_VALID`, `MVT_DATEVALID`,`MVT_TYPE`, `MVT_REFLOT`, `MVT_DATEPEREMP`, `MVT_PV`, `MVT_PA`, `MVT_PR`, `MVT_MONLOT`) VALUES	('1/0101', '2015', '0101','0101', '1', '1/0101','2015-01-06', '14:40:18', '6000','U', 'LIVRAISON', '1', '2015-07-04 14:41:19', 'E', 'SW','2018-10-01', NULL, '2.00',NULL, 'LOT/1/1');
INSERT INTO `mouvement` (`CODE_MOUVEMENT`, `ID_EXERCICE`, `CODE_PRODUIT`, `CODE_MAGASIN`, `ID_MOUVEMENT`,`ID_SOURCE`,`MVT_DATE`, `MVT_TIME`, `MVT_QUANTITE`, `MVT_UNITE`, `MVT_NATURE`, `MVT_VALID`, `MVT_DATEVALID`,`MVT_TYPE`, `MVT_REFLOT`, `MVT_DATEPEREMP`, `MVT_PV`, `MVT_PA`, `MVT_PR`, `MVT_MONLOT`) VALUES	('1/0102', '2015', '0101','0102', '1', '1/0102','2015-01-02', '14:53:48', '11','U', 'TRANSFERT ENTRANT', '1', '2015-07-04 14:53:48', 'E', 'SW','2018-10-01', '4.00', NULL,NULL, 'LOT/1/1');
INSERT INTO `mouvement` (`CODE_MOUVEMENT`, `ID_EXERCICE`, `CODE_PRODUIT`, `CODE_MAGASIN`, `ID_MOUVEMENT`,`ID_SOURCE`,`MVT_DATE`, `MVT_TIME`, `MVT_QUANTITE`, `MVT_UNITE`, `MVT_NATURE`, `MVT_VALID`, `MVT_DATEVALID`,`MVT_TYPE`, `MVT_REFLOT`, `MVT_DATEPEREMP`, `MVT_PV`, `MVT_PA`, `MVT_PR`, `MVT_MONLOT`) VALUES	('1/0103', '2015', '0101','0103', '1', '1/0103','2015-01-10', '15:06:18', '100','U', 'TRANSFERT ENTRANT', '1', '2015-07-04 15:06:18', 'E', 'SW','2018-10-01', '4.00', NULL,NULL, 'LOT/1/1');
INSERT INTO `mouvement` (`CODE_MOUVEMENT`, `ID_EXERCICE`, `CODE_PRODUIT`, `CODE_MAGASIN`, `ID_MOUVEMENT`,`ID_SOURCE`,`MVT_DATE`, `MVT_TIME`, `MVT_QUANTITE`, `MVT_UNITE`, `MVT_NATURE`, `MVT_VALID`, `MVT_DATEVALID`,`MVT_TYPE`, `MVT_REFLOT`, `MVT_DATEPEREMP`, `MVT_PV`, `MVT_PA`, `MVT_PR`, `MVT_MONLOT`) VALUES	('10/0101', '2015', '0102','0101', '10', '1/0101','2015-01-02', '14:53:48', '130','U', 'TRANSFERT SORTANT', '1', '2015-07-04 14:53:48', 'S', '203675 RH','2016-08-01', '5.00', NULL,NULL, 'LOT/2/2');
INSERT INTO `mouvement` (`CODE_MOUVEMENT`, `ID_EXERCICE`, `CODE_PRODUIT`, `CODE_MAGASIN`, `ID_MOUVEMENT`,`ID_SOURCE`,`MVT_DATE`, `MVT_TIME`, `MVT_QUANTITE`, `MVT_UNITE`, `MVT_NATURE`, `MVT_VALID`, `MVT_DATEVALID`,`MVT_TYPE`, `MVT_REFLOT`, `MVT_DATEPEREMP`, `MVT_PV`, `MVT_PA`, `MVT_PR`, `MVT_MONLOT`) VALUES	('10/0102', '2015', '0103','0102', '10', '1/0102','2015-01-31', '10:22:18', '3','PQT', 'PERTE', '1', '2015-07-05 10:22:30', 'S', 'NP','2017-03-01', '40.00', NULL,NULL, 'LOT/3/3');
INSERT INTO `mouvement` (`CODE_MOUVEMENT`, `ID_EXERCICE`, `CODE_PRODUIT`, `CODE_MAGASIN`, `ID_MOUVEMENT`,`ID_SOURCE`,`MVT_DATE`, `MVT_TIME`, `MVT_QUANTITE`, `MVT_UNITE`, `MVT_NATURE`, `MVT_VALID`, `MVT_DATEVALID`,`MVT_TYPE`, `MVT_REFLOT`, `MVT_DATEPEREMP`, `MVT_PV`, `MVT_PA`, `MVT_PR`, `MVT_MONLOT`) VALUES	('11/0101', '2015', '0103','0101', '11', '1/0101','2015-01-02', '14:53:48', '100','PQT', 'TRANSFERT SORTANT', '1', '2015-07-04 14:53:48', 'S', 'NP','2017-03-01', '30.00', NULL,NULL, 'LOT/3/3');
INSERT INTO `mouvement` (`CODE_MOUVEMENT`, `ID_EXERCICE`, `CODE_PRODUIT`, `CODE_MAGASIN`, `ID_MOUVEMENT`,`ID_SOURCE`,`MVT_DATE`, `MVT_TIME`, `MVT_QUANTITE`, `MVT_UNITE`, `MVT_NATURE`, `MVT_VALID`, `MVT_DATEVALID`,`MVT_TYPE`, `MVT_REFLOT`, `MVT_DATEPEREMP`, `MVT_PV`, `MVT_PA`, `MVT_PR`, `MVT_MONLOT`) VALUES	('11/0102', '2015', '0104','0102', '11', '1/0102','2015-01-31', '10:22:18', '1','U', 'PERTE', '1', '2015-07-05 10:22:30', 'S', '97856DT21','2016-09-01', '10.00', NULL,NULL, 'LOT/4/4');
INSERT INTO `mouvement` (`CODE_MOUVEMENT`, `ID_EXERCICE`, `CODE_PRODUIT`, `CODE_MAGASIN`, `ID_MOUVEMENT`,`ID_SOURCE`,`MVT_DATE`, `MVT_TIME`, `MVT_QUANTITE`, `MVT_UNITE`, `MVT_NATURE`, `MVT_VALID`, `MVT_DATEVALID`,`MVT_TYPE`, `MVT_REFLOT`, `MVT_DATEPEREMP`, `MVT_PV`, `MVT_PA`, `MVT_PR`, `MVT_MONLOT`) VALUES	('12/0101', '2015', '0104','0101', '12', '1/0101','2015-01-02', '14:53:48', '100','U', 'TRANSFERT SORTANT', '1', '2015-07-04 14:53:48', 'S', '97856DT21','2016-09-01', '7.00', NULL,NULL, 'LOT/4/4');
INSERT INTO `mouvement` (`CODE_MOUVEMENT`, `ID_EXERCICE`, `CODE_PRODUIT`, `CODE_MAGASIN`, `ID_MOUVEMENT`,`ID_SOURCE`,`MVT_DATE`, `MVT_TIME`, `MVT_QUANTITE`, `MVT_UNITE`, `MVT_NATURE`, `MVT_VALID`, `MVT_DATEVALID`,`MVT_TYPE`, `MVT_REFLOT`, `MVT_DATEPEREMP`, `MVT_PV`, `MVT_PA`, `MVT_PR`, `MVT_MONLOT`) VALUES	('12/0102', '2015', '0101','0102', '12', '1/0102','2015-01-31', '10:22:18', '1','U', 'PERTE', '1', '2015-07-05 10:22:30', 'S', 'SW','2018-10-01', '4.00', NULL,NULL, 'LOT/1/1');
INSERT INTO `mouvement` (`CODE_MOUVEMENT`, `ID_EXERCICE`, `CODE_PRODUIT`, `CODE_MAGASIN`, `ID_MOUVEMENT`,`ID_SOURCE`,`MVT_DATE`, `MVT_TIME`, `MVT_QUANTITE`, `MVT_UNITE`, `MVT_NATURE`, `MVT_VALID`, `MVT_DATEVALID`,`MVT_TYPE`, `MVT_REFLOT`, `MVT_DATEPEREMP`, `MVT_PV`, `MVT_PA`, `MVT_PR`, `MVT_MONLOT`) VALUES	('13/0101', '2015', '0101','0101', '13', '2/0101','2015-01-10', '15:06:18', '100','U', 'TRANSFERT SORTANT', '1', '2015-07-04 15:06:18', 'S', 'SW','2018-10-01', '4.00', NULL,NULL, 'LOT/1/1');
INSERT INTO `mouvement` (`CODE_MOUVEMENT`, `ID_EXERCICE`, `CODE_PRODUIT`, `CODE_MAGASIN`, `ID_MOUVEMENT`,`ID_SOURCE`,`MVT_DATE`, `MVT_TIME`, `MVT_QUANTITE`, `MVT_UNITE`, `MVT_NATURE`, `MVT_VALID`, `MVT_DATEVALID`,`MVT_TYPE`, `MVT_REFLOT`, `MVT_DATEPEREMP`, `MVT_PV`, `MVT_PA`, `MVT_PR`, `MVT_MONLOT`) VALUES	('14/0101', '2015', '0102','0101', '14', '2/0101','2015-01-10', '15:06:18', '250','U', 'TRANSFERT SORTANT', '1', '2015-07-04 15:06:18', 'S', '203675 RH','2016-08-01', '5.00', NULL,NULL, 'LOT/2/2');
INSERT INTO `mouvement` (`CODE_MOUVEMENT`, `ID_EXERCICE`, `CODE_PRODUIT`, `CODE_MAGASIN`, `ID_MOUVEMENT`,`ID_SOURCE`,`MVT_DATE`, `MVT_TIME`, `MVT_QUANTITE`, `MVT_UNITE`, `MVT_NATURE`, `MVT_VALID`, `MVT_DATEVALID`,`MVT_TYPE`, `MVT_REFLOT`, `MVT_DATEPEREMP`, `MVT_PV`, `MVT_PA`, `MVT_PR`, `MVT_MONLOT`) VALUES	('15/0101', '2015', '0101','0101', '15', '1/0101','2015-01-31', '15:13:34', '10','U', 'PERTE', '1', '2015-07-04 15:48:40', 'S', 'DL','2015-06-01', '4.00', NULL,NULL, 'LOT/6/6');
INSERT INTO `mouvement` (`CODE_MOUVEMENT`, `ID_EXERCICE`, `CODE_PRODUIT`, `CODE_MAGASIN`, `ID_MOUVEMENT`,`ID_SOURCE`,`MVT_DATE`, `MVT_TIME`, `MVT_QUANTITE`, `MVT_UNITE`, `MVT_NATURE`, `MVT_VALID`, `MVT_DATEVALID`,`MVT_TYPE`, `MVT_REFLOT`, `MVT_DATEPEREMP`, `MVT_PV`, `MVT_PA`, `MVT_PR`, `MVT_MONLOT`) VALUES	('16/0101', '2015', '0103','0101', '16', '1/0101','2015-01-31', '15:13:34', '10','PQT', 'PERTE', '1', '2015-07-04 15:48:40', 'S', 'NP','2017-03-01', '40.00', NULL,NULL, 'LOT/3/3');
INSERT INTO `mouvement` (`CODE_MOUVEMENT`, `ID_EXERCICE`, `CODE_PRODUIT`, `CODE_MAGASIN`, `ID_MOUVEMENT`,`ID_SOURCE`,`MVT_DATE`, `MVT_TIME`, `MVT_QUANTITE`, `MVT_UNITE`, `MVT_NATURE`, `MVT_VALID`, `MVT_DATEVALID`,`MVT_TYPE`, `MVT_REFLOT`, `MVT_DATEPEREMP`, `MVT_PV`, `MVT_PA`, `MVT_PR`, `MVT_MONLOT`) VALUES	('17/0101', '2015', '0101','0101', '17', '2/0101','2015-01-31', '16:01:06', '10','U', 'PERTE', '1', '2015-07-04 16:01:17', 'S', 'DL','2015-06-01', '4.00', NULL,NULL, 'LOT/6/6');
INSERT INTO `mouvement` (`CODE_MOUVEMENT`, `ID_EXERCICE`, `CODE_PRODUIT`, `CODE_MAGASIN`, `ID_MOUVEMENT`,`ID_SOURCE`,`MVT_DATE`, `MVT_TIME`, `MVT_QUANTITE`, `MVT_UNITE`, `MVT_NATURE`, `MVT_VALID`, `MVT_DATEVALID`,`MVT_TYPE`, `MVT_REFLOT`, `MVT_DATEPEREMP`, `MVT_PV`, `MVT_PA`, `MVT_PR`, `MVT_MONLOT`) VALUES	('18/0101', '2015', '0102','0101', '18', '2/0101','2015-01-31', '16:01:06', '5','U', 'PERTE', '1', '2015-07-04 16:01:17', 'S', '203675 RH','2016-08-01', '10.00', NULL,NULL, 'LOT/2/2');
INSERT INTO `mouvement` (`CODE_MOUVEMENT`, `ID_EXERCICE`, `CODE_PRODUIT`, `CODE_MAGASIN`, `ID_MOUVEMENT`,`ID_SOURCE`,`MVT_DATE`, `MVT_TIME`, `MVT_QUANTITE`, `MVT_UNITE`, `MVT_NATURE`, `MVT_VALID`, `MVT_DATEVALID`,`MVT_TYPE`, `MVT_REFLOT`, `MVT_DATEPEREMP`, `MVT_PV`, `MVT_PA`, `MVT_PR`, `MVT_MONLOT`) VALUES	('19/0101', '2015', '0101','0101', '19', '3/0101','2015-01-31', '16:03:08', '5','U', 'PERTE', '1', '2015-07-04 16:03:20', 'S', 'SW','2017-02-01', '4.00', NULL,NULL, 'LOT/7/1');
INSERT INTO `mouvement` (`CODE_MOUVEMENT`, `ID_EXERCICE`, `CODE_PRODUIT`, `CODE_MAGASIN`, `ID_MOUVEMENT`,`ID_SOURCE`,`MVT_DATE`, `MVT_TIME`, `MVT_QUANTITE`, `MVT_UNITE`, `MVT_NATURE`, `MVT_VALID`, `MVT_DATEVALID`,`MVT_TYPE`, `MVT_REFLOT`, `MVT_DATEPEREMP`, `MVT_PV`, `MVT_PA`, `MVT_PR`, `MVT_MONLOT`) VALUES	('2/0101', '2015', '0102','0101', '2', '1/0101','2015-01-06', '14:40:18', '4000','U', 'LIVRAISON', '1', '2015-07-04 14:41:19', 'E', '203675 RH','2016-08-01', NULL, '4.00',NULL, 'LOT/2/2');
INSERT INTO `mouvement` (`CODE_MOUVEMENT`, `ID_EXERCICE`, `CODE_PRODUIT`, `CODE_MAGASIN`, `ID_MOUVEMENT`,`ID_SOURCE`,`MVT_DATE`, `MVT_TIME`, `MVT_QUANTITE`, `MVT_UNITE`, `MVT_NATURE`, `MVT_VALID`, `MVT_DATEVALID`,`MVT_TYPE`, `MVT_REFLOT`, `MVT_DATEPEREMP`, `MVT_PV`, `MVT_PA`, `MVT_PR`, `MVT_MONLOT`) VALUES	('2/0102', '2015', '0102','0102', '2', '1/0102','2015-01-02', '14:53:48', '130','U', 'TRANSFERT ENTRANT', '1', '2015-07-04 14:53:48', 'E', '203675 RH','2016-08-01', '5.00', NULL,NULL, 'LOT/2/2');
INSERT INTO `mouvement` (`CODE_MOUVEMENT`, `ID_EXERCICE`, `CODE_PRODUIT`, `CODE_MAGASIN`, `ID_MOUVEMENT`,`ID_SOURCE`,`MVT_DATE`, `MVT_TIME`, `MVT_QUANTITE`, `MVT_UNITE`, `MVT_NATURE`, `MVT_VALID`, `MVT_DATEVALID`,`MVT_TYPE`, `MVT_REFLOT`, `MVT_DATEPEREMP`, `MVT_PV`, `MVT_PA`, `MVT_PR`, `MVT_MONLOT`) VALUES	('2/0103', '2015', '0102','0103', '2', '1/0103','2015-01-10', '15:06:18', '250','U', 'TRANSFERT ENTRANT', '1', '2015-07-04 15:06:18', 'E', '203675 RH','2016-08-01', '5.00', NULL,NULL, 'LOT/2/2');
INSERT INTO `mouvement` (`CODE_MOUVEMENT`, `ID_EXERCICE`, `CODE_PRODUIT`, `CODE_MAGASIN`, `ID_MOUVEMENT`,`ID_SOURCE`,`MVT_DATE`, `MVT_TIME`, `MVT_QUANTITE`, `MVT_UNITE`, `MVT_NATURE`, `MVT_VALID`, `MVT_DATEVALID`,`MVT_TYPE`, `MVT_REFLOT`, `MVT_DATEPEREMP`, `MVT_PV`, `MVT_PA`, `MVT_PR`, `MVT_MONLOT`) VALUES	('20/0101', '2015', '0102','0101', '20', '3/0101','2015-01-31', '16:03:08', '2','U', 'PERTE', '1', '2015-07-04 16:03:20', 'S', '203675 RH','2016-08-01', '10.00', NULL,NULL, 'LOT/2/2');
INSERT INTO `mouvement` (`CODE_MOUVEMENT`, `ID_EXERCICE`, `CODE_PRODUIT`, `CODE_MAGASIN`, `ID_MOUVEMENT`,`ID_SOURCE`,`MVT_DATE`, `MVT_TIME`, `MVT_QUANTITE`, `MVT_UNITE`, `MVT_NATURE`, `MVT_VALID`, `MVT_DATEVALID`,`MVT_TYPE`, `MVT_REFLOT`, `MVT_DATEPEREMP`, `MVT_PV`, `MVT_PA`, `MVT_PR`, `MVT_MONLOT`) VALUES	('21/0101', '2015', '0101','0101', '21', '4/0101','2015-01-31', '16:04:57', '3','U', 'PERTE', '1', '2015-07-04 16:05:48', 'S', 'DL','2015-06-01', '4.00', NULL,NULL, 'LOT/6/6');
INSERT INTO `mouvement` (`CODE_MOUVEMENT`, `ID_EXERCICE`, `CODE_PRODUIT`, `CODE_MAGASIN`, `ID_MOUVEMENT`,`ID_SOURCE`,`MVT_DATE`, `MVT_TIME`, `MVT_QUANTITE`, `MVT_UNITE`, `MVT_NATURE`, `MVT_VALID`, `MVT_DATEVALID`,`MVT_TYPE`, `MVT_REFLOT`, `MVT_DATEPEREMP`, `MVT_PV`, `MVT_PA`, `MVT_PR`, `MVT_MONLOT`) VALUES	('22/0101', '2015', '0102','0101', '22', '4/0101','2015-01-31', '16:04:57', '4','U', 'PERTE', '1', '2015-07-04 16:05:48', 'S', '203675 RH','2016-08-01', '10.00', NULL,NULL, 'LOT/2/2');
INSERT INTO `mouvement` (`CODE_MOUVEMENT`, `ID_EXERCICE`, `CODE_PRODUIT`, `CODE_MAGASIN`, `ID_MOUVEMENT`,`ID_SOURCE`,`MVT_DATE`, `MVT_TIME`, `MVT_QUANTITE`, `MVT_UNITE`, `MVT_NATURE`, `MVT_VALID`, `MVT_DATEVALID`,`MVT_TYPE`, `MVT_REFLOT`, `MVT_DATEPEREMP`, `MVT_PV`, `MVT_PA`, `MVT_PR`, `MVT_MONLOT`) VALUES	('3/0101', '2015', '0103','0101', '3', '1/0101','2015-01-06', '14:40:18', '2000','PQT', 'LIVRAISON', '1', '2015-07-04 14:41:19', 'E', 'NP','2017-03-01', NULL, '20.00',NULL, 'LOT/3/3');
INSERT INTO `mouvement` (`CODE_MOUVEMENT`, `ID_EXERCICE`, `CODE_PRODUIT`, `CODE_MAGASIN`, `ID_MOUVEMENT`,`ID_SOURCE`,`MVT_DATE`, `MVT_TIME`, `MVT_QUANTITE`, `MVT_UNITE`, `MVT_NATURE`, `MVT_VALID`, `MVT_DATEVALID`,`MVT_TYPE`, `MVT_REFLOT`, `MVT_DATEPEREMP`, `MVT_PV`, `MVT_PA`, `MVT_PR`, `MVT_MONLOT`) VALUES	('3/0102', '2015', '0103','0102', '3', '1/0102','2015-01-02', '14:53:48', '100','PQT', 'TRANSFERT ENTRANT', '1', '2015-07-04 14:53:48', 'E', 'NP','2017-03-01', '30.00', NULL,NULL, 'LOT/3/3');
INSERT INTO `mouvement` (`CODE_MOUVEMENT`, `ID_EXERCICE`, `CODE_PRODUIT`, `CODE_MAGASIN`, `ID_MOUVEMENT`,`ID_SOURCE`,`MVT_DATE`, `MVT_TIME`, `MVT_QUANTITE`, `MVT_UNITE`, `MVT_NATURE`, `MVT_VALID`, `MVT_DATEVALID`,`MVT_TYPE`, `MVT_REFLOT`, `MVT_DATEPEREMP`, `MVT_PV`, `MVT_PA`, `MVT_PR`, `MVT_MONLOT`) VALUES	('3/0103', '2015', '0101','0103', '3', '1/0103','2015-01-31', '10:25:37', '80','U', 'BON DE SORTIE', '1', '2015-07-05 10:25:48', 'S', 'SW','2018-10-01', '4.00', NULL,NULL, 'LOT/1/1');
INSERT INTO `mouvement` (`CODE_MOUVEMENT`, `ID_EXERCICE`, `CODE_PRODUIT`, `CODE_MAGASIN`, `ID_MOUVEMENT`,`ID_SOURCE`,`MVT_DATE`, `MVT_TIME`, `MVT_QUANTITE`, `MVT_UNITE`, `MVT_NATURE`, `MVT_VALID`, `MVT_DATEVALID`,`MVT_TYPE`, `MVT_REFLOT`, `MVT_DATEPEREMP`, `MVT_PV`, `MVT_PA`, `MVT_PR`, `MVT_MONLOT`) VALUES	('4/0101', '2015', '0104','0101', '4', '1/0101','2015-01-06', '14:40:18', '1000','U', 'LIVRAISON', '1', '2015-07-04 14:41:19', 'E', '97856DT21','2016-09-01', NULL, '5.00',NULL, 'LOT/4/4');
INSERT INTO `mouvement` (`CODE_MOUVEMENT`, `ID_EXERCICE`, `CODE_PRODUIT`, `CODE_MAGASIN`, `ID_MOUVEMENT`,`ID_SOURCE`,`MVT_DATE`, `MVT_TIME`, `MVT_QUANTITE`, `MVT_UNITE`, `MVT_NATURE`, `MVT_VALID`, `MVT_DATEVALID`,`MVT_TYPE`, `MVT_REFLOT`, `MVT_DATEPEREMP`, `MVT_PV`, `MVT_PA`, `MVT_PR`, `MVT_MONLOT`) VALUES	('4/0102', '2015', '0104','0102', '4', '1/0102','2015-01-02', '14:53:48', '100','U', 'TRANSFERT ENTRANT', '1', '2015-07-04 14:53:48', 'E', '97856DT21','2016-09-01', '7.00', NULL,NULL, 'LOT/4/4');
INSERT INTO `mouvement` (`CODE_MOUVEMENT`, `ID_EXERCICE`, `CODE_PRODUIT`, `CODE_MAGASIN`, `ID_MOUVEMENT`,`ID_SOURCE`,`MVT_DATE`, `MVT_TIME`, `MVT_QUANTITE`, `MVT_UNITE`, `MVT_NATURE`, `MVT_VALID`, `MVT_DATEVALID`,`MVT_TYPE`, `MVT_REFLOT`, `MVT_DATEPEREMP`, `MVT_PV`, `MVT_PA`, `MVT_PR`, `MVT_MONLOT`) VALUES	('4/0103', '2015', '0102','0103', '4', '1/0103','2015-01-31', '10:25:37', '199','U', 'BON DE SORTIE', '1', '2015-07-05 10:25:48', 'S', '203675 RH','2016-08-01', '10.00', NULL,NULL, 'LOT/2/2');
INSERT INTO `mouvement` (`CODE_MOUVEMENT`, `ID_EXERCICE`, `CODE_PRODUIT`, `CODE_MAGASIN`, `ID_MOUVEMENT`,`ID_SOURCE`,`MVT_DATE`, `MVT_TIME`, `MVT_QUANTITE`, `MVT_UNITE`, `MVT_NATURE`, `MVT_VALID`, `MVT_DATEVALID`,`MVT_TYPE`, `MVT_REFLOT`, `MVT_DATEPEREMP`, `MVT_PV`, `MVT_PA`, `MVT_PR`, `MVT_MONLOT`) VALUES	('5/0101', '2015', '0105','0101', '5', '1/0101','2015-01-06', '14:40:18', '3000','FLC', 'LIVRAISON', '1', '2015-07-04 14:41:19', 'E', 'KJG','2015-08-01', NULL, '200.00',NULL, 'LOT/5/5');
INSERT INTO `mouvement` (`CODE_MOUVEMENT`, `ID_EXERCICE`, `CODE_PRODUIT`, `CODE_MAGASIN`, `ID_MOUVEMENT`,`ID_SOURCE`,`MVT_DATE`, `MVT_TIME`, `MVT_QUANTITE`, `MVT_UNITE`, `MVT_NATURE`, `MVT_VALID`, `MVT_DATEVALID`,`MVT_TYPE`, `MVT_REFLOT`, `MVT_DATEPEREMP`, `MVT_PV`, `MVT_PA`, `MVT_PR`, `MVT_MONLOT`) VALUES	('5/0102', '2015', '0101','0102', '5', '1/0102','2015-01-31', '10:15:40', '10','U', 'BON DE SORTIE', '1', '2015-07-05 10:16:19', 'S', 'SW','2018-10-01', '4.00', NULL,NULL, 'LOT/1/1');
INSERT INTO `mouvement` (`CODE_MOUVEMENT`, `ID_EXERCICE`, `CODE_PRODUIT`, `CODE_MAGASIN`, `ID_MOUVEMENT`,`ID_SOURCE`,`MVT_DATE`, `MVT_TIME`, `MVT_QUANTITE`, `MVT_UNITE`, `MVT_NATURE`, `MVT_VALID`, `MVT_DATEVALID`,`MVT_TYPE`, `MVT_REFLOT`, `MVT_DATEPEREMP`, `MVT_PV`, `MVT_PA`, `MVT_PR`, `MVT_MONLOT`) VALUES	('5/0103', '2015', '0101','0103', '5', '1/0103','2015-01-31', '10:29:02', '1','U', 'PERTE', '1', '2015-07-05 10:29:12', 'S', 'SW','2018-10-01', '4.00', NULL,NULL, 'LOT/1/1');
INSERT INTO `mouvement` (`CODE_MOUVEMENT`, `ID_EXERCICE`, `CODE_PRODUIT`, `CODE_MAGASIN`, `ID_MOUVEMENT`,`ID_SOURCE`,`MVT_DATE`, `MVT_TIME`, `MVT_QUANTITE`, `MVT_UNITE`, `MVT_NATURE`, `MVT_VALID`, `MVT_DATEVALID`,`MVT_TYPE`, `MVT_REFLOT`, `MVT_DATEPEREMP`, `MVT_PV`, `MVT_PA`, `MVT_PR`, `MVT_MONLOT`) VALUES	('6/0101', '2015', '0101','0101', '6', '1/0101','2015-01-06', '14:40:18', '1000','U', 'LIVRAISON', '1', '2015-07-04 14:41:19', 'E', 'DL','2015-06-01', NULL, '2.00',NULL, 'LOT/6/6');
INSERT INTO `mouvement` (`CODE_MOUVEMENT`, `ID_EXERCICE`, `CODE_PRODUIT`, `CODE_MAGASIN`, `ID_MOUVEMENT`,`ID_SOURCE`,`MVT_DATE`, `MVT_TIME`, `MVT_QUANTITE`, `MVT_UNITE`, `MVT_NATURE`, `MVT_VALID`, `MVT_DATEVALID`,`MVT_TYPE`, `MVT_REFLOT`, `MVT_DATEPEREMP`, `MVT_PV`, `MVT_PA`, `MVT_PR`, `MVT_MONLOT`) VALUES	('6/0102', '2015', '0102','0102', '6', '1/0102','2015-01-31', '10:15:40', '125','U', 'BON DE SORTIE', '1', '2015-07-05 10:16:19', 'S', '203675 RH','2016-08-01', '10.00', NULL,NULL, 'LOT/2/2');
INSERT INTO `mouvement` (`CODE_MOUVEMENT`, `ID_EXERCICE`, `CODE_PRODUIT`, `CODE_MAGASIN`, `ID_MOUVEMENT`,`ID_SOURCE`,`MVT_DATE`, `MVT_TIME`, `MVT_QUANTITE`, `MVT_UNITE`, `MVT_NATURE`, `MVT_VALID`, `MVT_DATEVALID`,`MVT_TYPE`, `MVT_REFLOT`, `MVT_DATEPEREMP`, `MVT_PV`, `MVT_PA`, `MVT_PR`, `MVT_MONLOT`) VALUES	('6/0103', '2015', '0102','0103', '6', '2/0103','2015-01-31', '10:30:51', '2','U', 'PERTE', '1', '2015-07-05 10:31:00', 'S', '203675 RH','2016-08-01', '10.00', NULL,NULL, 'LOT/2/2');
INSERT INTO `mouvement` (`CODE_MOUVEMENT`, `ID_EXERCICE`, `CODE_PRODUIT`, `CODE_MAGASIN`, `ID_MOUVEMENT`,`ID_SOURCE`,`MVT_DATE`, `MVT_TIME`, `MVT_QUANTITE`, `MVT_UNITE`, `MVT_NATURE`, `MVT_VALID`, `MVT_DATEVALID`,`MVT_TYPE`, `MVT_REFLOT`, `MVT_DATEPEREMP`, `MVT_PV`, `MVT_PA`, `MVT_PR`, `MVT_MONLOT`) VALUES	('7/0101', '2015', '0101','0101', '7', '2/0101','2015-01-15', '14:46:32', '30','U', 'LIVRAISON', '1', '2015-07-04 14:46:57', 'E', 'SW','2017-02-01', NULL, '2.00',NULL, 'LOT/7/1');
INSERT INTO `mouvement` (`CODE_MOUVEMENT`, `ID_EXERCICE`, `CODE_PRODUIT`, `CODE_MAGASIN`, `ID_MOUVEMENT`,`ID_SOURCE`,`MVT_DATE`, `MVT_TIME`, `MVT_QUANTITE`, `MVT_UNITE`, `MVT_NATURE`, `MVT_VALID`, `MVT_DATEVALID`,`MVT_TYPE`, `MVT_REFLOT`, `MVT_DATEPEREMP`, `MVT_PV`, `MVT_PA`, `MVT_PR`, `MVT_MONLOT`) VALUES	('7/0102', '2015', '0103','0102', '7', '1/0102','2015-01-31', '10:15:40', '83','PQT', 'BON DE SORTIE', '1', '2015-07-05 10:16:19', 'S', 'NP','2017-03-01', '40.00', NULL,NULL, 'LOT/3/3');
INSERT INTO `mouvement` (`CODE_MOUVEMENT`, `ID_EXERCICE`, `CODE_PRODUIT`, `CODE_MAGASIN`, `ID_MOUVEMENT`,`ID_SOURCE`,`MVT_DATE`, `MVT_TIME`, `MVT_QUANTITE`, `MVT_UNITE`, `MVT_NATURE`, `MVT_VALID`, `MVT_DATEVALID`,`MVT_TYPE`, `MVT_REFLOT`, `MVT_DATEPEREMP`, `MVT_PV`, `MVT_PA`, `MVT_PR`, `MVT_MONLOT`) VALUES	('8/0101', '2015', '0102','0101', '8', '2/0101','2015-01-15', '14:46:32', '25','U', 'LIVRAISON', '1', '2015-07-04 14:46:57', 'E', '203675 RH','2016-08-01', NULL, '4.00',NULL, 'LOT/8/2');
INSERT INTO `mouvement` (`CODE_MOUVEMENT`, `ID_EXERCICE`, `CODE_PRODUIT`, `CODE_MAGASIN`, `ID_MOUVEMENT`,`ID_SOURCE`,`MVT_DATE`, `MVT_TIME`, `MVT_QUANTITE`, `MVT_UNITE`, `MVT_NATURE`, `MVT_VALID`, `MVT_DATEVALID`,`MVT_TYPE`, `MVT_REFLOT`, `MVT_DATEPEREMP`, `MVT_PV`, `MVT_PA`, `MVT_PR`, `MVT_MONLOT`) VALUES	('8/0102', '2015', '0104','0102', '8', '1/0102','2015-01-31', '10:15:40', '50','U', 'BON DE SORTIE', '1', '2015-07-05 10:16:19', 'S', '97856DT21','2016-09-01', '10.00', NULL,NULL, 'LOT/4/4');
INSERT INTO `mouvement` (`CODE_MOUVEMENT`, `ID_EXERCICE`, `CODE_PRODUIT`, `CODE_MAGASIN`, `ID_MOUVEMENT`,`ID_SOURCE`,`MVT_DATE`, `MVT_TIME`, `MVT_QUANTITE`, `MVT_UNITE`, `MVT_NATURE`, `MVT_VALID`, `MVT_DATEVALID`,`MVT_TYPE`, `MVT_REFLOT`, `MVT_DATEPEREMP`, `MVT_PV`, `MVT_PA`, `MVT_PR`, `MVT_MONLOT`) VALUES	('9/0101', '2015', '0101','0101', '9', '1/0101','2015-01-02', '14:53:48', '11','U', 'TRANSFERT SORTANT', '1', '2015-07-04 14:53:48', 'S', 'SW','2018-10-01', '4.00', NULL,NULL, 'LOT/1/1');
INSERT INTO `mouvement` (`CODE_MOUVEMENT`, `ID_EXERCICE`, `CODE_PRODUIT`, `CODE_MAGASIN`, `ID_MOUVEMENT`,`ID_SOURCE`,`MVT_DATE`, `MVT_TIME`, `MVT_QUANTITE`, `MVT_UNITE`, `MVT_NATURE`, `MVT_VALID`, `MVT_DATEVALID`,`MVT_TYPE`, `MVT_REFLOT`, `MVT_DATEPEREMP`, `MVT_PV`, `MVT_PA`, `MVT_PR`, `MVT_MONLOT`) VALUES	('9/0102', '2015', '0102','0102', '9', '1/0102','2015-01-31', '10:22:18', '2','U', 'PERTE', '1', '2015-07-05 10:22:30', 'S', '203675 RH','2016-08-01', '10.00', NULL,NULL, 'LOT/2/2');
INSERT INTO `logs` (`CODE_LOG`, `LOGIN`, `ID_LOG`, `LOG_DATE`, `LOG_DESCRIP`, `MLLE`) VALUES ('1/', 'root', '1', '2015-07-04 12:04:53', 'Connexion au système', '0345Y');
INSERT INTO `logs` (`CODE_LOG`, `LOGIN`, `ID_LOG`, `LOG_DATE`, `LOG_DESCRIP`, `MLLE`) VALUES ('1/0101', 'JKoudougou', '1', '2015-07-04 14:19:28', 'Changement de l\'exercice budgétaire (2015, 2015 / , 0101)', '228');
INSERT INTO `logs` (`CODE_LOG`, `LOGIN`, `ID_LOG`, `LOG_DATE`, `LOG_DESCRIP`, `MLLE`) VALUES ('1/0102', 'JKoudougou', '1', '2015-07-04 14:54:08', 'Changement de l\'exercice budgétaire (2015, 2015 / 0101, 0102)', '228');
INSERT INTO `logs` (`CODE_LOG`, `LOGIN`, `ID_LOG`, `LOG_DATE`, `LOG_DESCRIP`, `MLLE`) VALUES ('1/0103', 'JKoudougou', '1', '2015-07-05 10:23:38', 'Changement de l\'exercice budgétaire (2015, 2015 / 0102, 0103)', '228');
INSERT INTO `logs` (`CODE_LOG`, `LOGIN`, `ID_LOG`, `LOG_DATE`, `LOG_DESCRIP`, `MLLE`) VALUES ('10/', 'root', '10', '2015-07-04 12:14:11', 'Ajout d\'un type de bénéficiaire (UNFPA, UNFPA)', '0345Y');
INSERT INTO `logs` (`CODE_LOG`, `LOGIN`, `ID_LOG`, `LOG_DATE`, `LOG_DESCRIP`, `MLLE`) VALUES ('10/0101', 'JKoudougou', '10', '2015-07-04 14:41:19', 'Validation d\'un mouvement(1/0101, commande n°1/0101)', '228');
INSERT INTO `logs` (`CODE_LOG`, `LOGIN`, `ID_LOG`, `LOG_DATE`, `LOG_DESCRIP`, `MLLE`) VALUES ('10/0102', 'JKoudougou', '10', '2015-07-05 10:22:18', 'Ajout d\'un mouvement(1/0102, déclassement n°PRODUITS AVARIES JANVIER 2015)', '228');
INSERT INTO `logs` (`CODE_LOG`, `LOGIN`, `ID_LOG`, `LOG_DATE`, `LOG_DESCRIP`, `MLLE`) VALUES ('10/0103', 'JKoudougou', '10', '2015-07-05 10:29:12', 'Modification d\'un déclassement (1/0103, casses de janvier 2015)', '228');
INSERT INTO `logs` (`CODE_LOG`, `LOGIN`, `ID_LOG`, `LOG_DATE`, `LOG_DESCRIP`, `MLLE`) VALUES ('11/', 'root', '11', '2015-07-04 12:14:42', 'Ajout d\'un type de bénéficiaire (ETAT BURKINABE, ETAT BURKINABE)', '0345Y');
INSERT INTO `logs` (`CODE_LOG`, `LOGIN`, `ID_LOG`, `LOG_DATE`, `LOG_DESCRIP`, `MLLE`) VALUES ('11/0101', 'JKoudougou', '11', '2015-07-04 14:46:32', 'Ajout d\'une livraison (2/0101, commande n° 1/0101)', '228');
INSERT INTO `logs` (`CODE_LOG`, `LOGIN`, `ID_LOG`, `LOG_DATE`, `LOG_DESCRIP`, `MLLE`) VALUES ('11/0102', 'JKoudougou', '11', '2015-07-05 10:22:30', 'Modification d\'un déclassement (1/0102, PRODUITS AVARIES JANVIER 2015)', '228');
INSERT INTO `logs` (`CODE_LOG`, `LOGIN`, `ID_LOG`, `LOG_DATE`, `LOG_DESCRIP`, `MLLE`) VALUES ('11/0103', 'JKoudougou', '11', '2015-07-05 10:29:12', 'Modification d\'un mouvement(1/0103, déclassement n°casses de janvier 2015)', '228');
INSERT INTO `logs` (`CODE_LOG`, `LOGIN`, `ID_LOG`, `LOG_DATE`, `LOG_DESCRIP`, `MLLE`) VALUES ('12/', 'root', '12', '2015-07-04 12:14:56', 'Ajout d\'un type de bénéficiaire (PARTENAIRE, PARTENAIRE)', '0345Y');
INSERT INTO `logs` (`CODE_LOG`, `LOGIN`, `ID_LOG`, `LOG_DATE`, `LOG_DESCRIP`, `MLLE`) VALUES ('12/0101', 'JKoudougou', '12', '2015-07-04 14:46:32', 'Ajout des lignes de livraison(2/0101, commande n°1/0101)', '228');
INSERT INTO `logs` (`CODE_LOG`, `LOGIN`, `ID_LOG`, `LOG_DATE`, `LOG_DESCRIP`, `MLLE`) VALUES ('12/0102', 'JKoudougou', '12', '2015-07-05 10:22:30', 'Modification d\'un mouvement(1/0102, déclassement n°PRODUITS AVARIES JANVIER 2015)', '228');
INSERT INTO `logs` (`CODE_LOG`, `LOGIN`, `ID_LOG`, `LOG_DATE`, `LOG_DESCRIP`, `MLLE`) VALUES ('12/0103', 'JKoudougou', '12', '2015-07-05 10:30:50', 'Ajout d\'un déclassement (2/0103, vols de janvier 2015)', '228');
INSERT INTO `logs` (`CODE_LOG`, `LOGIN`, `ID_LOG`, `LOG_DATE`, `LOG_DESCRIP`, `MLLE`) VALUES ('13/', 'root', '13', '2015-07-04 12:15:19', 'Ajout d\'un type de bénéficiaire (PRIVE, PRIVE)', '0345Y');
INSERT INTO `logs` (`CODE_LOG`, `LOGIN`, `ID_LOG`, `LOG_DATE`, `LOG_DESCRIP`, `MLLE`) VALUES ('13/0101', 'JKoudougou', '13', '2015-07-04 14:46:32', 'Ajout d\'un mouvement(2/0101, commande n°1/0101)', '228');
INSERT INTO `logs` (`CODE_LOG`, `LOGIN`, `ID_LOG`, `LOG_DATE`, `LOG_DESCRIP`, `MLLE`) VALUES ('13/0102', 'JKoudougou', '13', '2015-07-05 12:56:16', 'Changement de l\'exercice budgétaire (2015, 2015 / 0101, 0102)', '228');
INSERT INTO `logs` (`CODE_LOG`, `LOGIN`, `ID_LOG`, `LOG_DATE`, `LOG_DESCRIP`, `MLLE`) VALUES ('13/0103', 'JKoudougou', '13', '2015-07-05 10:30:51', 'Ajout des lignes de déclassement (2/0103, vols de janvier 2015)', '228');
INSERT INTO `logs` (`CODE_LOG`, `LOGIN`, `ID_LOG`, `LOG_DATE`, `LOG_DESCRIP`, `MLLE`) VALUES ('14/', 'root', '14', '2015-07-04 12:17:07', 'Ajout d\'un fournisseur (, CAMEG)', '0345Y');
INSERT INTO `logs` (`CODE_LOG`, `LOGIN`, `ID_LOG`, `LOG_DATE`, `LOG_DESCRIP`, `MLLE`) VALUES ('14/0101', 'JKoudougou', '14', '2015-07-04 14:46:57', 'Validation d\'une livraison (2/0101, Livraison n°complementaire commande N°1)', '228');
INSERT INTO `logs` (`CODE_LOG`, `LOGIN`, `ID_LOG`, `LOG_DATE`, `LOG_DESCRIP`, `MLLE`) VALUES ('14/0103', 'JKoudougou', '14', '2015-07-05 10:30:51', 'Ajout d\'un mouvement(2/0103, déclassement n°vols de janvier 2015)', '228');
INSERT INTO `logs` (`CODE_LOG`, `LOGIN`, `ID_LOG`, `LOG_DATE`, `LOG_DESCRIP`, `MLLE`) VALUES ('15/', 'root', '15', '2015-07-04 12:17:36', 'Ajout d\'un fournisseur (, UNFPA)', '0345Y');
INSERT INTO `logs` (`CODE_LOG`, `LOGIN`, `ID_LOG`, `LOG_DATE`, `LOG_DESCRIP`, `MLLE`) VALUES ('15/0101', 'JKoudougou', '15', '2015-07-04 14:46:57', 'Validation d\'un mouvement(2/0101, commande n°1/0101)', '228');
INSERT INTO `logs` (`CODE_LOG`, `LOGIN`, `ID_LOG`, `LOG_DATE`, `LOG_DESCRIP`, `MLLE`) VALUES ('15/0103', 'JKoudougou', '15', '2015-07-05 10:31:00', 'Modification d\'un déclassement (2/0103, vols de janvier 2015)', '228');
INSERT INTO `logs` (`CODE_LOG`, `LOGIN`, `ID_LOG`, `LOG_DATE`, `LOG_DESCRIP`, `MLLE`) VALUES ('16/', 'root', '16', '2015-07-04 12:18:05', 'Ajout d\'un fournisseur (, UBIPHARM)', '0345Y');
INSERT INTO `logs` (`CODE_LOG`, `LOGIN`, `ID_LOG`, `LOG_DATE`, `LOG_DESCRIP`, `MLLE`) VALUES ('16/0101', 'JKoudougou', '16', '2015-07-04 14:53:48', 'Ajout d\\\'un transfert (1/0101, N°1)', '228');
INSERT INTO `logs` (`CODE_LOG`, `LOGIN`, `ID_LOG`, `LOG_DATE`, `LOG_DESCRIP`, `MLLE`) VALUES ('16/0103', 'JKoudougou', '16', '2015-07-05 10:31:00', 'Modification d\'un mouvement(2/0103, déclassement n°vols de janvier 2015)', '228');
INSERT INTO `logs` (`CODE_LOG`, `LOGIN`, `ID_LOG`, `LOG_DATE`, `LOG_DESCRIP`, `MLLE`) VALUES ('17/', 'root', '17', '2015-07-04 12:18:28', 'Ajout d\'un fournisseur (, USAID)', '0345Y');
INSERT INTO `logs` (`CODE_LOG`, `LOGIN`, `ID_LOG`, `LOG_DATE`, `LOG_DESCRIP`, `MLLE`) VALUES ('17/0101', 'JKoudougou', '17', '2015-07-04 14:53:48', 'Ajout des lignes de transfert (1/0101, N°1)', '228');
INSERT INTO `logs` (`CODE_LOG`, `LOGIN`, `ID_LOG`, `LOG_DATE`, `LOG_DESCRIP`, `MLLE`) VALUES ('17/0103', 'JKoudougou', '17', '2015-07-05 10:56:43', 'Changement de l\'exercice budgétaire (2015, 2015 / , 0103)', '228');
INSERT INTO `logs` (`CODE_LOG`, `LOGIN`, `ID_LOG`, `LOG_DATE`, `LOG_DESCRIP`, `MLLE`) VALUES ('18/', 'root', '18', '2015-07-04 12:34:54', 'Ajout d\'une unite (, )', '0345Y');
INSERT INTO `logs` (`CODE_LOG`, `LOGIN`, `ID_LOG`, `LOG_DATE`, `LOG_DESCRIP`, `MLLE`) VALUES ('18/0101', 'JKoudougou', '18', '2015-07-04 14:53:48', 'Ajout d\\\'un mouvement(1/0101, N°1)', '228');
INSERT INTO `logs` (`CODE_LOG`, `LOGIN`, `ID_LOG`, `LOG_DATE`, `LOG_DESCRIP`, `MLLE`) VALUES ('19/', 'root', '19', '2015-07-04 12:37:10', 'Ajout d\'une unite (, )', '0345Y');
INSERT INTO `logs` (`CODE_LOG`, `LOGIN`, `ID_LOG`, `LOG_DATE`, `LOG_DESCRIP`, `MLLE`) VALUES ('19/0101', 'JKoudougou', '19', '2015-07-04 14:53:48', 'Ajout d\\\'un transfert (1/0102, N°1)', '228');
INSERT INTO `logs` (`CODE_LOG`, `LOGIN`, `ID_LOG`, `LOG_DATE`, `LOG_DESCRIP`, `MLLE`) VALUES ('2/', 'root', '2', '2015-07-04 12:06:50', 'Ajout d\'une nature (, )', '0345Y');
INSERT INTO `logs` (`CODE_LOG`, `LOGIN`, `ID_LOG`, `LOG_DATE`, `LOG_DESCRIP`, `MLLE`) VALUES ('2/0101', 'JKoudougou', '2', '2015-07-04 14:26:28', 'Changement de l\'exercice budgétaire (2015, 2015 / , 0101)', '228');
INSERT INTO `logs` (`CODE_LOG`, `LOGIN`, `ID_LOG`, `LOG_DATE`, `LOG_DESCRIP`, `MLLE`) VALUES ('2/0102', 'JKoudougou', '2', '2015-07-05 10:10:40', 'Changement de l\'exercice budgétaire (2015, 2015 / , 0102)', '228');
INSERT INTO `logs` (`CODE_LOG`, `LOGIN`, `ID_LOG`, `LOG_DATE`, `LOG_DESCRIP`, `MLLE`) VALUES ('2/0103', 'JKoudougou', '2', '2015-07-05 10:25:37', 'Ajout d\'un bon de sortie (1/0103, Bénéficiaire :CONSOMMATEUR/N°2)', '228');
INSERT INTO `logs` (`CODE_LOG`, `LOGIN`, `ID_LOG`, `LOG_DATE`, `LOG_DESCRIP`, `MLLE`) VALUES ('20/', 'root', '20', '2015-07-04 12:37:30', 'Ajout d\'une unite (, )', '0345Y');
INSERT INTO `logs` (`CODE_LOG`, `LOGIN`, `ID_LOG`, `LOG_DATE`, `LOG_DESCRIP`, `MLLE`) VALUES ('20/0101', 'JKoudougou', '20', '2015-07-04 14:53:48', 'Ajout des lignes de transfert (1/0102, N°1)', '228');
INSERT INTO `logs` (`CODE_LOG`, `LOGIN`, `ID_LOG`, `LOG_DATE`, `LOG_DESCRIP`, `MLLE`) VALUES ('21/', 'root', '21', '2015-07-04 12:37:43', 'Ajout d\'une unite (, )', '0345Y');
INSERT INTO `logs` (`CODE_LOG`, `LOGIN`, `ID_LOG`, `LOG_DATE`, `LOG_DESCRIP`, `MLLE`) VALUES ('21/0101', 'JKoudougou', '21', '2015-07-04 14:53:49', 'Ajout d\\\'un mouvement(1/0102, N°1)', '228');
INSERT INTO `logs` (`CODE_LOG`, `LOGIN`, `ID_LOG`, `LOG_DATE`, `LOG_DESCRIP`, `MLLE`) VALUES ('22/', 'root', '22', '2015-07-04 12:42:32', 'Ajout d\'une catégorie (01, ENREGISTRES)', '0345Y');
INSERT INTO `logs` (`CODE_LOG`, `LOGIN`, `ID_LOG`, `LOG_DATE`, `LOG_DESCRIP`, `MLLE`) VALUES ('22/0101', 'JKoudougou', '22', '2015-07-04 14:57:08', 'Changement de l\'exercice budgétaire (2015, 2015 / 0102, 0101)', '228');
INSERT INTO `logs` (`CODE_LOG`, `LOGIN`, `ID_LOG`, `LOG_DATE`, `LOG_DESCRIP`, `MLLE`) VALUES ('23/', 'root', '23', '2015-07-04 12:42:51', 'Ajout d\'une catégorie (02, NON ENREGISTRES)', '0345Y');
INSERT INTO `logs` (`CODE_LOG`, `LOGIN`, `ID_LOG`, `LOG_DATE`, `LOG_DESCRIP`, `MLLE`) VALUES ('23/0101', 'JKoudougou', '23', '2015-07-04 15:06:18', 'Ajout d\\\'un transfert (2/0101, N°2)', '228');
INSERT INTO `logs` (`CODE_LOG`, `LOGIN`, `ID_LOG`, `LOG_DATE`, `LOG_DESCRIP`, `MLLE`) VALUES ('24/', 'root', '24', '2015-07-04 12:49:01', 'Ajout d\'une sous-catégorie (0101, ORDINAIRES)', '0345Y');
INSERT INTO `logs` (`CODE_LOG`, `LOGIN`, `ID_LOG`, `LOG_DATE`, `LOG_DESCRIP`, `MLLE`) VALUES ('24/0101', 'JKoudougou', '24', '2015-07-04 15:06:18', 'Ajout des lignes de transfert (2/0101, N°2)', '228');
INSERT INTO `logs` (`CODE_LOG`, `LOGIN`, `ID_LOG`, `LOG_DATE`, `LOG_DESCRIP`, `MLLE`) VALUES ('25/', 'root', '25', '2015-07-04 12:49:40', 'Ajout d\'une sous-catégorie (0102, SPECIFIQUES)', '0345Y');
INSERT INTO `logs` (`CODE_LOG`, `LOGIN`, `ID_LOG`, `LOG_DATE`, `LOG_DESCRIP`, `MLLE`) VALUES ('25/0101', 'JKoudougou', '25', '2015-07-04 15:06:18', 'Ajout d\\\'un mouvement(2/0101, N°2)', '228');
INSERT INTO `logs` (`CODE_LOG`, `LOGIN`, `ID_LOG`, `LOG_DATE`, `LOG_DESCRIP`, `MLLE`) VALUES ('26/', 'root', '26', '2015-07-04 12:52:07', 'Ajout d\'une sous-catégorie (0104, VENTE LIBRE)', '0345Y');
INSERT INTO `logs` (`CODE_LOG`, `LOGIN`, `ID_LOG`, `LOG_DATE`, `LOG_DESCRIP`, `MLLE`) VALUES ('26/0101', 'JKoudougou', '26', '2015-07-04 15:06:18', 'Ajout d\\\'un transfert (1/0103, N°2)', '228');
INSERT INTO `logs` (`CODE_LOG`, `LOGIN`, `ID_LOG`, `LOG_DATE`, `LOG_DESCRIP`, `MLLE`) VALUES ('27/', 'root', '27', '2015-07-04 12:52:33', 'Modification d\'une sous-catégorie (0104, 02 - VENTE LIBRE)', '0345Y');
INSERT INTO `logs` (`CODE_LOG`, `LOGIN`, `ID_LOG`, `LOG_DATE`, `LOG_DESCRIP`, `MLLE`) VALUES ('27/0101', 'JKoudougou', '27', '2015-07-04 15:06:18', 'Ajout des lignes de transfert (1/0103, N°2)', '228');
INSERT INTO `logs` (`CODE_LOG`, `LOGIN`, `ID_LOG`, `LOG_DATE`, `LOG_DESCRIP`, `MLLE`) VALUES ('28/', 'root', '28', '2015-07-04 12:53:04', 'Ajout d\'une sous-catégorie (0202, VENTE AUTORISEE)', '0345Y');
INSERT INTO `logs` (`CODE_LOG`, `LOGIN`, `ID_LOG`, `LOG_DATE`, `LOG_DESCRIP`, `MLLE`) VALUES ('28/0101', 'JKoudougou', '28', '2015-07-04 15:06:18', 'Ajout d\\\'un mouvement(1/0103, N°2)', '228');
INSERT INTO `logs` (`CODE_LOG`, `LOGIN`, `ID_LOG`, `LOG_DATE`, `LOG_DESCRIP`, `MLLE`) VALUES ('29/', 'root', '29', '2015-07-04 12:54:59', 'Ajout d\'une catégorie (010201, MEG)', '0345Y');
INSERT INTO `logs` (`CODE_LOG`, `LOGIN`, `ID_LOG`, `LOG_DATE`, `LOG_DESCRIP`, `MLLE`) VALUES ('29/0101', 'JKoudougou', '29', '2015-07-04 15:13:34', 'Ajout d\'un déclassement (1/0101, Janvier N°1)', '228');
INSERT INTO `logs` (`CODE_LOG`, `LOGIN`, `ID_LOG`, `LOG_DATE`, `LOG_DESCRIP`, `MLLE`) VALUES ('3/', 'root', '3', '2015-07-04 12:07:21', 'Ajout d\'une région (DRS PLATEAU CENTRAL)', '0345Y');
INSERT INTO `logs` (`CODE_LOG`, `LOGIN`, `ID_LOG`, `LOG_DATE`, `LOG_DESCRIP`, `MLLE`) VALUES ('3/0101', 'JKoudougou', '3', '2015-07-04 14:29:48', 'Ajout d\'une commande (1/0101, COMMANDE MENSUELLE)', '228');
INSERT INTO `logs` (`CODE_LOG`, `LOGIN`, `ID_LOG`, `LOG_DATE`, `LOG_DESCRIP`, `MLLE`) VALUES ('3/0102', 'JKoudougou', '3', '2015-07-05 10:15:40', 'Ajout d\'un bon de sortie (1/0102, Bénéficiaire :CLIENT Ordinaire/N°1)', '228');
INSERT INTO `logs` (`CODE_LOG`, `LOGIN`, `ID_LOG`, `LOG_DATE`, `LOG_DESCRIP`, `MLLE`) VALUES ('3/0103', 'JKoudougou', '3', '2015-07-05 10:25:37', 'Ajout des lignes du bon de sortie(1/0103, Bénéficiaire :CONSOMMATEUR / N°2)', '228');
INSERT INTO `logs` (`CODE_LOG`, `LOGIN`, `ID_LOG`, `LOG_DATE`, `LOG_DESCRIP`, `MLLE`) VALUES ('30/', 'root', '30', '2015-07-04 12:55:19', 'Ajout d\'une catégorie (010202, CONSOMMABLES)', '0345Y');
INSERT INTO `logs` (`CODE_LOG`, `LOGIN`, `ID_LOG`, `LOG_DATE`, `LOG_DESCRIP`, `MLLE`) VALUES ('30/0101', 'JKoudougou', '30', '2015-07-04 15:13:34', 'Ajout des lignes de déclassement (1/0101, Janvier N°1)', '228');
INSERT INTO `logs` (`CODE_LOG`, `LOGIN`, `ID_LOG`, `LOG_DATE`, `LOG_DESCRIP`, `MLLE`) VALUES ('31/', 'root', '31', '2015-07-04 13:00:42', 'Ajout d\'un produit (0101, PARACETAMOL 500 mg cp blister)', '0345Y');
INSERT INTO `logs` (`CODE_LOG`, `LOGIN`, `ID_LOG`, `LOG_DATE`, `LOG_DESCRIP`, `MLLE`) VALUES ('31/0101', 'JKoudougou', '31', '2015-07-04 15:13:34', 'Ajout d\'un mouvement(1/0101, déclassement n°Janvier N°1)', '228');
INSERT INTO `logs` (`CODE_LOG`, `LOGIN`, `ID_LOG`, `LOG_DATE`, `LOG_DESCRIP`, `MLLE`) VALUES ('32/', 'root', '32', '2015-07-04 13:01:15', 'Modification d\'un produit (0101, PARACETAMOL 500 mg cp blister)', '0345Y');
INSERT INTO `logs` (`CODE_LOG`, `LOGIN`, `ID_LOG`, `LOG_DATE`, `LOG_DESCRIP`, `MLLE`) VALUES ('32/0101', 'JKoudougou', '32', '2015-07-04 15:15:24', 'Modification d\'un déclassement (1/0101, Janvier N°1)', '228');
INSERT INTO `logs` (`CODE_LOG`, `LOGIN`, `ID_LOG`, `LOG_DATE`, `LOG_DESCRIP`, `MLLE`) VALUES ('33/', 'root', '33', '2015-07-04 13:04:49', 'Ajout d\'un produit (0102, AMOXICILLINE 500 mg gel blister)', '0345Y');
INSERT INTO `logs` (`CODE_LOG`, `LOGIN`, `ID_LOG`, `LOG_DATE`, `LOG_DESCRIP`, `MLLE`) VALUES ('33/0101', 'JKoudougou', '33', '2015-07-04 15:15:24', 'Modification d\'un mouvement(1/0101, déclassement n°Janvier N°1)', '228');
INSERT INTO `logs` (`CODE_LOG`, `LOGIN`, `ID_LOG`, `LOG_DATE`, `LOG_DESCRIP`, `MLLE`) VALUES ('34/', 'root', '34', '2015-07-04 13:44:06', 'Connexion au système', '0345Y');
INSERT INTO `logs` (`CODE_LOG`, `LOGIN`, `ID_LOG`, `LOG_DATE`, `LOG_DESCRIP`, `MLLE`) VALUES ('34/0101', 'JKoudougou', '34', '2015-07-04 15:16:02', 'Annulation d\'un declassement (1/0101, )', '228');
INSERT INTO `logs` (`CODE_LOG`, `LOGIN`, `ID_LOG`, `LOG_DATE`, `LOG_DESCRIP`, `MLLE`) VALUES ('35/', 'root', '35', '2015-07-04 13:45:55', 'Ajout d\'un produit (0103, QUININE SULFATE 300mg cp blister)', '0345Y');
INSERT INTO `logs` (`CODE_LOG`, `LOGIN`, `ID_LOG`, `LOG_DATE`, `LOG_DESCRIP`, `MLLE`) VALUES ('35/0101', 'JKoudougou', '35', '2015-07-04 15:48:40', 'Modification d\'un déclassement (1/0101, Janvier N°1)', '228');
INSERT INTO `logs` (`CODE_LOG`, `LOGIN`, `ID_LOG`, `LOG_DATE`, `LOG_DESCRIP`, `MLLE`) VALUES ('36/', 'root', '36', '2015-07-04 13:47:44', 'Ajout d\'un produit (0104, METRONIDAZOLE 250mg cp blister)', '0345Y');
INSERT INTO `logs` (`CODE_LOG`, `LOGIN`, `ID_LOG`, `LOG_DATE`, `LOG_DESCRIP`, `MLLE`) VALUES ('36/0101', 'JKoudougou', '36', '2015-07-04 15:48:40', 'Modification d\'un mouvement(1/0101, déclassement n°Janvier N°1)', '228');
INSERT INTO `logs` (`CODE_LOG`, `LOGIN`, `ID_LOG`, `LOG_DATE`, `LOG_DESCRIP`, `MLLE`) VALUES ('37/', 'root', '37', '2015-07-04 13:51:22', 'Ajout d\'un produit (0105, CEFTRIAXONE 1g inj.)', '0345Y');
INSERT INTO `logs` (`CODE_LOG`, `LOGIN`, `ID_LOG`, `LOG_DATE`, `LOG_DESCRIP`, `MLLE`) VALUES ('37/0101', 'JKoudougou', '37', '2015-07-04 16:01:06', 'Ajout d\'un déclassement (2/0101, Janvier N°2)', '228');
INSERT INTO `logs` (`CODE_LOG`, `LOGIN`, `ID_LOG`, `LOG_DATE`, `LOG_DESCRIP`, `MLLE`) VALUES ('38/', 'root', '38', '2015-07-04 13:52:30', 'Connexion au système', '0345Y');
INSERT INTO `logs` (`CODE_LOG`, `LOGIN`, `ID_LOG`, `LOG_DATE`, `LOG_DESCRIP`, `MLLE`) VALUES ('38/0101', 'JKoudougou', '38', '2015-07-04 16:01:06', 'Ajout des lignes de déclassement (2/0101, Janvier N°2)', '228');
INSERT INTO `logs` (`CODE_LOG`, `LOGIN`, `ID_LOG`, `LOG_DATE`, `LOG_DESCRIP`, `MLLE`) VALUES ('39/', 'root', '39', '2015-07-04 13:53:48', 'Modification d\'une unite (UNIT, U, )', '0345Y');
INSERT INTO `logs` (`CODE_LOG`, `LOGIN`, `ID_LOG`, `LOG_DATE`, `LOG_DESCRIP`, `MLLE`) VALUES ('39/0101', 'JKoudougou', '39', '2015-07-04 16:01:06', 'Ajout d\'un mouvement(2/0101, déclassement n°Janvier N°2)', '228');
INSERT INTO `logs` (`CODE_LOG`, `LOGIN`, `ID_LOG`, `LOG_DATE`, `LOG_DESCRIP`, `MLLE`) VALUES ('4/', 'root', '4', '2015-07-04 12:07:47', 'Ajout d\'une province (District Sanitaire ZINIARE)', '0345Y');
INSERT INTO `logs` (`CODE_LOG`, `LOGIN`, `ID_LOG`, `LOG_DATE`, `LOG_DESCRIP`, `MLLE`) VALUES ('4/0101', 'JKoudougou', '4', '2015-07-04 14:29:48', 'Ajout des lignes de commandes (1/0101, COMMANDE MENSUELLE)', '228');
INSERT INTO `logs` (`CODE_LOG`, `LOGIN`, `ID_LOG`, `LOG_DATE`, `LOG_DESCRIP`, `MLLE`) VALUES ('4/0102', 'JKoudougou', '4', '2015-07-05 10:15:40', 'Ajout des lignes du bon de sortie(1/0102, Bénéficiaire :CLIENT Ordinaire / N°1)', '228');
INSERT INTO `logs` (`CODE_LOG`, `LOGIN`, `ID_LOG`, `LOG_DATE`, `LOG_DESCRIP`, `MLLE`) VALUES ('4/0103', 'JKoudougou', '4', '2015-07-05 10:25:37', 'Ajout d\'un mouvement(1/0103, Bénéficiaire CONSOMMATEUR / N°2)', '228');
INSERT INTO `logs` (`CODE_LOG`, `LOGIN`, `ID_LOG`, `LOG_DATE`, `LOG_DESCRIP`, `MLLE`) VALUES ('40/', 'root', '40', '2015-07-04 13:54:17', 'Modification d\'un produit (0101, PARACETAMOL 500 mg cp blister)', '0345Y');
INSERT INTO `logs` (`CODE_LOG`, `LOGIN`, `ID_LOG`, `LOG_DATE`, `LOG_DESCRIP`, `MLLE`) VALUES ('40/0101', 'JKoudougou', '40', '2015-07-04 16:01:17', 'Modification d\'un déclassement (2/0101, Janvier N°2)', '228');
INSERT INTO `logs` (`CODE_LOG`, `LOGIN`, `ID_LOG`, `LOG_DATE`, `LOG_DESCRIP`, `MLLE`) VALUES ('41/', 'root', '41', '2015-07-04 14:01:40', 'Connexion au système', '0345Y');
INSERT INTO `logs` (`CODE_LOG`, `LOGIN`, `ID_LOG`, `LOG_DATE`, `LOG_DESCRIP`, `MLLE`) VALUES ('41/0101', 'JKoudougou', '41', '2015-07-04 16:01:17', 'Modification d\'un mouvement(2/0101, déclassement n°Janvier N°2)', '228');
INSERT INTO `logs` (`CODE_LOG`, `LOGIN`, `ID_LOG`, `LOG_DATE`, `LOG_DESCRIP`, `MLLE`) VALUES ('42/', 'root', '42', '2015-07-04 14:02:36', 'Ajout d\'un type de bénéficiaire (Indeterminé, Indeterminé)', '0345Y');
INSERT INTO `logs` (`CODE_LOG`, `LOGIN`, `ID_LOG`, `LOG_DATE`, `LOG_DESCRIP`, `MLLE`) VALUES ('42/0101', 'JKoudougou', '42', '2015-07-04 16:03:08', 'Ajout d\'un déclassement (3/0101, PRODUITS AVARIES JANVIER)', '228');
INSERT INTO `logs` (`CODE_LOG`, `LOGIN`, `ID_LOG`, `LOG_DATE`, `LOG_DESCRIP`, `MLLE`) VALUES ('43/', 'root', '43', '2015-07-04 14:03:12', 'Ajout d\'un type de bénéficiaire (Femmes en âge de procréer, Femmes en âge de procréer)', '0345Y');
INSERT INTO `logs` (`CODE_LOG`, `LOGIN`, `ID_LOG`, `LOG_DATE`, `LOG_DESCRIP`, `MLLE`) VALUES ('43/0101', 'JKoudougou', '43', '2015-07-04 16:03:08', 'Ajout des lignes de déclassement (3/0101, PRODUITS AVARIES JANVIER)', '228');
INSERT INTO `logs` (`CODE_LOG`, `LOGIN`, `ID_LOG`, `LOG_DATE`, `LOG_DESCRIP`, `MLLE`) VALUES ('44/', 'root', '44', '2015-07-04 14:03:57', 'Ajout d\'un bénéficiaire (0101, CLIENT Ordinaire)', '0345Y');
INSERT INTO `logs` (`CODE_LOG`, `LOGIN`, `ID_LOG`, `LOG_DATE`, `LOG_DESCRIP`, `MLLE`) VALUES ('44/0101', 'JKoudougou', '44', '2015-07-04 16:03:08', 'Ajout d\'un mouvement(3/0101, déclassement n°PRODUITS AVARIES JANVIER)', '228');
INSERT INTO `logs` (`CODE_LOG`, `LOGIN`, `ID_LOG`, `LOG_DATE`, `LOG_DESCRIP`, `MLLE`) VALUES ('45/', 'root', '45', '2015-07-04 14:04:23', 'Ajout d\'un bénéficiaire (0102, CONSOMMATEUR)', '0345Y');
INSERT INTO `logs` (`CODE_LOG`, `LOGIN`, `ID_LOG`, `LOG_DATE`, `LOG_DESCRIP`, `MLLE`) VALUES ('45/0101', 'JKoudougou', '45', '2015-07-04 16:03:20', 'Modification d\'un déclassement (3/0101, PRODUITS AVARIES JANVIER)', '228');
INSERT INTO `logs` (`CODE_LOG`, `LOGIN`, `ID_LOG`, `LOG_DATE`, `LOG_DESCRIP`, `MLLE`) VALUES ('46/', 'root', '46', '2015-07-04 14:05:31', 'Ajout d\'une province (District Sanitaire BOUSSE)', '0345Y');
INSERT INTO `logs` (`CODE_LOG`, `LOGIN`, `ID_LOG`, `LOG_DATE`, `LOG_DESCRIP`, `MLLE`) VALUES ('46/0101', 'JKoudougou', '46', '2015-07-04 16:03:20', 'Modification d\'un mouvement(3/0101, déclassement n°PRODUITS AVARIES JANVIER)', '228');
INSERT INTO `logs` (`CODE_LOG`, `LOGIN`, `ID_LOG`, `LOG_DATE`, `LOG_DESCRIP`, `MLLE`) VALUES ('47/', 'root', '47', '2015-07-04 14:06:36', 'Ajout d\'un service (0201, DRD BOUSSE)', '0345Y');
INSERT INTO `logs` (`CODE_LOG`, `LOGIN`, `ID_LOG`, `LOG_DATE`, `LOG_DESCRIP`, `MLLE`) VALUES ('47/0101', 'JKoudougou', '47', '2015-07-04 16:04:57', 'Ajout d\'un déclassement (4/0101, Janvier N°4)', '228');
INSERT INTO `logs` (`CODE_LOG`, `LOGIN`, `ID_LOG`, `LOG_DATE`, `LOG_DESCRIP`, `MLLE`) VALUES ('48/', 'root', '48', '2015-07-04 14:07:19', 'Ajout d\'un service (0202, LAYE)', '0345Y');
INSERT INTO `logs` (`CODE_LOG`, `LOGIN`, `ID_LOG`, `LOG_DATE`, `LOG_DESCRIP`, `MLLE`) VALUES ('48/0101', 'JKoudougou', '48', '2015-07-04 16:04:57', 'Ajout des lignes de déclassement (4/0101, Janvier N°4)', '228');
INSERT INTO `logs` (`CODE_LOG`, `LOGIN`, `ID_LOG`, `LOG_DATE`, `LOG_DESCRIP`, `MLLE`) VALUES ('49/', 'root', '49', '2015-07-04 14:07:52', 'Ajout d\'un service (0203, NIOU)', '0345Y');
INSERT INTO `logs` (`CODE_LOG`, `LOGIN`, `ID_LOG`, `LOG_DATE`, `LOG_DESCRIP`, `MLLE`) VALUES ('49/0101', 'JKoudougou', '49', '2015-07-04 16:04:57', 'Ajout d\'un mouvement(4/0101, déclassement n°Janvier N°4)', '228');
INSERT INTO `logs` (`CODE_LOG`, `LOGIN`, `ID_LOG`, `LOG_DATE`, `LOG_DESCRIP`, `MLLE`) VALUES ('5/', 'root', '5', '2015-07-04 12:09:48', 'Ajout d\'un service (0101, DRD ZINIARE)', '0345Y');
INSERT INTO `logs` (`CODE_LOG`, `LOGIN`, `ID_LOG`, `LOG_DATE`, `LOG_DESCRIP`, `MLLE`) VALUES ('5/0101', 'JKoudougou', '5', '2015-07-04 14:30:56', 'Validation d\'une commande (1/0101, COMMANDE MENSUELLE / N°1)', '228');
INSERT INTO `logs` (`CODE_LOG`, `LOGIN`, `ID_LOG`, `LOG_DATE`, `LOG_DESCRIP`, `MLLE`) VALUES ('5/0102', 'JKoudougou', '5', '2015-07-05 10:15:40', 'Ajout d\'un mouvement(1/0102, Bénéficiaire CLIENT Ordinaire / N°1)', '228');
INSERT INTO `logs` (`CODE_LOG`, `LOGIN`, `ID_LOG`, `LOG_DATE`, `LOG_DESCRIP`, `MLLE`) VALUES ('5/0103', 'JKoudougou', '5', '2015-07-05 10:25:48', 'Modification d\'un bon de sortie (1/0103, bénéficiaire :CONSOMMATEUR)', '228');
INSERT INTO `logs` (`CODE_LOG`, `LOGIN`, `ID_LOG`, `LOG_DATE`, `LOG_DESCRIP`, `MLLE`) VALUES ('50/', 'root', '50', '2015-07-04 14:08:17', 'Ajout d\'un service (0201, DRD BOUSSE)', '0345Y');
INSERT INTO `logs` (`CODE_LOG`, `LOGIN`, `ID_LOG`, `LOG_DATE`, `LOG_DESCRIP`, `MLLE`) VALUES ('50/0101', 'JKoudougou', '50', '2015-07-04 16:05:48', 'Modification d\'un déclassement (4/0101, Janvier N°4)', '228');
INSERT INTO `logs` (`CODE_LOG`, `LOGIN`, `ID_LOG`, `LOG_DATE`, `LOG_DESCRIP`, `MLLE`) VALUES ('51/', 'root', '51', '2015-07-04 14:12:15', 'Connexion au système', '0345Y');
INSERT INTO `logs` (`CODE_LOG`, `LOGIN`, `ID_LOG`, `LOG_DATE`, `LOG_DESCRIP`, `MLLE`) VALUES ('51/0101', 'JKoudougou', '51', '2015-07-04 16:05:48', 'Modification d\'un mouvement(4/0101, déclassement n°Janvier N°4)', '228');
INSERT INTO `logs` (`CODE_LOG`, `LOGIN`, `ID_LOG`, `LOG_DATE`, `LOG_DESCRIP`, `MLLE`) VALUES ('52/', 'root', '52', '2015-07-04 14:14:19', 'Ajout d\'une personne (228, KOUDOUGOU Joachim Germain)', '0345Y');
INSERT INTO `logs` (`CODE_LOG`, `LOGIN`, `ID_LOG`, `LOG_DATE`, `LOG_DESCRIP`, `MLLE`) VALUES ('52/0101', 'JKoudougou', '52', '2015-07-04 16:10:28', 'Changement de l\'exercice budgétaire (2015, 2015 / , 0101)', '228');
INSERT INTO `logs` (`CODE_LOG`, `LOGIN`, `ID_LOG`, `LOG_DATE`, `LOG_DESCRIP`, `MLLE`) VALUES ('53/', 'root', '53', '2015-07-04 14:14:37', 'Modification d\'une personne (228, 228)', '0345Y');
INSERT INTO `logs` (`CODE_LOG`, `LOGIN`, `ID_LOG`, `LOG_DATE`, `LOG_DESCRIP`, `MLLE`) VALUES ('53/0101', 'JKoudougou', '53', '2015-07-05 10:54:35', 'Changement de l\'exercice budgétaire (2015, 2015 / , 0101)', '228');
INSERT INTO `logs` (`CODE_LOG`, `LOGIN`, `ID_LOG`, `LOG_DATE`, `LOG_DESCRIP`, `MLLE`) VALUES ('54/', 'root', '54', '2015-07-04 14:14:54', 'Modification d\'une personne (228, 228)', '0345Y');
INSERT INTO `logs` (`CODE_LOG`, `LOGIN`, `ID_LOG`, `LOG_DATE`, `LOG_DESCRIP`, `MLLE`) VALUES ('54/0101', 'JKoudougou', '54', '2015-07-05 12:17:08', 'Changement de l\'exercice budgétaire (2015, 2015 / 0103, 0101)', '228');
INSERT INTO `logs` (`CODE_LOG`, `LOGIN`, `ID_LOG`, `LOG_DATE`, `LOG_DESCRIP`, `MLLE`) VALUES ('55/', 'root', '55', '2015-07-04 14:16:36', 'Ajout d\'un compte utilisateur (JKoudougou, 228)', '0345Y');
INSERT INTO `logs` (`CODE_LOG`, `LOGIN`, `ID_LOG`, `LOG_DATE`, `LOG_DESCRIP`, `MLLE`) VALUES ('55/0101', 'JKoudougou', '55', '2015-07-05 13:20:15', 'Changement de l\'exercice budgétaire (2015, 2015 / 0102, 0101)', '228');
INSERT INTO `logs` (`CODE_LOG`, `LOGIN`, `ID_LOG`, `LOG_DATE`, `LOG_DESCRIP`, `MLLE`) VALUES ('56/', 'root', '56', '2015-07-04 14:18:44', 'Modification des affectations de site (JKoudougou, 228)', '0345Y');
INSERT INTO `logs` (`CODE_LOG`, `LOGIN`, `ID_LOG`, `LOG_DATE`, `LOG_DESCRIP`, `MLLE`) VALUES ('56/0101', 'JKoudougou', '56', '2015-07-05 15:02:51', 'Ajout d\\\'un inventaire (1/0101, hj)', '228');
INSERT INTO `logs` (`CODE_LOG`, `LOGIN`, `ID_LOG`, `LOG_DATE`, `LOG_DESCRIP`, `MLLE`) VALUES ('57/', 'root', '57', '2015-07-04 14:19:12', 'Déconnexion du système échouée', '0345Y');
INSERT INTO `logs` (`CODE_LOG`, `LOGIN`, `ID_LOG`, `LOG_DATE`, `LOG_DESCRIP`, `MLLE`) VALUES ('57/0101', 'JKoudougou', '57', '2015-07-05 15:02:51', 'Ajout des lignes de inventaire (1/0101, hj)', '228');
INSERT INTO `logs` (`CODE_LOG`, `LOGIN`, `ID_LOG`, `LOG_DATE`, `LOG_DESCRIP`, `MLLE`) VALUES ('58/', 'JKoudougou', '58', '2015-07-04 14:19:19', 'Connexion au système', '228');
INSERT INTO `logs` (`CODE_LOG`, `LOGIN`, `ID_LOG`, `LOG_DATE`, `LOG_DESCRIP`, `MLLE`) VALUES ('58/0101', 'JKoudougou', '58', '2015-07-05 15:04:10', 'Validation d\'un inventaire (1/0101, hj, 2015-07-05)', '228');
INSERT INTO `logs` (`CODE_LOG`, `LOGIN`, `ID_LOG`, `LOG_DATE`, `LOG_DESCRIP`, `MLLE`) VALUES ('59/', 'JKoudougou', '59', '2015-07-04 14:19:24', 'Changement de l\'exercice budgétaire (2015, 2015 / , )', '228');
INSERT INTO `logs` (`CODE_LOG`, `LOGIN`, `ID_LOG`, `LOG_DATE`, `LOG_DESCRIP`, `MLLE`) VALUES ('59/0101', 'JKoudougou', '59', '2015-07-05 15:04:10', 'Validation des lignes de inventaire (1/0101, hj, 2015-07-05)', '228');
INSERT INTO `logs` (`CODE_LOG`, `LOGIN`, `ID_LOG`, `LOG_DATE`, `LOG_DESCRIP`, `MLLE`) VALUES ('6/', 'root', '6', '2015-07-04 12:11:48', 'Ajout d\'un service (0102, GUE)', '0345Y');
INSERT INTO `logs` (`CODE_LOG`, `LOGIN`, `ID_LOG`, `LOG_DATE`, `LOG_DESCRIP`, `MLLE`) VALUES ('6/0101', 'JKoudougou', '6', '2015-07-04 14:40:18', 'Ajout d\'une livraison (1/0101, commande n° 1/0101)', '228');
INSERT INTO `logs` (`CODE_LOG`, `LOGIN`, `ID_LOG`, `LOG_DATE`, `LOG_DESCRIP`, `MLLE`) VALUES ('6/0102', 'JKoudougou', '6', '2015-07-05 10:16:19', 'Modification d\'un bon de sortie (1/0102, bénéficiaire :CLIENT Ordinaire)', '228');
INSERT INTO `logs` (`CODE_LOG`, `LOGIN`, `ID_LOG`, `LOG_DATE`, `LOG_DESCRIP`, `MLLE`) VALUES ('6/0103', 'JKoudougou', '6', '2015-07-05 10:25:48', 'Validation d\'un mouvement(1/0103, Bénéficiaire CONSOMMATEUR / N°2)', '228');
INSERT INTO `logs` (`CODE_LOG`, `LOGIN`, `ID_LOG`, `LOG_DATE`, `LOG_DESCRIP`, `MLLE`) VALUES ('60/', 'root', '60', '2015-07-04 14:25:57', 'Connexion au système', '0345Y');
INSERT INTO `logs` (`CODE_LOG`, `LOGIN`, `ID_LOG`, `LOG_DATE`, `LOG_DESCRIP`, `MLLE`) VALUES ('60/0101', 'JKoudougou', '60', '2015-07-06 19:44:38', 'Changement de l\'exercice budgétaire (2015, 2015 / , 0101)', '228');
INSERT INTO `logs` (`CODE_LOG`, `LOGIN`, `ID_LOG`, `LOG_DATE`, `LOG_DESCRIP`, `MLLE`) VALUES ('61/', 'root', '61', '2015-07-04 14:26:04', 'Déconnexion du système échouée', '0345Y');
INSERT INTO `logs` (`CODE_LOG`, `LOGIN`, `ID_LOG`, `LOG_DATE`, `LOG_DESCRIP`, `MLLE`) VALUES ('62/', 'JKoudougou', '62', '2015-07-04 14:26:16', 'Connexion au système', '228');
INSERT INTO `logs` (`CODE_LOG`, `LOGIN`, `ID_LOG`, `LOG_DATE`, `LOG_DESCRIP`, `MLLE`) VALUES ('63/', 'JKoudougou', '63', '2015-07-04 14:26:24', 'Changement de l\'exercice budgétaire (2015, 2015 / , )', '228');
INSERT INTO `logs` (`CODE_LOG`, `LOGIN`, `ID_LOG`, `LOG_DATE`, `LOG_DESCRIP`, `MLLE`) VALUES ('64/', 'JKoudougou', '64', '2015-07-04 16:10:15', 'Connexion au système', '228');
INSERT INTO `logs` (`CODE_LOG`, `LOGIN`, `ID_LOG`, `LOG_DATE`, `LOG_DESCRIP`, `MLLE`) VALUES ('65/', 'JKoudougou', '65', '2015-07-04 16:10:24', 'Changement de l\'exercice budgétaire (2015, 2015 / , )', '228');
INSERT INTO `logs` (`CODE_LOG`, `LOGIN`, `ID_LOG`, `LOG_DATE`, `LOG_DESCRIP`, `MLLE`) VALUES ('66/', 'JKoudougou', '66', '2015-07-05 10:10:28', 'Connexion au système', '228');
INSERT INTO `logs` (`CODE_LOG`, `LOGIN`, `ID_LOG`, `LOG_DATE`, `LOG_DESCRIP`, `MLLE`) VALUES ('67/', 'JKoudougou', '67', '2015-07-05 10:10:36', 'Changement de l\'exercice budgétaire (2015, 2015 / , )', '228');
INSERT INTO `logs` (`CODE_LOG`, `LOGIN`, `ID_LOG`, `LOG_DATE`, `LOG_DESCRIP`, `MLLE`) VALUES ('68/', 'JKoudougou', '68', '2015-07-05 10:54:24', 'Connexion au système', '228');
INSERT INTO `logs` (`CODE_LOG`, `LOGIN`, `ID_LOG`, `LOG_DATE`, `LOG_DESCRIP`, `MLLE`) VALUES ('69/', 'JKoudougou', '69', '2015-07-05 10:54:32', 'Changement de l\'exercice budgétaire (2015, 2015 / , )', '228');
INSERT INTO `logs` (`CODE_LOG`, `LOGIN`, `ID_LOG`, `LOG_DATE`, `LOG_DESCRIP`, `MLLE`) VALUES ('7/', 'root', '7', '2015-07-04 12:12:24', 'Ajout d\'un service (0103, GOUDRY)', '0345Y');
INSERT INTO `logs` (`CODE_LOG`, `LOGIN`, `ID_LOG`, `LOG_DATE`, `LOG_DESCRIP`, `MLLE`) VALUES ('7/0101', 'JKoudougou', '7', '2015-07-04 14:40:18', 'Ajout des lignes de livraison(1/0101, commande n°1/0101)', '228');
INSERT INTO `logs` (`CODE_LOG`, `LOGIN`, `ID_LOG`, `LOG_DATE`, `LOG_DESCRIP`, `MLLE`) VALUES ('7/0102', 'JKoudougou', '7', '2015-07-05 10:16:19', 'Validation d\'un mouvement(1/0102, Bénéficiaire CLIENT Ordinaire / N°1)', '228');
INSERT INTO `logs` (`CODE_LOG`, `LOGIN`, `ID_LOG`, `LOG_DATE`, `LOG_DESCRIP`, `MLLE`) VALUES ('7/0103', 'JKoudougou', '7', '2015-07-05 10:29:02', 'Ajout d\'un déclassement (1/0103, casses de janvier 2015)', '228');
INSERT INTO `logs` (`CODE_LOG`, `LOGIN`, `ID_LOG`, `LOG_DATE`, `LOG_DESCRIP`, `MLLE`) VALUES ('70/', 'JKoudougou', '70', '2015-07-05 10:56:23', 'Connexion au système', '228');
INSERT INTO `logs` (`CODE_LOG`, `LOGIN`, `ID_LOG`, `LOG_DATE`, `LOG_DESCRIP`, `MLLE`) VALUES ('71/', 'JKoudougou', '71', '2015-07-05 10:56:39', 'Changement de l\'exercice budgétaire (2015, 2015 / , )', '228');
INSERT INTO `logs` (`CODE_LOG`, `LOGIN`, `ID_LOG`, `LOG_DATE`, `LOG_DESCRIP`, `MLLE`) VALUES ('72/', 'root', '72', '2015-07-06 12:01:08', 'Connexion au système', '0345Y');
INSERT INTO `logs` (`CODE_LOG`, `LOGIN`, `ID_LOG`, `LOG_DATE`, `LOG_DESCRIP`, `MLLE`) VALUES ('73/', 'JKoudougou', '73', '2015-07-06 12:01:54', 'Connexion au système', '228');
INSERT INTO `logs` (`CODE_LOG`, `LOGIN`, `ID_LOG`, `LOG_DATE`, `LOG_DESCRIP`, `MLLE`) VALUES ('74/', 'JKoudougou', '74', '2015-07-06 12:02:22', 'Modification d\'un compte utilisateur (JKoudougou, 228)', '228');
INSERT INTO `logs` (`CODE_LOG`, `LOGIN`, `ID_LOG`, `LOG_DATE`, `LOG_DESCRIP`, `MLLE`) VALUES ('75/', 'JKoudougou', '75', '2015-07-06 12:38:57', 'Modification d\'un compte utilisateur (JKoudougou, 228)', '228');
INSERT INTO `logs` (`CODE_LOG`, `LOGIN`, `ID_LOG`, `LOG_DATE`, `LOG_DESCRIP`, `MLLE`) VALUES ('76/', 'JKoudougou', '76', '2015-07-06 12:42:54', 'Modification d\'un compte utilisateur (JKoudougou, 228)', '228');
INSERT INTO `logs` (`CODE_LOG`, `LOGIN`, `ID_LOG`, `LOG_DATE`, `LOG_DESCRIP`, `MLLE`) VALUES ('77/', 'JKoudougou', '77', '2015-07-06 19:43:17', 'Connexion au système', '228');
INSERT INTO `logs` (`CODE_LOG`, `LOGIN`, `ID_LOG`, `LOG_DATE`, `LOG_DESCRIP`, `MLLE`) VALUES ('78/', 'JKoudougou', '78', '2015-07-06 19:44:34', 'Changement de l\'exercice budgétaire (2015, 2015 / , )', '228');
INSERT INTO `logs` (`CODE_LOG`, `LOGIN`, `ID_LOG`, `LOG_DATE`, `LOG_DESCRIP`, `MLLE`) VALUES ('8/', 'root', '8', '2015-07-04 12:13:21', 'Ajout d\'un type de bénéficiaire (CAMEG, CAMEG)', '0345Y');
INSERT INTO `logs` (`CODE_LOG`, `LOGIN`, `ID_LOG`, `LOG_DATE`, `LOG_DESCRIP`, `MLLE`) VALUES ('8/0101', 'JKoudougou', '8', '2015-07-04 14:40:18', 'Ajout d\'un mouvement(1/0101, commande n°1/0101)', '228');
INSERT INTO `logs` (`CODE_LOG`, `LOGIN`, `ID_LOG`, `LOG_DATE`, `LOG_DESCRIP`, `MLLE`) VALUES ('8/0102', 'JKoudougou', '8', '2015-07-05 10:22:18', 'Ajout d\'un déclassement (1/0102, PRODUITS AVARIES JANVIER 2015)', '228');
INSERT INTO `logs` (`CODE_LOG`, `LOGIN`, `ID_LOG`, `LOG_DATE`, `LOG_DESCRIP`, `MLLE`) VALUES ('8/0103', 'JKoudougou', '8', '2015-07-05 10:29:02', 'Ajout des lignes de déclassement (1/0103, casses de janvier 2015)', '228');
INSERT INTO `logs` (`CODE_LOG`, `LOGIN`, `ID_LOG`, `LOG_DATE`, `LOG_DESCRIP`, `MLLE`) VALUES ('9/', 'root', '9', '2015-07-04 12:13:42', 'Ajout d\'un type de bénéficiaire (UNFPA, UNFPA)', '0345Y');
INSERT INTO `logs` (`CODE_LOG`, `LOGIN`, `ID_LOG`, `LOG_DATE`, `LOG_DESCRIP`, `MLLE`) VALUES ('9/0101', 'JKoudougou', '9', '2015-07-04 14:41:19', 'Validation d\'une livraison (1/0101, Livraison n°N°1)', '228');
INSERT INTO `logs` (`CODE_LOG`, `LOGIN`, `ID_LOG`, `LOG_DATE`, `LOG_DESCRIP`, `MLLE`) VALUES ('9/0102', 'JKoudougou', '9', '2015-07-05 10:22:18', 'Ajout des lignes de déclassement (1/0102, PRODUITS AVARIES JANVIER 2015)', '228');
INSERT INTO `logs` (`CODE_LOG`, `LOGIN`, `ID_LOG`, `LOG_DATE`, `LOG_DESCRIP`, `MLLE`) VALUES ('9/0103', 'JKoudougou', '9', '2015-07-05 10:29:02', 'Ajout d\'un mouvement(1/0103, déclassement n°casses de janvier 2015)', '228');
