INSERT INTO `region` (`IDREGION`, `REGION`) VALUES ('11', 'Channel');
INSERT INTO `region` (`IDREGION`, `REGION`) VALUES ('14', 'DRS PLATEAU CENTRAL');
INSERT INTO `province` (`IDPROVINCE`, `IDREGION`, `PROVINCE`) VALUES  ('6', '11', 'channel');
INSERT INTO `province` (`IDPROVINCE`, `IDREGION`, `PROVINCE`) VALUES  ('1305', '14', 'District Sanitaire ZINIARE');
INSERT INTO `province` (`IDPROVINCE`, `IDREGION`, `PROVINCE`) VALUES  ('1306', '14', 'District Sanitaire BOUSSE');
INSERT INTO `magasin` (`CODE_MAGASIN`, `IDPROVINCE`, `SER_NOM`, `SER_EMAIL`, `SER_TEL`, `SER_VILLE`) VALUES  ('0101', '1305', 'DRD ZINIARE', '', '', 'ZINIARE');
INSERT INTO `magasin` (`CODE_MAGASIN`, `IDPROVINCE`, `SER_NOM`, `SER_EMAIL`, `SER_TEL`, `SER_VILLE`) VALUES  ('0102', '1305', 'GUE', '', '', 'GUE');
INSERT INTO `magasin` (`CODE_MAGASIN`, `IDPROVINCE`, `SER_NOM`, `SER_EMAIL`, `SER_TEL`, `SER_VILLE`) VALUES  ('0103', '1305', 'GOUDRY', '', '', 'GOUDRY');
INSERT INTO `magasin` (`CODE_MAGASIN`, `IDPROVINCE`, `SER_NOM`, `SER_EMAIL`, `SER_TEL`, `SER_VILLE`) VALUES  ('0201', '1306', 'DRD BOUSSE', '', '', 'BOUSSE');
INSERT INTO `magasin` (`CODE_MAGASIN`, `IDPROVINCE`, `SER_NOM`, `SER_EMAIL`, `SER_TEL`, `SER_VILLE`) VALUES  ('0202', '1306', 'LAYE', '', '', 'LAYE');
INSERT INTO `magasin` (`CODE_MAGASIN`, `IDPROVINCE`, `SER_NOM`, `SER_EMAIL`, `SER_TEL`, `SER_VILLE`) VALUES  ('0203', '1306', 'NIOU', '', '', 'NIOU');
INSERT INTO `magasin` (`CODE_MAGASIN`, `IDPROVINCE`, `SER_NOM`, `SER_EMAIL`, `SER_TEL`, `SER_VILLE`) VALUES  ('99999', '6', 'Channel', '', '', '');
INSERT INTO `unite` (`ID_UNITE`, `UT_LIBELLE`) VALUES ('FLC', 'Flacon');
INSERT INTO `unite` (`ID_UNITE`, `UT_LIBELLE`) VALUES ('PQ', 'Paquet');
INSERT INTO `unite` (`ID_UNITE`, `UT_LIBELLE`) VALUES ('PQT', 'Plaquette');
INSERT INTO `unite` (`ID_UNITE`, `UT_LIBELLE`) VALUES ('U', 'Unité');
INSERT INTO `sousgroupe` (`CODESOUSGROUP`, `SOUSGROUPE`) VALUES ('010201', 'MEG');
INSERT INTO `sousgroupe` (`CODESOUSGROUP`, `SOUSGROUPE`) VALUES ('010202', 'CONSOMMABLES');
INSERT INTO `categorie` (`CODE_CATEGORIE`, `CAT_LIBELLE`) VALUES ('01', 'ENREGISTRES');
INSERT INTO `categorie` (`CODE_CATEGORIE`, `CAT_LIBELLE`) VALUES ('02', 'NON ENREGISTRES');
INSERT INTO `souscategorie` (`CODE_SOUSCATEGORIE`, `CODE_CATEGORIE`, `SOUSCAT_LIBELLE`) VALUES  ('0101', '01', 'ORDINAIRES');
INSERT INTO `souscategorie` (`CODE_SOUSCATEGORIE`, `CODE_CATEGORIE`, `SOUSCAT_LIBELLE`) VALUES  ('0102', '01', 'SPECIFIQUES');
INSERT INTO `souscategorie` (`CODE_SOUSCATEGORIE`, `CODE_CATEGORIE`, `SOUSCAT_LIBELLE`) VALUES  ('0201', '02', 'VENTE LIBRE');
INSERT INTO `souscategorie` (`CODE_SOUSCATEGORIE`, `CODE_CATEGORIE`, `SOUSCAT_LIBELLE`) VALUES  ('0202', '02', 'VENTE AUTORISEE');
INSERT INTO `produit` (`CODE_PRODUIT`, `ID_UNITE`, `CODE_SOUSCATEGORIE`, `PRD_LIBELLE`, `PRD_DESCRIP`, `PRD_PRIXACHAT`, `PRD_PRIXREVIENT`, `PRD_PRIXVENTE`, `PRD_SEUILMIN`, `PRD_SEUILMAX`, `PRD_CONDITIONNE`, `PRD_CODEPRDUIT`, `PRD_NBRE_ELT`, `PRD_DIMENSION`) VALUES ('0101', 'U', '0101','PARACETAMOL 500 mg cp blister', '', '3.00', '3.00', '4.00', '1', '2', '0', '','','');
INSERT INTO `produit` (`CODE_PRODUIT`, `ID_UNITE`, `CODE_SOUSCATEGORIE`, `PRD_LIBELLE`, `PRD_DESCRIP`, `PRD_PRIXACHAT`, `PRD_PRIXREVIENT`, `PRD_PRIXVENTE`, `PRD_SEUILMIN`, `PRD_SEUILMAX`, `PRD_CONDITIONNE`, `PRD_CODEPRDUIT`, `PRD_NBRE_ELT`, `PRD_DIMENSION`) VALUES ('0102', 'U', '0101','AMOXICILLINE 500 mg gel blister', '', '5.00', '5.00', '10.00', '1', '2', '', '','','');
INSERT INTO `produit` (`CODE_PRODUIT`, `ID_UNITE`, `CODE_SOUSCATEGORIE`, `PRD_LIBELLE`, `PRD_DESCRIP`, `PRD_PRIXACHAT`, `PRD_PRIXREVIENT`, `PRD_PRIXVENTE`, `PRD_SEUILMIN`, `PRD_SEUILMAX`, `PRD_CONDITIONNE`, `PRD_CODEPRDUIT`, `PRD_NBRE_ELT`, `PRD_DIMENSION`) VALUES ('0103', 'PQT', '0202','QUININE SULFATE 300mg cp blister', '', '30.00', '30.00', '40.00', '1', '2', '', '','','');
INSERT INTO `produit` (`CODE_PRODUIT`, `ID_UNITE`, `CODE_SOUSCATEGORIE`, `PRD_LIBELLE`, `PRD_DESCRIP`, `PRD_PRIXACHAT`, `PRD_PRIXREVIENT`, `PRD_PRIXVENTE`, `PRD_SEUILMIN`, `PRD_SEUILMAX`, `PRD_CONDITIONNE`, `PRD_CODEPRDUIT`, `PRD_NBRE_ELT`, `PRD_DIMENSION`) VALUES ('0104', 'U', '0202','METRONIDAZOLE 250mg cp blister', '', '7.00', '7.00', '10.00', '1', '2', '', '','','');
INSERT INTO `produit` (`CODE_PRODUIT`, `ID_UNITE`, `CODE_SOUSCATEGORIE`, `PRD_LIBELLE`, `PRD_DESCRIP`, `PRD_PRIXACHAT`, `PRD_PRIXREVIENT`, `PRD_PRIXVENTE`, `PRD_SEUILMIN`, `PRD_SEUILMAX`, `PRD_CONDITIONNE`, `PRD_CODEPRDUIT`, `PRD_NBRE_ELT`, `PRD_DIMENSION`) VALUES ('0105', 'FLC', '0102','CEFTRIAXONE 1g inj.', '', '300.00', '300.00', '400.00', '1', '2', '', '','','');
INSERT INTO `menu` (`IDMENU`, `LIBMENU`) VALUES ('aid', 'Menu -> Aide');
INSERT INTO `menu` (`IDMENU`, `LIBMENU`) VALUES ('bde', 'Menu -> Entrée de produits');
INSERT INTO `menu` (`IDMENU`, `LIBMENU`) VALUES ('bde_cde', ' -- Sous menu ->Commandes');
INSERT INTO `menu` (`IDMENU`, `LIBMENU`) VALUES ('bde_liv', ' -- Sous menu ->Livraisons');
INSERT INTO `menu` (`IDMENU`, `LIBMENU`) VALUES ('bds', 'Menu -> Sorties de produits');
INSERT INTO `menu` (`IDMENU`, `LIBMENU`) VALUES ('bds_bds', ' -- Sous menu ->Consommations');
INSERT INTO `menu` (`IDMENU`, `LIBMENU`) VALUES ('bds_dec', ' -- Sous menu ->Pertes');
INSERT INTO `menu` (`IDMENU`, `LIBMENU`) VALUES ('bds_rep', ' -- Sous menu ->Reports');
INSERT INTO `menu` (`IDMENU`, `LIBMENU`) VALUES ('bds_trf', ' -- Sous menu ->Transferts de produits');
INSERT INTO `menu` (`IDMENU`, `LIBMENU`) VALUES ('data', 'Menu -> Base de données');
INSERT INTO `menu` (`IDMENU`, `LIBMENU`) VALUES ('data_exp', ' -- Sous menu ->Sauvegarde de la base');
INSERT INTO `menu` (`IDMENU`, `LIBMENU`) VALUES ('data_imp', ' -- Sous menu ->Importer de la base');
INSERT INTO `menu` (`IDMENU`, `LIBMENU`) VALUES ('data_vid', ' -- Sous menu ->Vider la base de données');
INSERT INTO `menu` (`IDMENU`, `LIBMENU`) VALUES ('int', 'Menu -> Inventaire');
INSERT INTO `menu` (`IDMENU`, `LIBMENU`) VALUES ('int_int', ' -- Sous menu ->Inventaire de stock');
INSERT INTO `menu` (`IDMENU`, `LIBMENU`) VALUES ('int_jou', ' -- Sous menu ->Journal des mouvements de stock');
INSERT INTO `menu` (`IDMENU`, `LIBMENU`) VALUES ('int_pcd', ' -- Sous menu ->Imprimer Fiche d\'inventaire');
INSERT INTO `menu` (`IDMENU`, `LIBMENU`) VALUES ('int_stl', ' -- Sous menu ->Etat du stock par réf. Lots de produits');
INSERT INTO `menu` (`IDMENU`, `LIBMENU`) VALUES ('int_sto', ' -- Sous menu ->Etat du stock par produit');
INSERT INTO `menu` (`IDMENU`, `LIBMENU`) VALUES ('par', 'Menu -> Paramétrage');
INSERT INTO `menu` (`IDMENU`, `LIBMENU`) VALUES ('par_aff', ' -- Sous menu ->Affectation des sites');
INSERT INTO `menu` (`IDMENU`, `LIBMENU`) VALUES ('par_ben', ' -- Sous menu ->Bénéficiaires');
INSERT INTO `menu` (`IDMENU`, `LIBMENU`) VALUES ('par_bud', ' -- Sous menu ->Exercice budgétaire');
INSERT INTO `menu` (`IDMENU`, `LIBMENU`) VALUES ('par_cat', ' -- Sous menu ->Catégorie produits');
INSERT INTO `menu` (`IDMENU`, `LIBMENU`) VALUES ('par_fou', ' -- Sous menu ->Fournisseurs');
INSERT INTO `menu` (`IDMENU`, `LIBMENU`) VALUES ('par_gen', ' -- Sous menu ->Paramètres généraux');
INSERT INTO `menu` (`IDMENU`, `LIBMENU`) VALUES ('par_grp', ' -- Sous menu ->Groupe d\'utilisateurs');
INSERT INTO `menu` (`IDMENU`, `LIBMENU`) VALUES ('par_log', ' -- Sous menu ->Logs utilisateurs');
INSERT INTO `menu` (`IDMENU`, `LIBMENU`) VALUES ('par_mag', ' -- Sous menu ->Site bénéficiaires');
INSERT INTO `menu` (`IDMENU`, `LIBMENU`) VALUES ('par_men', ' -- Sous menu ->Menu d\'accès');
INSERT INTO `menu` (`IDMENU`, `LIBMENU`) VALUES ('par_ndcl', ' -- Sous menu ->Nature des pertes');
INSERT INTO `menu` (`IDMENU`, `LIBMENU`) VALUES ('par_per', ' -- Sous menu ->Personnel');
INSERT INTO `menu` (`IDMENU`, `LIBMENU`) VALUES ('par_prd', ' -- Sous menu ->Produits');
INSERT INTO `menu` (`IDMENU`, `LIBMENU`) VALUES ('par_prv', ' -- Sous menu ->Site fournisseurs');
INSERT INTO `menu` (`IDMENU`, `LIBMENU`) VALUES ('par_reg', ' -- Sous menu ->Niveau central');
INSERT INTO `menu` (`IDMENU`, `LIBMENU`) VALUES ('par_sscat', ' -- Sous menu ->Sous catégories');
INSERT INTO `menu` (`IDMENU`, `LIBMENU`) VALUES ('par_ssg', ' -- Sous menu ->Sous groupes');
INSERT INTO `menu` (`IDMENU`, `LIBMENU`) VALUES ('par_tfr', ' -- Sous menu ->Type de founisseurs');
INSERT INTO `menu` (`IDMENU`, `LIBMENU`) VALUES ('par_tse', ' -- Sous menu ->Type de bénéficiaires');
INSERT INTO `menu` (`IDMENU`, `LIBMENU`) VALUES ('par_uni', ' -- Sous menu ->Unité de mesure');
INSERT INTO `menu` (`IDMENU`, `LIBMENU`) VALUES ('par_uti', ' -- Sous menu ->Compte utilisateurs');
INSERT INTO `menu` (`IDMENU`, `LIBMENU`) VALUES ('rap', 'Menu -> Rapports');
INSERT INTO `menu` (`IDMENU`, `LIBMENU`) VALUES ('rap_cons', ' -- Sous menu ->Rapport de consommation');
INSERT INTO `menu` (`IDMENU`, `LIBMENU`) VALUES ('rap_dec', ' -- Sous menu ->Rapport des pertes');
INSERT INTO `menu` (`IDMENU`, `LIBMENU`) VALUES ('rap_din', ' -- Sous menu ->Rapport détaillé des entrées');
INSERT INTO `menu` (`IDMENU`, `LIBMENU`) VALUES ('rap_fprd', ' -- Sous menu ->Fiche de stock produit');
INSERT INTO `menu` (`IDMENU`, `LIBMENU`) VALUES ('rap_mde', ' -- Sous menu ->Rapport mouvement  destinataires');
INSERT INTO `menu` (`IDMENU`, `LIBMENU`) VALUES ('rap_men', ' -- Sous menu ->Rapport périodique simple');
INSERT INTO `menu` (`IDMENU`, `LIBMENU`) VALUES ('rap_mfr', ' -- Sous menu ->Rapport mouvement  fournisseurs');
INSERT INTO `menu` (`IDMENU`, `LIBMENU`) VALUES ('rap_mst', ' -- Sous menu ->Rapport mouvement stock');
INSERT INTO `menu` (`IDMENU`, `LIBMENU`) VALUES ('rap_pac', ' -- Sous menu ->Rapport Produits à  commander');
INSERT INTO `menu` (`IDMENU`, `LIBMENU`) VALUES ('rap_ppe', ' -- Sous menu ->Rapport péremption (Produits périmés)');
INSERT INTO `menu` (`IDMENU`, `LIBMENU`) VALUES ('rap_prdp', ' -- Sous menu ->Produit au seuil de péremption');
INSERT INTO `menu` (`IDMENU`, `LIBMENU`) VALUES ('rap_rds', ' -- Sous menu ->Rapport détaillé des sorties');
INSERT INTO `menu` (`IDMENU`, `LIBMENU`) VALUES ('rap_rst', ' -- Sous menu ->Rapport de rupture de stock');
INSERT INTO `menu` (`IDMENU`, `LIBMENU`) VALUES ('rap_sin', ' -- Sous menu ->Rapport synthèse inventaire');
INSERT INTO `menu` (`IDMENU`, `LIBMENU`) VALUES ('rap_sssm', ' -- Sous menu ->Stock sup. seuil maximum');
INSERT INTO `menu` (`IDMENU`, `LIBMENU`) VALUES ('rap_sta', ' -- Sous menu ->Rapport stock actuel');
INSERT INTO `menu` (`IDMENU`, `LIBMENU`) VALUES ('rap_tri', ' -- Sous menu ->Rapport périodique consolidé');
INSERT INTO `typebeneficiaire` (`CODE_TYPEBENEF`, `NOM_TYPEBENEF`) VALUES ('FAP', 'Femmes en âge de procréer');
INSERT INTO `typebeneficiaire` (`CODE_TYPEBENEF`, `NOM_TYPEBENEF`) VALUES ('IND', 'Indeterminé');
INSERT INTO `typefournisseur` (`CODE_TYPEFOUR`, `TYPEFOUR_NOM`) VALUES ('0101', 'ETAT BURKINABE');
INSERT INTO `typefournisseur` (`CODE_TYPEFOUR`, `TYPEFOUR_NOM`) VALUES ('0102', 'PARTENAIRE');
INSERT INTO `typefournisseur` (`CODE_TYPEFOUR`, `TYPEFOUR_NOM`) VALUES ('0103', 'PRIVE');
INSERT INTO `beneficiaire` (`CODE_BENEF`, `CODE_TYPEBENEF`, `IDPROVINCE`, `BENEF_NOM`, `BENEF_EBREVIATION`, `BENEF_TEL`, `BENEF_VILLE`, `BENEF_EMAIL`, `BENEF_DATECREAT`) VALUES ('0101', 'IND', '1305', 'CLIENT Ordinaire', '', '','', '','2015-07-04 14:03:57');
INSERT INTO `beneficiaire` (`CODE_BENEF`, `CODE_TYPEBENEF`, `IDPROVINCE`, `BENEF_NOM`, `BENEF_EBREVIATION`, `BENEF_TEL`, `BENEF_VILLE`, `BENEF_EMAIL`, `BENEF_DATECREAT`) VALUES ('0102', 'FAP', '1305', 'CONSOMMATEUR', '', '','', '','2015-07-04 14:04:22');
INSERT INTO `fournisseur` (`CODE_FOUR`, `CODE_TYPEFOUR`, `FOUR_NOM`, `FOUR_TEL`, `FOUR_ADRESSE`, `FOUR_EMAIL`, `FOUR_RESPONSABLE`, `FOUR_RESPTEL`, `FOUR_RESPEMAIL`) VALUES  ('0101', '0103', 'CAMEG', '', '', '','', '', '');
INSERT INTO `fournisseur` (`CODE_FOUR`, `CODE_TYPEFOUR`, `FOUR_NOM`, `FOUR_TEL`, `FOUR_ADRESSE`, `FOUR_EMAIL`, `FOUR_RESPONSABLE`, `FOUR_RESPTEL`, `FOUR_RESPEMAIL`) VALUES  ('0102', '0102', 'UNFPA', '', '', '','', '', '');
INSERT INTO `fournisseur` (`CODE_FOUR`, `CODE_TYPEFOUR`, `FOUR_NOM`, `FOUR_TEL`, `FOUR_ADRESSE`, `FOUR_EMAIL`, `FOUR_RESPONSABLE`, `FOUR_RESPTEL`, `FOUR_RESPEMAIL`) VALUES  ('0103', '0103', 'UBIPHARM', '', '', '','', '', '');
INSERT INTO `fournisseur` (`CODE_FOUR`, `CODE_TYPEFOUR`, `FOUR_NOM`, `FOUR_TEL`, `FOUR_ADRESSE`, `FOUR_EMAIL`, `FOUR_RESPONSABLE`, `FOUR_RESPTEL`, `FOUR_RESPEMAIL`) VALUES  ('0104', '0102', 'USAID', '', '', '','', '', '');
INSERT INTO `exercice` (`ID_EXERCICE`, `EX_LIBELLE`, `EX_DATEDEBUT`, `EX_DATEFIN`, `EX_CLOTURE`, `EX_DATECLOTURE`) VALUES ('2015', 'EXERCICE BUDGETAIRE 2015', '2015-01-01', '2015-12-31', '0', '2015-12-31 00:00:00');
INSERT INTO `profil_menu` (`IDPROFIL`, `IDMENU`, `VISIBLE`, `AJOUT`, `MODIF`, `SUPPR`, `ANNUL`, `VALID`) VALUES ('ADMIN', 'aid','1','1','1','1','1','1');
INSERT INTO `profil_menu` (`IDPROFIL`, `IDMENU`, `VISIBLE`, `AJOUT`, `MODIF`, `SUPPR`, `ANNUL`, `VALID`) VALUES ('ADMIN', 'bde','1','1','1','1','1','1');
INSERT INTO `profil_menu` (`IDPROFIL`, `IDMENU`, `VISIBLE`, `AJOUT`, `MODIF`, `SUPPR`, `ANNUL`, `VALID`) VALUES ('ADMIN', 'bde_cde','1','1','1','1','1','1');
INSERT INTO `profil_menu` (`IDPROFIL`, `IDMENU`, `VISIBLE`, `AJOUT`, `MODIF`, `SUPPR`, `ANNUL`, `VALID`) VALUES ('ADMIN', 'bde_liv','1','1','1','1','1','1');
INSERT INTO `profil_menu` (`IDPROFIL`, `IDMENU`, `VISIBLE`, `AJOUT`, `MODIF`, `SUPPR`, `ANNUL`, `VALID`) VALUES ('ADMIN', 'bds','1','1','1','1','1','1');
INSERT INTO `profil_menu` (`IDPROFIL`, `IDMENU`, `VISIBLE`, `AJOUT`, `MODIF`, `SUPPR`, `ANNUL`, `VALID`) VALUES ('ADMIN', 'bds_bds','1','1','1','1','1','1');
INSERT INTO `profil_menu` (`IDPROFIL`, `IDMENU`, `VISIBLE`, `AJOUT`, `MODIF`, `SUPPR`, `ANNUL`, `VALID`) VALUES ('ADMIN', 'bds_dec','1','1','1','1','1','1');
INSERT INTO `profil_menu` (`IDPROFIL`, `IDMENU`, `VISIBLE`, `AJOUT`, `MODIF`, `SUPPR`, `ANNUL`, `VALID`) VALUES ('ADMIN', 'bds_rep','1','1','1','1','1','1');
INSERT INTO `profil_menu` (`IDPROFIL`, `IDMENU`, `VISIBLE`, `AJOUT`, `MODIF`, `SUPPR`, `ANNUL`, `VALID`) VALUES ('ADMIN', 'bds_trf','1','1','1','1','1','1');
INSERT INTO `profil_menu` (`IDPROFIL`, `IDMENU`, `VISIBLE`, `AJOUT`, `MODIF`, `SUPPR`, `ANNUL`, `VALID`) VALUES ('ADMIN', 'data','1','1','1','1','1','1');
INSERT INTO `profil_menu` (`IDPROFIL`, `IDMENU`, `VISIBLE`, `AJOUT`, `MODIF`, `SUPPR`, `ANNUL`, `VALID`) VALUES ('ADMIN', 'data_exp','1','1','1','1','1','1');
INSERT INTO `profil_menu` (`IDPROFIL`, `IDMENU`, `VISIBLE`, `AJOUT`, `MODIF`, `SUPPR`, `ANNUL`, `VALID`) VALUES ('ADMIN', 'data_imp','1','1','1','1','1','1');
INSERT INTO `profil_menu` (`IDPROFIL`, `IDMENU`, `VISIBLE`, `AJOUT`, `MODIF`, `SUPPR`, `ANNUL`, `VALID`) VALUES ('ADMIN', 'data_vid','1','1','1','1','1','1');
INSERT INTO `profil_menu` (`IDPROFIL`, `IDMENU`, `VISIBLE`, `AJOUT`, `MODIF`, `SUPPR`, `ANNUL`, `VALID`) VALUES ('ADMIN', 'int','1','1','1','1','1','1');
INSERT INTO `profil_menu` (`IDPROFIL`, `IDMENU`, `VISIBLE`, `AJOUT`, `MODIF`, `SUPPR`, `ANNUL`, `VALID`) VALUES ('ADMIN', 'int_int','1','1','1','1','1','1');
INSERT INTO `profil_menu` (`IDPROFIL`, `IDMENU`, `VISIBLE`, `AJOUT`, `MODIF`, `SUPPR`, `ANNUL`, `VALID`) VALUES ('ADMIN', 'int_jou','1','1','1','1','1','1');
INSERT INTO `profil_menu` (`IDPROFIL`, `IDMENU`, `VISIBLE`, `AJOUT`, `MODIF`, `SUPPR`, `ANNUL`, `VALID`) VALUES ('ADMIN', 'int_pcd','1','1','1','1','1','1');
INSERT INTO `profil_menu` (`IDPROFIL`, `IDMENU`, `VISIBLE`, `AJOUT`, `MODIF`, `SUPPR`, `ANNUL`, `VALID`) VALUES ('ADMIN', 'int_stl','1','1','1','1','1','1');
INSERT INTO `profil_menu` (`IDPROFIL`, `IDMENU`, `VISIBLE`, `AJOUT`, `MODIF`, `SUPPR`, `ANNUL`, `VALID`) VALUES ('ADMIN', 'int_sto','1','1','1','1','1','1');
INSERT INTO `profil_menu` (`IDPROFIL`, `IDMENU`, `VISIBLE`, `AJOUT`, `MODIF`, `SUPPR`, `ANNUL`, `VALID`) VALUES ('ADMIN', 'par','1','1','1','1','1','1');
INSERT INTO `profil_menu` (`IDPROFIL`, `IDMENU`, `VISIBLE`, `AJOUT`, `MODIF`, `SUPPR`, `ANNUL`, `VALID`) VALUES ('ADMIN', 'par_aff','1','1','1','1','1','1');
INSERT INTO `profil_menu` (`IDPROFIL`, `IDMENU`, `VISIBLE`, `AJOUT`, `MODIF`, `SUPPR`, `ANNUL`, `VALID`) VALUES ('ADMIN', 'par_ben','1','1','1','1','1','1');
INSERT INTO `profil_menu` (`IDPROFIL`, `IDMENU`, `VISIBLE`, `AJOUT`, `MODIF`, `SUPPR`, `ANNUL`, `VALID`) VALUES ('ADMIN', 'par_bud','1','1','1','1','1','1');
INSERT INTO `profil_menu` (`IDPROFIL`, `IDMENU`, `VISIBLE`, `AJOUT`, `MODIF`, `SUPPR`, `ANNUL`, `VALID`) VALUES ('ADMIN', 'par_cat','1','1','1','1','1','1');
INSERT INTO `profil_menu` (`IDPROFIL`, `IDMENU`, `VISIBLE`, `AJOUT`, `MODIF`, `SUPPR`, `ANNUL`, `VALID`) VALUES ('ADMIN', 'par_fou','1','1','1','1','1','1');
INSERT INTO `profil_menu` (`IDPROFIL`, `IDMENU`, `VISIBLE`, `AJOUT`, `MODIF`, `SUPPR`, `ANNUL`, `VALID`) VALUES ('ADMIN', 'par_gen','1','1','1','1','1','1');
INSERT INTO `profil_menu` (`IDPROFIL`, `IDMENU`, `VISIBLE`, `AJOUT`, `MODIF`, `SUPPR`, `ANNUL`, `VALID`) VALUES ('ADMIN', 'par_grp','1','1','1','1','1','1');
INSERT INTO `profil_menu` (`IDPROFIL`, `IDMENU`, `VISIBLE`, `AJOUT`, `MODIF`, `SUPPR`, `ANNUL`, `VALID`) VALUES ('ADMIN', 'par_log','1','1','1','1','1','1');
INSERT INTO `profil_menu` (`IDPROFIL`, `IDMENU`, `VISIBLE`, `AJOUT`, `MODIF`, `SUPPR`, `ANNUL`, `VALID`) VALUES ('ADMIN', 'par_mag','1','1','1','1','1','1');
INSERT INTO `profil_menu` (`IDPROFIL`, `IDMENU`, `VISIBLE`, `AJOUT`, `MODIF`, `SUPPR`, `ANNUL`, `VALID`) VALUES ('ADMIN', 'par_men','1','1','1','1','1','1');
INSERT INTO `profil_menu` (`IDPROFIL`, `IDMENU`, `VISIBLE`, `AJOUT`, `MODIF`, `SUPPR`, `ANNUL`, `VALID`) VALUES ('ADMIN', 'par_ndcl','1','1','1','1','1','1');
INSERT INTO `profil_menu` (`IDPROFIL`, `IDMENU`, `VISIBLE`, `AJOUT`, `MODIF`, `SUPPR`, `ANNUL`, `VALID`) VALUES ('ADMIN', 'par_per','1','1','1','1','1','1');
INSERT INTO `profil_menu` (`IDPROFIL`, `IDMENU`, `VISIBLE`, `AJOUT`, `MODIF`, `SUPPR`, `ANNUL`, `VALID`) VALUES ('ADMIN', 'par_prd','1','1','1','1','1','1');
INSERT INTO `profil_menu` (`IDPROFIL`, `IDMENU`, `VISIBLE`, `AJOUT`, `MODIF`, `SUPPR`, `ANNUL`, `VALID`) VALUES ('ADMIN', 'par_prv','1','1','1','1','1','1');
INSERT INTO `profil_menu` (`IDPROFIL`, `IDMENU`, `VISIBLE`, `AJOUT`, `MODIF`, `SUPPR`, `ANNUL`, `VALID`) VALUES ('ADMIN', 'par_reg','1','1','1','1','1','1');
INSERT INTO `profil_menu` (`IDPROFIL`, `IDMENU`, `VISIBLE`, `AJOUT`, `MODIF`, `SUPPR`, `ANNUL`, `VALID`) VALUES ('ADMIN', 'par_sscat','1','1','1','1','1','1');
INSERT INTO `profil_menu` (`IDPROFIL`, `IDMENU`, `VISIBLE`, `AJOUT`, `MODIF`, `SUPPR`, `ANNUL`, `VALID`) VALUES ('ADMIN', 'par_ssg','1','1','1','1','1','1');
INSERT INTO `profil_menu` (`IDPROFIL`, `IDMENU`, `VISIBLE`, `AJOUT`, `MODIF`, `SUPPR`, `ANNUL`, `VALID`) VALUES ('ADMIN', 'par_tfr','1','1','1','1','1','1');
INSERT INTO `profil_menu` (`IDPROFIL`, `IDMENU`, `VISIBLE`, `AJOUT`, `MODIF`, `SUPPR`, `ANNUL`, `VALID`) VALUES ('ADMIN', 'par_tse','1','1','1','1','1','1');
INSERT INTO `profil_menu` (`IDPROFIL`, `IDMENU`, `VISIBLE`, `AJOUT`, `MODIF`, `SUPPR`, `ANNUL`, `VALID`) VALUES ('ADMIN', 'par_uni','1','1','1','1','1','1');
INSERT INTO `profil_menu` (`IDPROFIL`, `IDMENU`, `VISIBLE`, `AJOUT`, `MODIF`, `SUPPR`, `ANNUL`, `VALID`) VALUES ('ADMIN', 'par_uti','1','1','1','1','1','1');
INSERT INTO `profil_menu` (`IDPROFIL`, `IDMENU`, `VISIBLE`, `AJOUT`, `MODIF`, `SUPPR`, `ANNUL`, `VALID`) VALUES ('ADMIN', 'rap','1','1','1','1','1','1');
INSERT INTO `profil_menu` (`IDPROFIL`, `IDMENU`, `VISIBLE`, `AJOUT`, `MODIF`, `SUPPR`, `ANNUL`, `VALID`) VALUES ('ADMIN', 'rap_cons','1','1','1','1','1','1');
INSERT INTO `profil_menu` (`IDPROFIL`, `IDMENU`, `VISIBLE`, `AJOUT`, `MODIF`, `SUPPR`, `ANNUL`, `VALID`) VALUES ('ADMIN', 'rap_dec','1','1','1','1','1','1');
INSERT INTO `profil_menu` (`IDPROFIL`, `IDMENU`, `VISIBLE`, `AJOUT`, `MODIF`, `SUPPR`, `ANNUL`, `VALID`) VALUES ('ADMIN', 'rap_din','1','1','1','1','1','1');
INSERT INTO `profil_menu` (`IDPROFIL`, `IDMENU`, `VISIBLE`, `AJOUT`, `MODIF`, `SUPPR`, `ANNUL`, `VALID`) VALUES ('ADMIN', 'rap_fprd','1','1','1','1','1','1');
INSERT INTO `profil_menu` (`IDPROFIL`, `IDMENU`, `VISIBLE`, `AJOUT`, `MODIF`, `SUPPR`, `ANNUL`, `VALID`) VALUES ('ADMIN', 'rap_mde','1','1','1','1','1','1');
INSERT INTO `profil_menu` (`IDPROFIL`, `IDMENU`, `VISIBLE`, `AJOUT`, `MODIF`, `SUPPR`, `ANNUL`, `VALID`) VALUES ('ADMIN', 'rap_men','1','1','1','1','1','1');
INSERT INTO `profil_menu` (`IDPROFIL`, `IDMENU`, `VISIBLE`, `AJOUT`, `MODIF`, `SUPPR`, `ANNUL`, `VALID`) VALUES ('ADMIN', 'rap_mfr','1','1','1','1','1','1');
INSERT INTO `profil_menu` (`IDPROFIL`, `IDMENU`, `VISIBLE`, `AJOUT`, `MODIF`, `SUPPR`, `ANNUL`, `VALID`) VALUES ('ADMIN', 'rap_mst','1','1','1','1','1','1');
INSERT INTO `profil_menu` (`IDPROFIL`, `IDMENU`, `VISIBLE`, `AJOUT`, `MODIF`, `SUPPR`, `ANNUL`, `VALID`) VALUES ('ADMIN', 'rap_pac','1','1','1','1','1','1');
INSERT INTO `profil_menu` (`IDPROFIL`, `IDMENU`, `VISIBLE`, `AJOUT`, `MODIF`, `SUPPR`, `ANNUL`, `VALID`) VALUES ('ADMIN', 'rap_ppe','1','1','1','1','1','1');
INSERT INTO `profil_menu` (`IDPROFIL`, `IDMENU`, `VISIBLE`, `AJOUT`, `MODIF`, `SUPPR`, `ANNUL`, `VALID`) VALUES ('ADMIN', 'rap_prdp','1','1','1','1','1','1');
INSERT INTO `profil_menu` (`IDPROFIL`, `IDMENU`, `VISIBLE`, `AJOUT`, `MODIF`, `SUPPR`, `ANNUL`, `VALID`) VALUES ('ADMIN', 'rap_rds','1','1','1','1','1','1');
INSERT INTO `profil_menu` (`IDPROFIL`, `IDMENU`, `VISIBLE`, `AJOUT`, `MODIF`, `SUPPR`, `ANNUL`, `VALID`) VALUES ('ADMIN', 'rap_rst','1','1','1','1','1','1');
INSERT INTO `profil_menu` (`IDPROFIL`, `IDMENU`, `VISIBLE`, `AJOUT`, `MODIF`, `SUPPR`, `ANNUL`, `VALID`) VALUES ('ADMIN', 'rap_sin','1','1','1','1','1','1');
INSERT INTO `profil_menu` (`IDPROFIL`, `IDMENU`, `VISIBLE`, `AJOUT`, `MODIF`, `SUPPR`, `ANNUL`, `VALID`) VALUES ('ADMIN', 'rap_sssm','1','1','1','1','1','1');
INSERT INTO `profil_menu` (`IDPROFIL`, `IDMENU`, `VISIBLE`, `AJOUT`, `MODIF`, `SUPPR`, `ANNUL`, `VALID`) VALUES ('ADMIN', 'rap_sta','1','1','1','1','1','1');
INSERT INTO `profil_menu` (`IDPROFIL`, `IDMENU`, `VISIBLE`, `AJOUT`, `MODIF`, `SUPPR`, `ANNUL`, `VALID`) VALUES ('ADMIN', 'rap_tri','1','1','1','1','1','1');
INSERT INTO `profil_menu` (`IDPROFIL`, `IDMENU`, `VISIBLE`, `AJOUT`, `MODIF`, `SUPPR`, `ANNUL`, `VALID`) VALUES ('DEVEL', 'aid','1','1','1','1','1','1');
INSERT INTO `profil_menu` (`IDPROFIL`, `IDMENU`, `VISIBLE`, `AJOUT`, `MODIF`, `SUPPR`, `ANNUL`, `VALID`) VALUES ('DEVEL', 'bde','1','1','1','1','1','1');
INSERT INTO `profil_menu` (`IDPROFIL`, `IDMENU`, `VISIBLE`, `AJOUT`, `MODIF`, `SUPPR`, `ANNUL`, `VALID`) VALUES ('DEVEL', 'bde_cde','1','1','1','1','1','1');
INSERT INTO `profil_menu` (`IDPROFIL`, `IDMENU`, `VISIBLE`, `AJOUT`, `MODIF`, `SUPPR`, `ANNUL`, `VALID`) VALUES ('DEVEL', 'bde_liv','1','1','1','1','1','1');
INSERT INTO `profil_menu` (`IDPROFIL`, `IDMENU`, `VISIBLE`, `AJOUT`, `MODIF`, `SUPPR`, `ANNUL`, `VALID`) VALUES ('DEVEL', 'bds','1','1','1','1','1','1');
INSERT INTO `profil_menu` (`IDPROFIL`, `IDMENU`, `VISIBLE`, `AJOUT`, `MODIF`, `SUPPR`, `ANNUL`, `VALID`) VALUES ('DEVEL', 'bds_bds','1','1','1','1','1','1');
INSERT INTO `profil_menu` (`IDPROFIL`, `IDMENU`, `VISIBLE`, `AJOUT`, `MODIF`, `SUPPR`, `ANNUL`, `VALID`) VALUES ('DEVEL', 'bds_dec','1','1','1','1','1','1');
INSERT INTO `profil_menu` (`IDPROFIL`, `IDMENU`, `VISIBLE`, `AJOUT`, `MODIF`, `SUPPR`, `ANNUL`, `VALID`) VALUES ('DEVEL', 'bds_rep','1','1','1','1','1','1');
INSERT INTO `profil_menu` (`IDPROFIL`, `IDMENU`, `VISIBLE`, `AJOUT`, `MODIF`, `SUPPR`, `ANNUL`, `VALID`) VALUES ('DEVEL', 'bds_trf','1','1','1','1','1','1');
INSERT INTO `profil_menu` (`IDPROFIL`, `IDMENU`, `VISIBLE`, `AJOUT`, `MODIF`, `SUPPR`, `ANNUL`, `VALID`) VALUES ('DEVEL', 'data','1','1','1','1','1','1');
INSERT INTO `profil_menu` (`IDPROFIL`, `IDMENU`, `VISIBLE`, `AJOUT`, `MODIF`, `SUPPR`, `ANNUL`, `VALID`) VALUES ('DEVEL', 'data_exp','1','1','1','1','1','1');
INSERT INTO `profil_menu` (`IDPROFIL`, `IDMENU`, `VISIBLE`, `AJOUT`, `MODIF`, `SUPPR`, `ANNUL`, `VALID`) VALUES ('DEVEL', 'data_imp','1','1','1','1','1','1');
INSERT INTO `profil_menu` (`IDPROFIL`, `IDMENU`, `VISIBLE`, `AJOUT`, `MODIF`, `SUPPR`, `ANNUL`, `VALID`) VALUES ('DEVEL', 'data_vid','1','1','1','1','1','1');
INSERT INTO `profil_menu` (`IDPROFIL`, `IDMENU`, `VISIBLE`, `AJOUT`, `MODIF`, `SUPPR`, `ANNUL`, `VALID`) VALUES ('DEVEL', 'int','1','1','1','1','1','1');
INSERT INTO `profil_menu` (`IDPROFIL`, `IDMENU`, `VISIBLE`, `AJOUT`, `MODIF`, `SUPPR`, `ANNUL`, `VALID`) VALUES ('DEVEL', 'int_int','1','1','1','1','1','1');
INSERT INTO `profil_menu` (`IDPROFIL`, `IDMENU`, `VISIBLE`, `AJOUT`, `MODIF`, `SUPPR`, `ANNUL`, `VALID`) VALUES ('DEVEL', 'int_jou','1','1','1','1','1','1');
INSERT INTO `profil_menu` (`IDPROFIL`, `IDMENU`, `VISIBLE`, `AJOUT`, `MODIF`, `SUPPR`, `ANNUL`, `VALID`) VALUES ('DEVEL', 'int_pcd','1','1','1','1','1','1');
INSERT INTO `profil_menu` (`IDPROFIL`, `IDMENU`, `VISIBLE`, `AJOUT`, `MODIF`, `SUPPR`, `ANNUL`, `VALID`) VALUES ('DEVEL', 'int_stl','1','1','1','1','1','1');
INSERT INTO `profil_menu` (`IDPROFIL`, `IDMENU`, `VISIBLE`, `AJOUT`, `MODIF`, `SUPPR`, `ANNUL`, `VALID`) VALUES ('DEVEL', 'int_sto','1','1','1','1','1','1');
INSERT INTO `profil_menu` (`IDPROFIL`, `IDMENU`, `VISIBLE`, `AJOUT`, `MODIF`, `SUPPR`, `ANNUL`, `VALID`) VALUES ('DEVEL', 'par','1','1','1','1','1','1');
INSERT INTO `profil_menu` (`IDPROFIL`, `IDMENU`, `VISIBLE`, `AJOUT`, `MODIF`, `SUPPR`, `ANNUL`, `VALID`) VALUES ('DEVEL', 'par_aff','1','1','1','1','1','1');
INSERT INTO `profil_menu` (`IDPROFIL`, `IDMENU`, `VISIBLE`, `AJOUT`, `MODIF`, `SUPPR`, `ANNUL`, `VALID`) VALUES ('DEVEL', 'par_ben','1','1','1','1','1','1');
INSERT INTO `profil_menu` (`IDPROFIL`, `IDMENU`, `VISIBLE`, `AJOUT`, `MODIF`, `SUPPR`, `ANNUL`, `VALID`) VALUES ('DEVEL', 'par_bud','1','1','1','1','1','1');
INSERT INTO `profil_menu` (`IDPROFIL`, `IDMENU`, `VISIBLE`, `AJOUT`, `MODIF`, `SUPPR`, `ANNUL`, `VALID`) VALUES ('DEVEL', 'par_cat','1','1','1','1','1','1');
INSERT INTO `profil_menu` (`IDPROFIL`, `IDMENU`, `VISIBLE`, `AJOUT`, `MODIF`, `SUPPR`, `ANNUL`, `VALID`) VALUES ('DEVEL', 'par_fou','1','1','1','1','1','1');
INSERT INTO `profil_menu` (`IDPROFIL`, `IDMENU`, `VISIBLE`, `AJOUT`, `MODIF`, `SUPPR`, `ANNUL`, `VALID`) VALUES ('DEVEL', 'par_gen','1','1','1','1','1','1');
INSERT INTO `profil_menu` (`IDPROFIL`, `IDMENU`, `VISIBLE`, `AJOUT`, `MODIF`, `SUPPR`, `ANNUL`, `VALID`) VALUES ('DEVEL', 'par_grp','1','1','1','1','1','1');
INSERT INTO `profil_menu` (`IDPROFIL`, `IDMENU`, `VISIBLE`, `AJOUT`, `MODIF`, `SUPPR`, `ANNUL`, `VALID`) VALUES ('DEVEL', 'par_log','1','1','1','1','1','1');
INSERT INTO `profil_menu` (`IDPROFIL`, `IDMENU`, `VISIBLE`, `AJOUT`, `MODIF`, `SUPPR`, `ANNUL`, `VALID`) VALUES ('DEVEL', 'par_mag','1','1','1','1','1','1');
INSERT INTO `profil_menu` (`IDPROFIL`, `IDMENU`, `VISIBLE`, `AJOUT`, `MODIF`, `SUPPR`, `ANNUL`, `VALID`) VALUES ('DEVEL', 'par_men','1','1','1','1','1','1');
INSERT INTO `profil_menu` (`IDPROFIL`, `IDMENU`, `VISIBLE`, `AJOUT`, `MODIF`, `SUPPR`, `ANNUL`, `VALID`) VALUES ('DEVEL', 'par_ndcl','1','1','1','1','1','1');
INSERT INTO `profil_menu` (`IDPROFIL`, `IDMENU`, `VISIBLE`, `AJOUT`, `MODIF`, `SUPPR`, `ANNUL`, `VALID`) VALUES ('DEVEL', 'par_per','1','1','1','1','1','1');
INSERT INTO `profil_menu` (`IDPROFIL`, `IDMENU`, `VISIBLE`, `AJOUT`, `MODIF`, `SUPPR`, `ANNUL`, `VALID`) VALUES ('DEVEL', 'par_prd','1','1','1','1','1','1');
INSERT INTO `profil_menu` (`IDPROFIL`, `IDMENU`, `VISIBLE`, `AJOUT`, `MODIF`, `SUPPR`, `ANNUL`, `VALID`) VALUES ('DEVEL', 'par_prv','1','1','1','1','1','1');
INSERT INTO `profil_menu` (`IDPROFIL`, `IDMENU`, `VISIBLE`, `AJOUT`, `MODIF`, `SUPPR`, `ANNUL`, `VALID`) VALUES ('DEVEL', 'par_reg','1','1','1','1','1','1');
INSERT INTO `profil_menu` (`IDPROFIL`, `IDMENU`, `VISIBLE`, `AJOUT`, `MODIF`, `SUPPR`, `ANNUL`, `VALID`) VALUES ('DEVEL', 'par_sscat','1','1','1','1','1','1');
INSERT INTO `profil_menu` (`IDPROFIL`, `IDMENU`, `VISIBLE`, `AJOUT`, `MODIF`, `SUPPR`, `ANNUL`, `VALID`) VALUES ('DEVEL', 'par_ssg','1','1','1','1','1','1');
INSERT INTO `profil_menu` (`IDPROFIL`, `IDMENU`, `VISIBLE`, `AJOUT`, `MODIF`, `SUPPR`, `ANNUL`, `VALID`) VALUES ('DEVEL', 'par_tfr','1','1','1','1','1','1');
INSERT INTO `profil_menu` (`IDPROFIL`, `IDMENU`, `VISIBLE`, `AJOUT`, `MODIF`, `SUPPR`, `ANNUL`, `VALID`) VALUES ('DEVEL', 'par_tse','1','1','1','1','1','1');
INSERT INTO `profil_menu` (`IDPROFIL`, `IDMENU`, `VISIBLE`, `AJOUT`, `MODIF`, `SUPPR`, `ANNUL`, `VALID`) VALUES ('DEVEL', 'par_uni','1','1','1','1','1','1');
INSERT INTO `profil_menu` (`IDPROFIL`, `IDMENU`, `VISIBLE`, `AJOUT`, `MODIF`, `SUPPR`, `ANNUL`, `VALID`) VALUES ('DEVEL', 'par_uti','1','1','1','1','1','1');
INSERT INTO `profil_menu` (`IDPROFIL`, `IDMENU`, `VISIBLE`, `AJOUT`, `MODIF`, `SUPPR`, `ANNUL`, `VALID`) VALUES ('DEVEL', 'rap','1','1','1','1','1','1');
INSERT INTO `profil_menu` (`IDPROFIL`, `IDMENU`, `VISIBLE`, `AJOUT`, `MODIF`, `SUPPR`, `ANNUL`, `VALID`) VALUES ('DEVEL', 'rap_cons','1','1','1','1','1','1');
INSERT INTO `profil_menu` (`IDPROFIL`, `IDMENU`, `VISIBLE`, `AJOUT`, `MODIF`, `SUPPR`, `ANNUL`, `VALID`) VALUES ('DEVEL', 'rap_dec','1','1','1','1','1','1');
INSERT INTO `profil_menu` (`IDPROFIL`, `IDMENU`, `VISIBLE`, `AJOUT`, `MODIF`, `SUPPR`, `ANNUL`, `VALID`) VALUES ('DEVEL', 'rap_din','1','1','1','1','1','1');
INSERT INTO `profil_menu` (`IDPROFIL`, `IDMENU`, `VISIBLE`, `AJOUT`, `MODIF`, `SUPPR`, `ANNUL`, `VALID`) VALUES ('DEVEL', 'rap_fprd','1','1','1','1','1','1');
INSERT INTO `profil_menu` (`IDPROFIL`, `IDMENU`, `VISIBLE`, `AJOUT`, `MODIF`, `SUPPR`, `ANNUL`, `VALID`) VALUES ('DEVEL', 'rap_mde','1','1','1','1','1','1');
INSERT INTO `profil_menu` (`IDPROFIL`, `IDMENU`, `VISIBLE`, `AJOUT`, `MODIF`, `SUPPR`, `ANNUL`, `VALID`) VALUES ('DEVEL', 'rap_men','1','1','1','1','1','1');
INSERT INTO `profil_menu` (`IDPROFIL`, `IDMENU`, `VISIBLE`, `AJOUT`, `MODIF`, `SUPPR`, `ANNUL`, `VALID`) VALUES ('DEVEL', 'rap_mfr','1','1','1','1','1','1');
INSERT INTO `profil_menu` (`IDPROFIL`, `IDMENU`, `VISIBLE`, `AJOUT`, `MODIF`, `SUPPR`, `ANNUL`, `VALID`) VALUES ('DEVEL', 'rap_mst','1','1','1','1','1','1');
INSERT INTO `profil_menu` (`IDPROFIL`, `IDMENU`, `VISIBLE`, `AJOUT`, `MODIF`, `SUPPR`, `ANNUL`, `VALID`) VALUES ('DEVEL', 'rap_pac','1','1','1','1','1','1');
INSERT INTO `profil_menu` (`IDPROFIL`, `IDMENU`, `VISIBLE`, `AJOUT`, `MODIF`, `SUPPR`, `ANNUL`, `VALID`) VALUES ('DEVEL', 'rap_ppe','1','1','1','1','1','1');
INSERT INTO `profil_menu` (`IDPROFIL`, `IDMENU`, `VISIBLE`, `AJOUT`, `MODIF`, `SUPPR`, `ANNUL`, `VALID`) VALUES ('DEVEL', 'rap_prdp','1','1','1','1','1','1');
INSERT INTO `profil_menu` (`IDPROFIL`, `IDMENU`, `VISIBLE`, `AJOUT`, `MODIF`, `SUPPR`, `ANNUL`, `VALID`) VALUES ('DEVEL', 'rap_rds','1','1','1','1','1','1');
INSERT INTO `profil_menu` (`IDPROFIL`, `IDMENU`, `VISIBLE`, `AJOUT`, `MODIF`, `SUPPR`, `ANNUL`, `VALID`) VALUES ('DEVEL', 'rap_rst','1','1','1','1','1','1');
INSERT INTO `profil_menu` (`IDPROFIL`, `IDMENU`, `VISIBLE`, `AJOUT`, `MODIF`, `SUPPR`, `ANNUL`, `VALID`) VALUES ('DEVEL', 'rap_sin','1','1','1','1','1','1');
INSERT INTO `profil_menu` (`IDPROFIL`, `IDMENU`, `VISIBLE`, `AJOUT`, `MODIF`, `SUPPR`, `ANNUL`, `VALID`) VALUES ('DEVEL', 'rap_sssm','1','1','1','1','1','1');
INSERT INTO `profil_menu` (`IDPROFIL`, `IDMENU`, `VISIBLE`, `AJOUT`, `MODIF`, `SUPPR`, `ANNUL`, `VALID`) VALUES ('DEVEL', 'rap_sta','1','1','1','1','1','1');
INSERT INTO `profil_menu` (`IDPROFIL`, `IDMENU`, `VISIBLE`, `AJOUT`, `MODIF`, `SUPPR`, `ANNUL`, `VALID`) VALUES ('DEVEL', 'rap_tri','1','1','1','1','1','1');
INSERT INTO `profil_menu` (`IDPROFIL`, `IDMENU`, `VISIBLE`, `AJOUT`, `MODIF`, `SUPPR`, `ANNUL`, `VALID`) VALUES ('GEST', 'aid','1','1','1','1','0','1');
INSERT INTO `profil_menu` (`IDPROFIL`, `IDMENU`, `VISIBLE`, `AJOUT`, `MODIF`, `SUPPR`, `ANNUL`, `VALID`) VALUES ('GEST', 'bde','1','1','1','1','0','1');
INSERT INTO `profil_menu` (`IDPROFIL`, `IDMENU`, `VISIBLE`, `AJOUT`, `MODIF`, `SUPPR`, `ANNUL`, `VALID`) VALUES ('GEST', 'bde_cde','1','1','1','1','0','1');
INSERT INTO `profil_menu` (`IDPROFIL`, `IDMENU`, `VISIBLE`, `AJOUT`, `MODIF`, `SUPPR`, `ANNUL`, `VALID`) VALUES ('GEST', 'bde_liv','1','1','1','1','0','1');
INSERT INTO `profil_menu` (`IDPROFIL`, `IDMENU`, `VISIBLE`, `AJOUT`, `MODIF`, `SUPPR`, `ANNUL`, `VALID`) VALUES ('GEST', 'bds','1','1','1','1','0','1');
INSERT INTO `profil_menu` (`IDPROFIL`, `IDMENU`, `VISIBLE`, `AJOUT`, `MODIF`, `SUPPR`, `ANNUL`, `VALID`) VALUES ('GEST', 'bds_bds','0','0','0','0','0','0');
INSERT INTO `profil_menu` (`IDPROFIL`, `IDMENU`, `VISIBLE`, `AJOUT`, `MODIF`, `SUPPR`, `ANNUL`, `VALID`) VALUES ('GEST', 'bds_dec','1','1','1','1','0','1');
INSERT INTO `profil_menu` (`IDPROFIL`, `IDMENU`, `VISIBLE`, `AJOUT`, `MODIF`, `SUPPR`, `ANNUL`, `VALID`) VALUES ('GEST', 'bds_rep','1','1','1','1','0','1');
INSERT INTO `profil_menu` (`IDPROFIL`, `IDMENU`, `VISIBLE`, `AJOUT`, `MODIF`, `SUPPR`, `ANNUL`, `VALID`) VALUES ('GEST', 'bds_trf','0','0','0','0','0','0');
INSERT INTO `profil_menu` (`IDPROFIL`, `IDMENU`, `VISIBLE`, `AJOUT`, `MODIF`, `SUPPR`, `ANNUL`, `VALID`) VALUES ('GEST', 'data','0','0','0','0','0','0');
INSERT INTO `profil_menu` (`IDPROFIL`, `IDMENU`, `VISIBLE`, `AJOUT`, `MODIF`, `SUPPR`, `ANNUL`, `VALID`) VALUES ('GEST', 'data_exp','0','0','0','0','0','0');
INSERT INTO `profil_menu` (`IDPROFIL`, `IDMENU`, `VISIBLE`, `AJOUT`, `MODIF`, `SUPPR`, `ANNUL`, `VALID`) VALUES ('GEST', 'data_imp','0','0','0','0','0','0');
INSERT INTO `profil_menu` (`IDPROFIL`, `IDMENU`, `VISIBLE`, `AJOUT`, `MODIF`, `SUPPR`, `ANNUL`, `VALID`) VALUES ('GEST', 'data_vid','0','0','0','0','0','0');
INSERT INTO `profil_menu` (`IDPROFIL`, `IDMENU`, `VISIBLE`, `AJOUT`, `MODIF`, `SUPPR`, `ANNUL`, `VALID`) VALUES ('GEST', 'int','1','1','1','1','0','1');
INSERT INTO `profil_menu` (`IDPROFIL`, `IDMENU`, `VISIBLE`, `AJOUT`, `MODIF`, `SUPPR`, `ANNUL`, `VALID`) VALUES ('GEST', 'int_int','1','1','1','1','0','1');
INSERT INTO `profil_menu` (`IDPROFIL`, `IDMENU`, `VISIBLE`, `AJOUT`, `MODIF`, `SUPPR`, `ANNUL`, `VALID`) VALUES ('GEST', 'int_jou','1','1','1','1','0','1');
INSERT INTO `profil_menu` (`IDPROFIL`, `IDMENU`, `VISIBLE`, `AJOUT`, `MODIF`, `SUPPR`, `ANNUL`, `VALID`) VALUES ('GEST', 'int_pcd','0','0','0','0','0','0');
INSERT INTO `profil_menu` (`IDPROFIL`, `IDMENU`, `VISIBLE`, `AJOUT`, `MODIF`, `SUPPR`, `ANNUL`, `VALID`) VALUES ('GEST', 'int_stl','0','0','0','0','0','0');
INSERT INTO `profil_menu` (`IDPROFIL`, `IDMENU`, `VISIBLE`, `AJOUT`, `MODIF`, `SUPPR`, `ANNUL`, `VALID`) VALUES ('GEST', 'int_sto','1','1','1','1','0','1');
INSERT INTO `profil_menu` (`IDPROFIL`, `IDMENU`, `VISIBLE`, `AJOUT`, `MODIF`, `SUPPR`, `ANNUL`, `VALID`) VALUES ('GEST', 'par','1','1','1','1','0','1');
INSERT INTO `profil_menu` (`IDPROFIL`, `IDMENU`, `VISIBLE`, `AJOUT`, `MODIF`, `SUPPR`, `ANNUL`, `VALID`) VALUES ('GEST', 'par_aff','1','1','1','1','0','1');
INSERT INTO `profil_menu` (`IDPROFIL`, `IDMENU`, `VISIBLE`, `AJOUT`, `MODIF`, `SUPPR`, `ANNUL`, `VALID`) VALUES ('GEST', 'par_ben','1','1','1','1','1','1');
INSERT INTO `profil_menu` (`IDPROFIL`, `IDMENU`, `VISIBLE`, `AJOUT`, `MODIF`, `SUPPR`, `ANNUL`, `VALID`) VALUES ('GEST', 'par_bud','1','1','1','1','0','1');
INSERT INTO `profil_menu` (`IDPROFIL`, `IDMENU`, `VISIBLE`, `AJOUT`, `MODIF`, `SUPPR`, `ANNUL`, `VALID`) VALUES ('GEST', 'par_cat','1','1','1','1','0','1');
INSERT INTO `profil_menu` (`IDPROFIL`, `IDMENU`, `VISIBLE`, `AJOUT`, `MODIF`, `SUPPR`, `ANNUL`, `VALID`) VALUES ('GEST', 'par_fou','1','1','1','1','0','1');
INSERT INTO `profil_menu` (`IDPROFIL`, `IDMENU`, `VISIBLE`, `AJOUT`, `MODIF`, `SUPPR`, `ANNUL`, `VALID`) VALUES ('GEST', 'par_gen','1','1','1','1','0','1');
INSERT INTO `profil_menu` (`IDPROFIL`, `IDMENU`, `VISIBLE`, `AJOUT`, `MODIF`, `SUPPR`, `ANNUL`, `VALID`) VALUES ('GEST', 'par_grp','0','0','0','0','0','0');
INSERT INTO `profil_menu` (`IDPROFIL`, `IDMENU`, `VISIBLE`, `AJOUT`, `MODIF`, `SUPPR`, `ANNUL`, `VALID`) VALUES ('GEST', 'par_log','0','0','0','0','0','0');
INSERT INTO `profil_menu` (`IDPROFIL`, `IDMENU`, `VISIBLE`, `AJOUT`, `MODIF`, `SUPPR`, `ANNUL`, `VALID`) VALUES ('GEST', 'par_mag','0','0','0','0','0','0');
INSERT INTO `profil_menu` (`IDPROFIL`, `IDMENU`, `VISIBLE`, `AJOUT`, `MODIF`, `SUPPR`, `ANNUL`, `VALID`) VALUES ('GEST', 'par_men','0','0','0','0','0','0');
INSERT INTO `profil_menu` (`IDPROFIL`, `IDMENU`, `VISIBLE`, `AJOUT`, `MODIF`, `SUPPR`, `ANNUL`, `VALID`) VALUES ('GEST', 'par_ndcl','0','0','0','0','0','0');
INSERT INTO `profil_menu` (`IDPROFIL`, `IDMENU`, `VISIBLE`, `AJOUT`, `MODIF`, `SUPPR`, `ANNUL`, `VALID`) VALUES ('GEST', 'par_per','0','0','0','0','0','0');
INSERT INTO `profil_menu` (`IDPROFIL`, `IDMENU`, `VISIBLE`, `AJOUT`, `MODIF`, `SUPPR`, `ANNUL`, `VALID`) VALUES ('GEST', 'par_prd','0','0','0','0','0','0');
INSERT INTO `profil_menu` (`IDPROFIL`, `IDMENU`, `VISIBLE`, `AJOUT`, `MODIF`, `SUPPR`, `ANNUL`, `VALID`) VALUES ('GEST', 'par_prv','0','0','0','0','0','0');
INSERT INTO `profil_menu` (`IDPROFIL`, `IDMENU`, `VISIBLE`, `AJOUT`, `MODIF`, `SUPPR`, `ANNUL`, `VALID`) VALUES ('GEST', 'par_reg','0','0','0','0','0','0');
INSERT INTO `profil_menu` (`IDPROFIL`, `IDMENU`, `VISIBLE`, `AJOUT`, `MODIF`, `SUPPR`, `ANNUL`, `VALID`) VALUES ('GEST', 'par_sscat','0','0','0','0','0','0');
INSERT INTO `profil_menu` (`IDPROFIL`, `IDMENU`, `VISIBLE`, `AJOUT`, `MODIF`, `SUPPR`, `ANNUL`, `VALID`) VALUES ('GEST', 'par_ssg','0','0','0','0','0','0');
INSERT INTO `profil_menu` (`IDPROFIL`, `IDMENU`, `VISIBLE`, `AJOUT`, `MODIF`, `SUPPR`, `ANNUL`, `VALID`) VALUES ('GEST', 'par_tfr','0','0','0','0','0','0');
INSERT INTO `profil_menu` (`IDPROFIL`, `IDMENU`, `VISIBLE`, `AJOUT`, `MODIF`, `SUPPR`, `ANNUL`, `VALID`) VALUES ('GEST', 'par_tse','0','0','0','0','0','0');
INSERT INTO `profil_menu` (`IDPROFIL`, `IDMENU`, `VISIBLE`, `AJOUT`, `MODIF`, `SUPPR`, `ANNUL`, `VALID`) VALUES ('GEST', 'par_uni','0','0','0','0','0','0');
INSERT INTO `profil_menu` (`IDPROFIL`, `IDMENU`, `VISIBLE`, `AJOUT`, `MODIF`, `SUPPR`, `ANNUL`, `VALID`) VALUES ('GEST', 'par_uti','0','0','0','0','0','0');
INSERT INTO `profil_menu` (`IDPROFIL`, `IDMENU`, `VISIBLE`, `AJOUT`, `MODIF`, `SUPPR`, `ANNUL`, `VALID`) VALUES ('GEST', 'rap','0','0','0','0','0','0');
INSERT INTO `profil_menu` (`IDPROFIL`, `IDMENU`, `VISIBLE`, `AJOUT`, `MODIF`, `SUPPR`, `ANNUL`, `VALID`) VALUES ('GEST', 'rap_cons','0','0','0','0','0','0');
INSERT INTO `profil_menu` (`IDPROFIL`, `IDMENU`, `VISIBLE`, `AJOUT`, `MODIF`, `SUPPR`, `ANNUL`, `VALID`) VALUES ('GEST', 'rap_dec','0','0','0','0','0','0');
INSERT INTO `profil_menu` (`IDPROFIL`, `IDMENU`, `VISIBLE`, `AJOUT`, `MODIF`, `SUPPR`, `ANNUL`, `VALID`) VALUES ('GEST', 'rap_din','0','0','0','0','0','0');
INSERT INTO `profil_menu` (`IDPROFIL`, `IDMENU`, `VISIBLE`, `AJOUT`, `MODIF`, `SUPPR`, `ANNUL`, `VALID`) VALUES ('GEST', 'rap_fprd','0','0','0','0','0','0');
INSERT INTO `profil_menu` (`IDPROFIL`, `IDMENU`, `VISIBLE`, `AJOUT`, `MODIF`, `SUPPR`, `ANNUL`, `VALID`) VALUES ('GEST', 'rap_mde','0','0','0','0','0','0');
INSERT INTO `profil_menu` (`IDPROFIL`, `IDMENU`, `VISIBLE`, `AJOUT`, `MODIF`, `SUPPR`, `ANNUL`, `VALID`) VALUES ('GEST', 'rap_men','0','0','0','0','0','0');
INSERT INTO `profil_menu` (`IDPROFIL`, `IDMENU`, `VISIBLE`, `AJOUT`, `MODIF`, `SUPPR`, `ANNUL`, `VALID`) VALUES ('GEST', 'rap_mfr','0','0','0','0','0','0');
INSERT INTO `profil_menu` (`IDPROFIL`, `IDMENU`, `VISIBLE`, `AJOUT`, `MODIF`, `SUPPR`, `ANNUL`, `VALID`) VALUES ('GEST', 'rap_mst','0','0','0','0','0','0');
INSERT INTO `profil_menu` (`IDPROFIL`, `IDMENU`, `VISIBLE`, `AJOUT`, `MODIF`, `SUPPR`, `ANNUL`, `VALID`) VALUES ('GEST', 'rap_pac','0','0','0','0','0','0');
INSERT INTO `profil_menu` (`IDPROFIL`, `IDMENU`, `VISIBLE`, `AJOUT`, `MODIF`, `SUPPR`, `ANNUL`, `VALID`) VALUES ('GEST', 'rap_ppe','0','0','0','0','0','0');
INSERT INTO `profil_menu` (`IDPROFIL`, `IDMENU`, `VISIBLE`, `AJOUT`, `MODIF`, `SUPPR`, `ANNUL`, `VALID`) VALUES ('GEST', 'rap_prdp','0','0','0','0','0','0');
INSERT INTO `profil_menu` (`IDPROFIL`, `IDMENU`, `VISIBLE`, `AJOUT`, `MODIF`, `SUPPR`, `ANNUL`, `VALID`) VALUES ('GEST', 'rap_rds','0','0','0','0','0','0');
INSERT INTO `profil_menu` (`IDPROFIL`, `IDMENU`, `VISIBLE`, `AJOUT`, `MODIF`, `SUPPR`, `ANNUL`, `VALID`) VALUES ('GEST', 'rap_rst','0','0','0','0','0','0');
INSERT INTO `profil_menu` (`IDPROFIL`, `IDMENU`, `VISIBLE`, `AJOUT`, `MODIF`, `SUPPR`, `ANNUL`, `VALID`) VALUES ('GEST', 'rap_sin','0','0','0','0','0','0');
INSERT INTO `profil_menu` (`IDPROFIL`, `IDMENU`, `VISIBLE`, `AJOUT`, `MODIF`, `SUPPR`, `ANNUL`, `VALID`) VALUES ('GEST', 'rap_sssm','0','0','0','0','0','0');
INSERT INTO `profil_menu` (`IDPROFIL`, `IDMENU`, `VISIBLE`, `AJOUT`, `MODIF`, `SUPPR`, `ANNUL`, `VALID`) VALUES ('GEST', 'rap_sta','0','0','0','0','0','0');
INSERT INTO `profil_menu` (`IDPROFIL`, `IDMENU`, `VISIBLE`, `AJOUT`, `MODIF`, `SUPPR`, `ANNUL`, `VALID`) VALUES ('GEST', 'rap_tri','0','0','0','0','0','0');
INSERT INTO `profil_menu` (`IDPROFIL`, `IDMENU`, `VISIBLE`, `AJOUT`, `MODIF`, `SUPPR`, `ANNUL`, `VALID`) VALUES ('MAG', 'aid','1','0','0','0','0','0');
INSERT INTO `profil_menu` (`IDPROFIL`, `IDMENU`, `VISIBLE`, `AJOUT`, `MODIF`, `SUPPR`, `ANNUL`, `VALID`) VALUES ('MAG', 'bde','1','1','1','1','1','1');
INSERT INTO `profil_menu` (`IDPROFIL`, `IDMENU`, `VISIBLE`, `AJOUT`, `MODIF`, `SUPPR`, `ANNUL`, `VALID`) VALUES ('MAG', 'bde_cde','1','1','1','0','0','0');
INSERT INTO `profil_menu` (`IDPROFIL`, `IDMENU`, `VISIBLE`, `AJOUT`, `MODIF`, `SUPPR`, `ANNUL`, `VALID`) VALUES ('MAG', 'bde_liv','0','0','0','0','0','0');
INSERT INTO `profil_menu` (`IDPROFIL`, `IDMENU`, `VISIBLE`, `AJOUT`, `MODIF`, `SUPPR`, `ANNUL`, `VALID`) VALUES ('MAG', 'bds','1','1','1','1','0','0');
INSERT INTO `profil_menu` (`IDPROFIL`, `IDMENU`, `VISIBLE`, `AJOUT`, `MODIF`, `SUPPR`, `ANNUL`, `VALID`) VALUES ('MAG', 'bds_bds','0','0','0','0','0','0');
INSERT INTO `profil_menu` (`IDPROFIL`, `IDMENU`, `VISIBLE`, `AJOUT`, `MODIF`, `SUPPR`, `ANNUL`, `VALID`) VALUES ('MAG', 'bds_dec','0','0','0','0','0','0');
INSERT INTO `profil_menu` (`IDPROFIL`, `IDMENU`, `VISIBLE`, `AJOUT`, `MODIF`, `SUPPR`, `ANNUL`, `VALID`) VALUES ('MAG', 'bds_rep','0','0','0','0','0','0');
INSERT INTO `profil_menu` (`IDPROFIL`, `IDMENU`, `VISIBLE`, `AJOUT`, `MODIF`, `SUPPR`, `ANNUL`, `VALID`) VALUES ('MAG', 'bds_trf','0','0','0','0','0','0');
INSERT INTO `profil_menu` (`IDPROFIL`, `IDMENU`, `VISIBLE`, `AJOUT`, `MODIF`, `SUPPR`, `ANNUL`, `VALID`) VALUES ('MAG', 'data','0','0','0','0','0','0');
INSERT INTO `profil_menu` (`IDPROFIL`, `IDMENU`, `VISIBLE`, `AJOUT`, `MODIF`, `SUPPR`, `ANNUL`, `VALID`) VALUES ('MAG', 'data_exp','0','0','0','0','0','0');
INSERT INTO `profil_menu` (`IDPROFIL`, `IDMENU`, `VISIBLE`, `AJOUT`, `MODIF`, `SUPPR`, `ANNUL`, `VALID`) VALUES ('MAG', 'data_imp','0','0','0','0','0','0');
INSERT INTO `profil_menu` (`IDPROFIL`, `IDMENU`, `VISIBLE`, `AJOUT`, `MODIF`, `SUPPR`, `ANNUL`, `VALID`) VALUES ('MAG', 'data_vid','0','0','0','0','0','0');
INSERT INTO `profil_menu` (`IDPROFIL`, `IDMENU`, `VISIBLE`, `AJOUT`, `MODIF`, `SUPPR`, `ANNUL`, `VALID`) VALUES ('MAG', 'int','0','0','0','0','0','0');
INSERT INTO `profil_menu` (`IDPROFIL`, `IDMENU`, `VISIBLE`, `AJOUT`, `MODIF`, `SUPPR`, `ANNUL`, `VALID`) VALUES ('MAG', 'int_int','0','0','0','0','0','0');
INSERT INTO `profil_menu` (`IDPROFIL`, `IDMENU`, `VISIBLE`, `AJOUT`, `MODIF`, `SUPPR`, `ANNUL`, `VALID`) VALUES ('MAG', 'int_jou','0','0','0','0','0','0');
INSERT INTO `profil_menu` (`IDPROFIL`, `IDMENU`, `VISIBLE`, `AJOUT`, `MODIF`, `SUPPR`, `ANNUL`, `VALID`) VALUES ('MAG', 'int_pcd','0','0','0','0','0','0');
INSERT INTO `profil_menu` (`IDPROFIL`, `IDMENU`, `VISIBLE`, `AJOUT`, `MODIF`, `SUPPR`, `ANNUL`, `VALID`) VALUES ('MAG', 'int_stl','0','0','0','0','0','0');
INSERT INTO `profil_menu` (`IDPROFIL`, `IDMENU`, `VISIBLE`, `AJOUT`, `MODIF`, `SUPPR`, `ANNUL`, `VALID`) VALUES ('MAG', 'int_sto','0','0','0','0','0','0');
INSERT INTO `profil_menu` (`IDPROFIL`, `IDMENU`, `VISIBLE`, `AJOUT`, `MODIF`, `SUPPR`, `ANNUL`, `VALID`) VALUES ('MAG', 'par','0','0','0','0','0','0');
INSERT INTO `profil_menu` (`IDPROFIL`, `IDMENU`, `VISIBLE`, `AJOUT`, `MODIF`, `SUPPR`, `ANNUL`, `VALID`) VALUES ('MAG', 'par_aff','0','0','0','0','0','0');
INSERT INTO `profil_menu` (`IDPROFIL`, `IDMENU`, `VISIBLE`, `AJOUT`, `MODIF`, `SUPPR`, `ANNUL`, `VALID`) VALUES ('MAG', 'par_ben','0','0','0','0','0','0');
INSERT INTO `profil_menu` (`IDPROFIL`, `IDMENU`, `VISIBLE`, `AJOUT`, `MODIF`, `SUPPR`, `ANNUL`, `VALID`) VALUES ('MAG', 'par_bud','0','0','0','0','0','0');
INSERT INTO `profil_menu` (`IDPROFIL`, `IDMENU`, `VISIBLE`, `AJOUT`, `MODIF`, `SUPPR`, `ANNUL`, `VALID`) VALUES ('MAG', 'par_cat','0','0','0','0','0','0');
INSERT INTO `profil_menu` (`IDPROFIL`, `IDMENU`, `VISIBLE`, `AJOUT`, `MODIF`, `SUPPR`, `ANNUL`, `VALID`) VALUES ('MAG', 'par_fou','0','0','0','0','0','0');
INSERT INTO `profil_menu` (`IDPROFIL`, `IDMENU`, `VISIBLE`, `AJOUT`, `MODIF`, `SUPPR`, `ANNUL`, `VALID`) VALUES ('MAG', 'par_gen','0','0','0','0','0','0');
INSERT INTO `profil_menu` (`IDPROFIL`, `IDMENU`, `VISIBLE`, `AJOUT`, `MODIF`, `SUPPR`, `ANNUL`, `VALID`) VALUES ('MAG', 'par_grp','0','0','0','0','0','0');
INSERT INTO `profil_menu` (`IDPROFIL`, `IDMENU`, `VISIBLE`, `AJOUT`, `MODIF`, `SUPPR`, `ANNUL`, `VALID`) VALUES ('MAG', 'par_log','0','0','0','0','0','0');
INSERT INTO `profil_menu` (`IDPROFIL`, `IDMENU`, `VISIBLE`, `AJOUT`, `MODIF`, `SUPPR`, `ANNUL`, `VALID`) VALUES ('MAG', 'par_mag','0','0','0','0','0','0');
INSERT INTO `profil_menu` (`IDPROFIL`, `IDMENU`, `VISIBLE`, `AJOUT`, `MODIF`, `SUPPR`, `ANNUL`, `VALID`) VALUES ('MAG', 'par_men','0','0','0','0','0','0');
INSERT INTO `profil_menu` (`IDPROFIL`, `IDMENU`, `VISIBLE`, `AJOUT`, `MODIF`, `SUPPR`, `ANNUL`, `VALID`) VALUES ('MAG', 'par_ndcl','0','0','0','0','0','0');
INSERT INTO `profil_menu` (`IDPROFIL`, `IDMENU`, `VISIBLE`, `AJOUT`, `MODIF`, `SUPPR`, `ANNUL`, `VALID`) VALUES ('MAG', 'par_per','0','0','0','0','0','0');
INSERT INTO `profil_menu` (`IDPROFIL`, `IDMENU`, `VISIBLE`, `AJOUT`, `MODIF`, `SUPPR`, `ANNUL`, `VALID`) VALUES ('MAG', 'par_prd','0','0','0','0','0','0');
INSERT INTO `profil_menu` (`IDPROFIL`, `IDMENU`, `VISIBLE`, `AJOUT`, `MODIF`, `SUPPR`, `ANNUL`, `VALID`) VALUES ('MAG', 'par_prv','0','0','0','0','0','0');
INSERT INTO `profil_menu` (`IDPROFIL`, `IDMENU`, `VISIBLE`, `AJOUT`, `MODIF`, `SUPPR`, `ANNUL`, `VALID`) VALUES ('MAG', 'par_reg','0','0','0','0','0','0');
INSERT INTO `profil_menu` (`IDPROFIL`, `IDMENU`, `VISIBLE`, `AJOUT`, `MODIF`, `SUPPR`, `ANNUL`, `VALID`) VALUES ('MAG', 'par_sscat','0','0','0','0','0','0');
INSERT INTO `profil_menu` (`IDPROFIL`, `IDMENU`, `VISIBLE`, `AJOUT`, `MODIF`, `SUPPR`, `ANNUL`, `VALID`) VALUES ('MAG', 'par_ssg','0','0','0','0','0','0');
INSERT INTO `profil_menu` (`IDPROFIL`, `IDMENU`, `VISIBLE`, `AJOUT`, `MODIF`, `SUPPR`, `ANNUL`, `VALID`) VALUES ('MAG', 'par_tfr','0','0','0','0','0','0');
INSERT INTO `profil_menu` (`IDPROFIL`, `IDMENU`, `VISIBLE`, `AJOUT`, `MODIF`, `SUPPR`, `ANNUL`, `VALID`) VALUES ('MAG', 'par_tse','0','0','0','0','0','0');
INSERT INTO `profil_menu` (`IDPROFIL`, `IDMENU`, `VISIBLE`, `AJOUT`, `MODIF`, `SUPPR`, `ANNUL`, `VALID`) VALUES ('MAG', 'par_uni','0','0','0','0','0','0');
INSERT INTO `profil_menu` (`IDPROFIL`, `IDMENU`, `VISIBLE`, `AJOUT`, `MODIF`, `SUPPR`, `ANNUL`, `VALID`) VALUES ('MAG', 'par_uti','0','0','0','0','0','0');
INSERT INTO `profil_menu` (`IDPROFIL`, `IDMENU`, `VISIBLE`, `AJOUT`, `MODIF`, `SUPPR`, `ANNUL`, `VALID`) VALUES ('MAG', 'rap','0','0','0','0','0','0');
INSERT INTO `profil_menu` (`IDPROFIL`, `IDMENU`, `VISIBLE`, `AJOUT`, `MODIF`, `SUPPR`, `ANNUL`, `VALID`) VALUES ('MAG', 'rap_cons','0','0','0','0','0','0');
INSERT INTO `profil_menu` (`IDPROFIL`, `IDMENU`, `VISIBLE`, `AJOUT`, `MODIF`, `SUPPR`, `ANNUL`, `VALID`) VALUES ('MAG', 'rap_dec','0','0','0','0','0','0');
INSERT INTO `profil_menu` (`IDPROFIL`, `IDMENU`, `VISIBLE`, `AJOUT`, `MODIF`, `SUPPR`, `ANNUL`, `VALID`) VALUES ('MAG', 'rap_din','0','0','0','0','0','0');
INSERT INTO `profil_menu` (`IDPROFIL`, `IDMENU`, `VISIBLE`, `AJOUT`, `MODIF`, `SUPPR`, `ANNUL`, `VALID`) VALUES ('MAG', 'rap_fprd','0','0','0','0','0','0');
INSERT INTO `profil_menu` (`IDPROFIL`, `IDMENU`, `VISIBLE`, `AJOUT`, `MODIF`, `SUPPR`, `ANNUL`, `VALID`) VALUES ('MAG', 'rap_mde','0','0','0','0','0','0');
INSERT INTO `profil_menu` (`IDPROFIL`, `IDMENU`, `VISIBLE`, `AJOUT`, `MODIF`, `SUPPR`, `ANNUL`, `VALID`) VALUES ('MAG', 'rap_men','0','0','0','0','0','0');
INSERT INTO `profil_menu` (`IDPROFIL`, `IDMENU`, `VISIBLE`, `AJOUT`, `MODIF`, `SUPPR`, `ANNUL`, `VALID`) VALUES ('MAG', 'rap_mfr','0','0','0','0','0','0');
INSERT INTO `profil_menu` (`IDPROFIL`, `IDMENU`, `VISIBLE`, `AJOUT`, `MODIF`, `SUPPR`, `ANNUL`, `VALID`) VALUES ('MAG', 'rap_mst','0','0','0','0','0','0');
INSERT INTO `profil_menu` (`IDPROFIL`, `IDMENU`, `VISIBLE`, `AJOUT`, `MODIF`, `SUPPR`, `ANNUL`, `VALID`) VALUES ('MAG', 'rap_pac','0','0','0','0','0','0');
INSERT INTO `profil_menu` (`IDPROFIL`, `IDMENU`, `VISIBLE`, `AJOUT`, `MODIF`, `SUPPR`, `ANNUL`, `VALID`) VALUES ('MAG', 'rap_ppe','0','0','0','0','0','0');
INSERT INTO `profil_menu` (`IDPROFIL`, `IDMENU`, `VISIBLE`, `AJOUT`, `MODIF`, `SUPPR`, `ANNUL`, `VALID`) VALUES ('MAG', 'rap_prdp','0','0','0','0','0','0');
INSERT INTO `profil_menu` (`IDPROFIL`, `IDMENU`, `VISIBLE`, `AJOUT`, `MODIF`, `SUPPR`, `ANNUL`, `VALID`) VALUES ('MAG', 'rap_rds','0','0','0','0','0','0');
INSERT INTO `profil_menu` (`IDPROFIL`, `IDMENU`, `VISIBLE`, `AJOUT`, `MODIF`, `SUPPR`, `ANNUL`, `VALID`) VALUES ('MAG', 'rap_rst','0','0','0','0','0','0');
INSERT INTO `profil_menu` (`IDPROFIL`, `IDMENU`, `VISIBLE`, `AJOUT`, `MODIF`, `SUPPR`, `ANNUL`, `VALID`) VALUES ('MAG', 'rap_sin','0','0','0','0','0','0');
INSERT INTO `profil_menu` (`IDPROFIL`, `IDMENU`, `VISIBLE`, `AJOUT`, `MODIF`, `SUPPR`, `ANNUL`, `VALID`) VALUES ('MAG', 'rap_sssm','0','0','0','0','0','0');
INSERT INTO `profil_menu` (`IDPROFIL`, `IDMENU`, `VISIBLE`, `AJOUT`, `MODIF`, `SUPPR`, `ANNUL`, `VALID`) VALUES ('MAG', 'rap_sta','0','0','0','0','0','0');
INSERT INTO `profil_menu` (`IDPROFIL`, `IDMENU`, `VISIBLE`, `AJOUT`, `MODIF`, `SUPPR`, `ANNUL`, `VALID`) VALUES ('MAG', 'rap_tri','0','0','0','0','0','0');
INSERT INTO `personnel` (`NUM_MLLE`, `CODE_MAGASIN`, `PERS_NOM`, `PERS_PRENOMS`, `PERS_TEL`,`PERS_ADRESSE`, `PERS_EMAIL`, `PERS_FONCTION`) VALUES  ('0345Y','99999','M.', 	'XXXXXX',	'XXXXXX','Ouaga', 'x@yahoo.fr','Développeur de logiciels');
INSERT INTO `compte` (`LOGIN`, `NUM_MLLE`, `IDPROFIL`, `PWD`, `ACTIVATED`) VALUES ('root',	'0345Y','DEVEL','63a9f0ea7bb98050796b649e85481845','1');
INSERT INTO `commande` (`CODE_COMMANDE`, `CODE_FOUR`, `CODE_MAGASIN`, `ID_EXERCICE`, `REF_COMMANDE`,`ID_COMMANDE`, `CDE_LIBELLE`, `CDE_DATE`, `CDE_STATUT`, `CDE_DATEVALID`) VALUES ('1/0201','0101','0201','2015','COMMANDE N°1', '1', 'Cde_mensuelle',	'2015-01-01', '1', '2015-07-05 13:26:49');
INSERT INTO `prd_cde` (`CODE_COMMANDE`, `CODE_PRODUIT`, `CODE_MAGASIN`, `CDEPRD_QTE`, `CDEPRD_PRIX`,`CDEPRD_UNITE`, `CDEPRD_PA`) VALUES ('1/0201','0101','0201', '12000', NULL, 'U', '2');
INSERT INTO `prd_cde` (`CODE_COMMANDE`, `CODE_PRODUIT`, `CODE_MAGASIN`, `CDEPRD_QTE`, `CDEPRD_PRIX`,`CDEPRD_UNITE`, `CDEPRD_PA`) VALUES ('1/0201','0102','0201', '6000', NULL, 'U', '4');
INSERT INTO `prd_cde` (`CODE_COMMANDE`, `CODE_PRODUIT`, `CODE_MAGASIN`, `CDEPRD_QTE`, `CDEPRD_PRIX`,`CDEPRD_UNITE`, `CDEPRD_PA`) VALUES ('1/0201','0103','0201', '2000', NULL, 'PQT', '20');
INSERT INTO `prd_cde` (`CODE_COMMANDE`, `CODE_PRODUIT`, `CODE_MAGASIN`, `CDEPRD_QTE`, `CDEPRD_PRIX`,`CDEPRD_UNITE`, `CDEPRD_PA`) VALUES ('1/0201','0104','0201', '1000', NULL, 'U', '5');
INSERT INTO `prd_cde` (`CODE_COMMANDE`, `CODE_PRODUIT`, `CODE_MAGASIN`, `CDEPRD_QTE`, `CDEPRD_PRIX`,`CDEPRD_UNITE`, `CDEPRD_PA`) VALUES ('1/0201','0105','0201', '3000', NULL, 'FLC', '200');
INSERT INTO livraison ( CODE_LIVRAISON, CODE_COMMANDE, CODE_FOUR, CODE_MAGASIN, ID_EXERCICE, REF_LIVRAISON, ID_LIVRAISON, LVR_LIBELLE, LVR_DATE, LVR_VALIDE, LVR_DATEVALID )	VALUES ('1/0201', NULL, '0101', '0201', '2015', 'LIVRAISON COMMANDE N°1', '1', 'RECEPTION COMMANDE N°1', '2015-01-06', '1', '2015-07-05 13:33:39');
INSERT INTO livraison ( CODE_LIVRAISON, CODE_COMMANDE, CODE_FOUR, CODE_MAGASIN, ID_EXERCICE, REF_LIVRAISON, ID_LIVRAISON, LVR_LIBELLE, LVR_DATE, LVR_VALIDE, LVR_DATEVALID )	VALUES ('2/0201', NULL, '0101', '0201', '2015', 'LIVRAISON COMPLEMENTAIRECOMMANDE N°1', '2', 'RECEPTION COMPLEMENTAIRE Livraison', '2015-07-05', '1', '2015-07-05 14:05:40');
INSERT INTO `detlivraison` (`CODE_DETLIVRAISON`, `CODE_PRODUIT`, `CODE_LIVRAISON`, `ID_DETLIVRAISON`, `LVR_PRDQTE`,`LVR_PRDRECU`, `LVR_QTESORTIE`,`LVR_UNITE`, `LVR_IDCOMMANDE`, `LVR_MAGASIN`, `LVR_PA`, `LVR_PR`, `LVRLOT_VALID`, `LVRLOT_DATEVALID`, `LVR_REFLOT`, `LVR_DATEPEREMP`, `LVR_MONLOT`, `CODE_MAGASIN`) VALUES ('1/0201','0101','1/0201','1', '0','6000',NULL,'U','' ,'0201','2.00',NULL,'','','SW','2018-10-01','LOT/1/1','0201');
INSERT INTO `detlivraison` (`CODE_DETLIVRAISON`, `CODE_PRODUIT`, `CODE_LIVRAISON`, `ID_DETLIVRAISON`, `LVR_PRDQTE`,`LVR_PRDRECU`, `LVR_QTESORTIE`,`LVR_UNITE`, `LVR_IDCOMMANDE`, `LVR_MAGASIN`, `LVR_PA`, `LVR_PR`, `LVRLOT_VALID`, `LVRLOT_DATEVALID`, `LVR_REFLOT`, `LVR_DATEPEREMP`, `LVR_MONLOT`, `CODE_MAGASIN`) VALUES ('2/0201','0102','1/0201','2', '0','4000',NULL,'U','' ,'0201','4.00',NULL,'','','203675RH','2015-08-01','LOT/2/2','0201');
INSERT INTO `detlivraison` (`CODE_DETLIVRAISON`, `CODE_PRODUIT`, `CODE_LIVRAISON`, `ID_DETLIVRAISON`, `LVR_PRDQTE`,`LVR_PRDRECU`, `LVR_QTESORTIE`,`LVR_UNITE`, `LVR_IDCOMMANDE`, `LVR_MAGASIN`, `LVR_PA`, `LVR_PR`, `LVRLOT_VALID`, `LVRLOT_DATEVALID`, `LVR_REFLOT`, `LVR_DATEPEREMP`, `LVR_MONLOT`, `CODE_MAGASIN`) VALUES ('3/0201','0103','1/0201','3', '0','2000',NULL,'PQT','' ,'0201','20.00',NULL,'','','NP','2017-03-01','LOT/3/3','0201');
INSERT INTO `detlivraison` (`CODE_DETLIVRAISON`, `CODE_PRODUIT`, `CODE_LIVRAISON`, `ID_DETLIVRAISON`, `LVR_PRDQTE`,`LVR_PRDRECU`, `LVR_QTESORTIE`,`LVR_UNITE`, `LVR_IDCOMMANDE`, `LVR_MAGASIN`, `LVR_PA`, `LVR_PR`, `LVRLOT_VALID`, `LVRLOT_DATEVALID`, `LVR_REFLOT`, `LVR_DATEPEREMP`, `LVR_MONLOT`, `CODE_MAGASIN`) VALUES ('4/0201','0104','1/0201','4', '0','1000',NULL,'U','' ,'0201','5.00',NULL,'','','97856DT21','2016-09-01','LOT/4/4','0201');
INSERT INTO `detlivraison` (`CODE_DETLIVRAISON`, `CODE_PRODUIT`, `CODE_LIVRAISON`, `ID_DETLIVRAISON`, `LVR_PRDQTE`,`LVR_PRDRECU`, `LVR_QTESORTIE`,`LVR_UNITE`, `LVR_IDCOMMANDE`, `LVR_MAGASIN`, `LVR_PA`, `LVR_PR`, `LVRLOT_VALID`, `LVRLOT_DATEVALID`, `LVR_REFLOT`, `LVR_DATEPEREMP`, `LVR_MONLOT`, `CODE_MAGASIN`) VALUES ('5/0201','0105','1/0201','5', '0','3000',NULL,'FLC','' ,'0201','200.00',NULL,'','','KJG','2015-08-01','LOT/5/5','0201');
INSERT INTO `detlivraison` (`CODE_DETLIVRAISON`, `CODE_PRODUIT`, `CODE_LIVRAISON`, `ID_DETLIVRAISON`, `LVR_PRDQTE`,`LVR_PRDRECU`, `LVR_QTESORTIE`,`LVR_UNITE`, `LVR_IDCOMMANDE`, `LVR_MAGASIN`, `LVR_PA`, `LVR_PR`, `LVRLOT_VALID`, `LVRLOT_DATEVALID`, `LVR_REFLOT`, `LVR_DATEPEREMP`, `LVR_MONLOT`, `CODE_MAGASIN`) VALUES ('6/0201','0101','1/0201','6', '0','1000',NULL,'U','' ,'0201','2.00',NULL,'','','DL','2015-06-01','LOT/6/6','0201');
INSERT INTO `detlivraison` (`CODE_DETLIVRAISON`, `CODE_PRODUIT`, `CODE_LIVRAISON`, `ID_DETLIVRAISON`, `LVR_PRDQTE`,`LVR_PRDRECU`, `LVR_QTESORTIE`,`LVR_UNITE`, `LVR_IDCOMMANDE`, `LVR_MAGASIN`, `LVR_PA`, `LVR_PR`, `LVRLOT_VALID`, `LVRLOT_DATEVALID`, `LVR_REFLOT`, `LVR_DATEPEREMP`, `LVR_MONLOT`, `CODE_MAGASIN`) VALUES ('7/0201','0101','2/0201','7', '0','30',NULL,'U','' ,'0201','2.00',NULL,'','','SW','1017-02-01','LOT/7/1','0201');
INSERT INTO `detlivraison` (`CODE_DETLIVRAISON`, `CODE_PRODUIT`, `CODE_LIVRAISON`, `ID_DETLIVRAISON`, `LVR_PRDQTE`,`LVR_PRDRECU`, `LVR_QTESORTIE`,`LVR_UNITE`, `LVR_IDCOMMANDE`, `LVR_MAGASIN`, `LVR_PA`, `LVR_PR`, `LVRLOT_VALID`, `LVRLOT_DATEVALID`, `LVR_REFLOT`, `LVR_DATEPEREMP`, `LVR_MONLOT`, `CODE_MAGASIN`) VALUES ('8/0201','0102','2/0201','8', '0','25',NULL,'U','' ,'0201','4.00',NULL,'','','203675RH','2016-08-01','LOT/8/2','0201');
INSERT INTO `transfert` (`CODE_TRANSFERT`, `CODE_MAGASIN`, `ID_EXERCICE`, `REF_TRANSFERT`, `ID_TRANSFERT`,`MAG_CODE_MAGASIN_SRCE`, `MAG_CODE_MAGASIN_DEST`, `TRS_DATE`, `TRS_NATURE`, `TRS_RAISON`, `TRS_VALIDE`, `TRS_DATEVALID`, `TRS_LIBELLE`, `MAG_NP`, `MAG_CIB`, `MAG_DATE`,`PRE_NP`, `PRE_CIB`, `PRE_DATE`) VALUES ('1/0201','0201',	'2015','','1','0201','0202','2015-01-09' , '1','', '1','2015-07-05 14:10:46','TRANSFERT DE JANVIER','','','','','','');
INSERT INTO `transfert` (`CODE_TRANSFERT`, `CODE_MAGASIN`, `ID_EXERCICE`, `REF_TRANSFERT`, `ID_TRANSFERT`,`MAG_CODE_MAGASIN_SRCE`, `MAG_CODE_MAGASIN_DEST`, `TRS_DATE`, `TRS_NATURE`, `TRS_RAISON`, `TRS_VALIDE`, `TRS_DATEVALID`, `TRS_LIBELLE`, `MAG_NP`, `MAG_CIB`, `MAG_DATE`,`PRE_NP`, `PRE_CIB`, `PRE_DATE`) VALUES ('1/0202','0202',	'2015','','1','0201','0202','2015-01-09' , '2','', '1','2015-07-05 14:10:47','TRANSFERT DE JANVIER','','','','','','');
INSERT INTO `transfert` (`CODE_TRANSFERT`, `CODE_MAGASIN`, `ID_EXERCICE`, `REF_TRANSFERT`, `ID_TRANSFERT`,`MAG_CODE_MAGASIN_SRCE`, `MAG_CODE_MAGASIN_DEST`, `TRS_DATE`, `TRS_NATURE`, `TRS_RAISON`, `TRS_VALIDE`, `TRS_DATEVALID`, `TRS_LIBELLE`, `MAG_NP`, `MAG_CIB`, `MAG_DATE`,`PRE_NP`, `PRE_CIB`, `PRE_DATE`) VALUES ('1/0203','0203',	'2015','TRANSFERT N°1','1','0201','0203','2015-07-05' , '2','', '1','2015-07-05 14:13:28','TRANSFERT DE JANVIER','','','','','','');
INSERT INTO `transfert` (`CODE_TRANSFERT`, `CODE_MAGASIN`, `ID_EXERCICE`, `REF_TRANSFERT`, `ID_TRANSFERT`,`MAG_CODE_MAGASIN_SRCE`, `MAG_CODE_MAGASIN_DEST`, `TRS_DATE`, `TRS_NATURE`, `TRS_RAISON`, `TRS_VALIDE`, `TRS_DATEVALID`, `TRS_LIBELLE`, `MAG_NP`, `MAG_CIB`, `MAG_DATE`,`PRE_NP`, `PRE_CIB`, `PRE_DATE`) VALUES ('2/0201','0201',	'2015','TRANSFERT N°1','2','0201','0203','2015-07-05' , '1','', '1','2015-07-05 14:13:27','TRANSFERT DE JANVIER','','','','','','');
INSERT INTO `dettransfert` (`CODE_DETTRANSFERT`, `CODE_PRODUIT`, `CODE_TRANSFERT`, `CODE_MAGASIN`,`ID_DETTRANSFERT`, `TRS_PRDQTE`, `TRS_PRDRECU`,`TRS_UNITE`, `TRS_REFLOT`, `TRS_DATEPEREMP`, `TRS_PV`, `TRS_MONLOT`) VALUES ('1/0201',	'0101','1/0201', '0201', '1','11','11', 'U','SW','2018-10-01','4.00','LOT/1/1');
INSERT INTO `dettransfert` (`CODE_DETTRANSFERT`, `CODE_PRODUIT`, `CODE_TRANSFERT`, `CODE_MAGASIN`,`ID_DETTRANSFERT`, `TRS_PRDQTE`, `TRS_PRDRECU`,`TRS_UNITE`, `TRS_REFLOT`, `TRS_DATEPEREMP`, `TRS_PV`, `TRS_MONLOT`) VALUES ('1/0202',	'0101','1/0202', '0202', '1','11','11', 'U','SW','2018-10-01','4.00','LOT/1/1');
INSERT INTO `dettransfert` (`CODE_DETTRANSFERT`, `CODE_PRODUIT`, `CODE_TRANSFERT`, `CODE_MAGASIN`,`ID_DETTRANSFERT`, `TRS_PRDQTE`, `TRS_PRDRECU`,`TRS_UNITE`, `TRS_REFLOT`, `TRS_DATEPEREMP`, `TRS_PV`, `TRS_MONLOT`) VALUES ('1/0203',	'0101','1/0203', '0203', '1','100','100', 'U','SW','2018-10-01','4.00','LOT/1/1');
INSERT INTO `dettransfert` (`CODE_DETTRANSFERT`, `CODE_PRODUIT`, `CODE_TRANSFERT`, `CODE_MAGASIN`,`ID_DETTRANSFERT`, `TRS_PRDQTE`, `TRS_PRDRECU`,`TRS_UNITE`, `TRS_REFLOT`, `TRS_DATEPEREMP`, `TRS_PV`, `TRS_MONLOT`) VALUES ('2/0201',	'0102','1/0201', '0201', '2','130','127', 'U','203675RH','2015-08-01','10.00','LOT/2/2');
INSERT INTO `dettransfert` (`CODE_DETTRANSFERT`, `CODE_PRODUIT`, `CODE_TRANSFERT`, `CODE_MAGASIN`,`ID_DETTRANSFERT`, `TRS_PRDQTE`, `TRS_PRDRECU`,`TRS_UNITE`, `TRS_REFLOT`, `TRS_DATEPEREMP`, `TRS_PV`, `TRS_MONLOT`) VALUES ('2/0202',	'0102','1/0202', '0202', '2','130','127', 'U','203675RH','2015-08-01','10.00','LOT/2/2');
INSERT INTO `dettransfert` (`CODE_DETTRANSFERT`, `CODE_PRODUIT`, `CODE_TRANSFERT`, `CODE_MAGASIN`,`ID_DETTRANSFERT`, `TRS_PRDQTE`, `TRS_PRDRECU`,`TRS_UNITE`, `TRS_REFLOT`, `TRS_DATEPEREMP`, `TRS_PV`, `TRS_MONLOT`) VALUES ('2/0203',	'0102','1/0203', '0203', '2','250','127', 'U','203675RH','2015-08-01','5.00','LOT/2/2');
INSERT INTO `dettransfert` (`CODE_DETTRANSFERT`, `CODE_PRODUIT`, `CODE_TRANSFERT`, `CODE_MAGASIN`,`ID_DETTRANSFERT`, `TRS_PRDQTE`, `TRS_PRDRECU`,`TRS_UNITE`, `TRS_REFLOT`, `TRS_DATEPEREMP`, `TRS_PV`, `TRS_MONLOT`) VALUES ('3/0201',	'0103','1/0201', '0201', '3','100','100', 'PQT','NP','2017-03-01','40.00','LOT/3/3');
INSERT INTO `dettransfert` (`CODE_DETTRANSFERT`, `CODE_PRODUIT`, `CODE_TRANSFERT`, `CODE_MAGASIN`,`ID_DETTRANSFERT`, `TRS_PRDQTE`, `TRS_PRDRECU`,`TRS_UNITE`, `TRS_REFLOT`, `TRS_DATEPEREMP`, `TRS_PV`, `TRS_MONLOT`) VALUES ('3/0202',	'0103','1/0202', '0202', '3','100','100', 'PQT','NP','2017-03-01','40.00','LOT/3/3');
INSERT INTO `dettransfert` (`CODE_DETTRANSFERT`, `CODE_PRODUIT`, `CODE_TRANSFERT`, `CODE_MAGASIN`,`ID_DETTRANSFERT`, `TRS_PRDQTE`, `TRS_PRDRECU`,`TRS_UNITE`, `TRS_REFLOT`, `TRS_DATEPEREMP`, `TRS_PV`, `TRS_MONLOT`) VALUES ('4/0201',	'0104','1/0201', '0201', '4','100','100', 'U','97856DT21','2016-09-01','7.00','LOT/4/4');
INSERT INTO `dettransfert` (`CODE_DETTRANSFERT`, `CODE_PRODUIT`, `CODE_TRANSFERT`, `CODE_MAGASIN`,`ID_DETTRANSFERT`, `TRS_PRDQTE`, `TRS_PRDRECU`,`TRS_UNITE`, `TRS_REFLOT`, `TRS_DATEPEREMP`, `TRS_PV`, `TRS_MONLOT`) VALUES ('4/0202',	'0104','1/0202', '0202', '4','100','100', 'U','97856DT21','2016-09-01','7.00','LOT/4/4');
INSERT INTO `dettransfert` (`CODE_DETTRANSFERT`, `CODE_PRODUIT`, `CODE_TRANSFERT`, `CODE_MAGASIN`,`ID_DETTRANSFERT`, `TRS_PRDQTE`, `TRS_PRDRECU`,`TRS_UNITE`, `TRS_REFLOT`, `TRS_DATEPEREMP`, `TRS_PV`, `TRS_MONLOT`) VALUES ('5/0201',	'0101','2/0201', '0201', '5','100','100', 'U','SW','2018-10-01','4.00','LOT/1/1');
INSERT INTO `dettransfert` (`CODE_DETTRANSFERT`, `CODE_PRODUIT`, `CODE_TRANSFERT`, `CODE_MAGASIN`,`ID_DETTRANSFERT`, `TRS_PRDQTE`, `TRS_PRDRECU`,`TRS_UNITE`, `TRS_REFLOT`, `TRS_DATEPEREMP`, `TRS_PV`, `TRS_MONLOT`) VALUES ('6/0201',	'0102','2/0201', '0201', '6','250','127', 'U','203675RH','2015-08-01','5.00','LOT/2/2');
INSERT INTO `bonsortie` (`CODE_BONSORTIE`, `CODE_BENEF`, `CODE_MAGASIN`, `ID_EXERCICE`, `REF_BONSORTIE`, `ID_BONSORTIE`,`SOR_LIBELLE`, `SOR_DATE`, `SOR_VALIDE`, `SOR_DATEVALID`) VALUES ('1/0202',	'0101','0202','2015','Sortie001', '1', 'JANVIER 2015','2015-07-05', '1', '2015-07-05 14:44:53');
INSERT INTO `detbonsortie` (`CODE_DETBONSORTIE`, `CODE_PRODUIT`, `CODE_BONSORTIE`, `CODE_MAGASIN`, `ID_DETBONSORTIE`,`BSPRD_QTE`, `BSPRD_RECU`,`BSPRD_UNITE`, `BSPRD_REFLOT`, `BSPRD_DATEPEREMP`, `BSPRD_PV`, `BSPRD_MONLOT`) VALUES ('1/0202','0101','1/0202','0202', '1','11', '11','U','SW','2018-10-01','4.00','LOT/1/1');
INSERT INTO `detbonsortie` (`CODE_DETBONSORTIE`, `CODE_PRODUIT`, `CODE_BONSORTIE`, `CODE_MAGASIN`, `ID_DETBONSORTIE`,`BSPRD_QTE`, `BSPRD_RECU`,`BSPRD_UNITE`, `BSPRD_REFLOT`, `BSPRD_DATEPEREMP`, `BSPRD_PV`, `BSPRD_MONLOT`) VALUES ('2/0202','0102','1/0202','0202', '2','130', '127','U','203675RH','2015-08-01','10.00','LOT/2/2');
INSERT INTO `detbonsortie` (`CODE_DETBONSORTIE`, `CODE_PRODUIT`, `CODE_BONSORTIE`, `CODE_MAGASIN`, `ID_DETBONSORTIE`,`BSPRD_QTE`, `BSPRD_RECU`,`BSPRD_UNITE`, `BSPRD_REFLOT`, `BSPRD_DATEPEREMP`, `BSPRD_PV`, `BSPRD_MONLOT`) VALUES ('3/0202','0103','1/0202','0202', '3','100', '100','PQT','NP','2017-03-01','40.00','LOT/3/3');
INSERT INTO `detbonsortie` (`CODE_DETBONSORTIE`, `CODE_PRODUIT`, `CODE_BONSORTIE`, `CODE_MAGASIN`, `ID_DETBONSORTIE`,`BSPRD_QTE`, `BSPRD_RECU`,`BSPRD_UNITE`, `BSPRD_REFLOT`, `BSPRD_DATEPEREMP`, `BSPRD_PV`, `BSPRD_MONLOT`) VALUES ('4/0202','0104','1/0202','0202', '4','100', '100','U','97856DT21','2016-09-01','10.00','LOT/4/4');
INSERT INTO declass ( CODE_DECLASS, CODE_MAGASIN, ID_EXERCICE, CODENATDECLASS, ID_DECLASS, REF_DECLAS, DCL_DATE, DCL_LIBELLE, DCL_RAISON, DCL_REFRAPPORT, DCL_CABINET, DCL_VALIDE, DCL_DATEVALID )	VALUES ('1/0201', '0201', '2015', 'CAS', '1', 'Perte N1', '2015-07-05', '', '', '', '', '1', '2015-07-05 14:23:57');
INSERT INTO declass ( CODE_DECLASS, CODE_MAGASIN, ID_EXERCICE, CODENATDECLASS, ID_DECLASS, REF_DECLAS, DCL_DATE, DCL_LIBELLE, DCL_RAISON, DCL_REFRAPPORT, DCL_CABINET, DCL_VALIDE, DCL_DATEVALID )	VALUES ('2/0201', '0201', '2015', 'VOL', '2', 'Perte N2', '2015-01-31', '', '', '', '', '1', '2015-07-05 14:25:08');
INSERT INTO declass ( CODE_DECLASS, CODE_MAGASIN, ID_EXERCICE, CODENATDECLASS, ID_DECLASS, REF_DECLAS, DCL_DATE, DCL_LIBELLE, DCL_RAISON, DCL_REFRAPPORT, DCL_CABINET, DCL_VALIDE, DCL_DATEVALID )	VALUES ('3/0201', '0201', '2015', 'AVA', '3', 'Perte N3', '2015-07-05', '', '', '', '', '1', '2015-07-05 14:26:37');
INSERT INTO declass ( CODE_DECLASS, CODE_MAGASIN, ID_EXERCICE, CODENATDECLASS, ID_DECLASS, REF_DECLAS, DCL_DATE, DCL_LIBELLE, DCL_RAISON, DCL_REFRAPPORT, DCL_CABINET, DCL_VALIDE, DCL_DATEVALID )	VALUES ('4/0201', '0201', '2015', 'AR', '4', 'Perte N4', '2015-07-05', '', '', '', '', '1', '2015-07-05 14:41:48');
INSERT INTO `detdeclass` (`CODE_DETDECLASS`, `CODE_PRODUIT`, `CODE_DECLASS`, `CODE_MAGASIN`, `ID_DETDECLASS`,`DECL_QTE`, `DECL_UNITE`,`DECL_REFLOT`, `DECL_DATEPEREMP`, `DECL_PA`, `DECL_MONLOT`) VALUES ('1/0201','0101','1/0201','0201', '1','10','U','SW','1017-02-01','4.00','LOT/7/1');
INSERT INTO `detdeclass` (`CODE_DETDECLASS`, `CODE_PRODUIT`, `CODE_DECLASS`, `CODE_MAGASIN`, `ID_DETDECLASS`,`DECL_QTE`, `DECL_UNITE`,`DECL_REFLOT`, `DECL_DATEPEREMP`, `DECL_PA`, `DECL_MONLOT`) VALUES ('2/0201','0103','1/0201','0201', '2','10','PQT','NP','2017-03-01','40.00','LOT/3/3');
INSERT INTO `detdeclass` (`CODE_DETDECLASS`, `CODE_PRODUIT`, `CODE_DECLASS`, `CODE_MAGASIN`, `ID_DETDECLASS`,`DECL_QTE`, `DECL_UNITE`,`DECL_REFLOT`, `DECL_DATEPEREMP`, `DECL_PA`, `DECL_MONLOT`) VALUES ('3/0201','0101','2/0201','0201', '3','10','U','DL','2015-06-01','4.00','LOT/6/6');
INSERT INTO `detdeclass` (`CODE_DETDECLASS`, `CODE_PRODUIT`, `CODE_DECLASS`, `CODE_MAGASIN`, `ID_DETDECLASS`,`DECL_QTE`, `DECL_UNITE`,`DECL_REFLOT`, `DECL_DATEPEREMP`, `DECL_PA`, `DECL_MONLOT`) VALUES ('4/0201','0102','2/0201','0201', '4','5','U','203675RH','2015-08-01','10.00','LOT/2/2');
INSERT INTO `detdeclass` (`CODE_DETDECLASS`, `CODE_PRODUIT`, `CODE_DECLASS`, `CODE_MAGASIN`, `ID_DETDECLASS`,`DECL_QTE`, `DECL_UNITE`,`DECL_REFLOT`, `DECL_DATEPEREMP`, `DECL_PA`, `DECL_MONLOT`) VALUES ('5/0201','0101','3/0201','0201', '5','5','U','SW','1017-02-01','4.00','LOT/7/1');
INSERT INTO `detdeclass` (`CODE_DETDECLASS`, `CODE_PRODUIT`, `CODE_DECLASS`, `CODE_MAGASIN`, `ID_DETDECLASS`,`DECL_QTE`, `DECL_UNITE`,`DECL_REFLOT`, `DECL_DATEPEREMP`, `DECL_PA`, `DECL_MONLOT`) VALUES ('6/0201','0102','3/0201','0201', '6','2','U','203675RH','2015-08-01','10.00','LOT/2/2');
INSERT INTO `detdeclass` (`CODE_DETDECLASS`, `CODE_PRODUIT`, `CODE_DECLASS`, `CODE_MAGASIN`, `ID_DETDECLASS`,`DECL_QTE`, `DECL_UNITE`,`DECL_REFLOT`, `DECL_DATEPEREMP`, `DECL_PA`, `DECL_MONLOT`) VALUES ('7/0201','0101','4/0201','0201', '7','3','U','DL','2015-06-01','4.00','LOT/6/6');
INSERT INTO `detdeclass` (`CODE_DETDECLASS`, `CODE_PRODUIT`, `CODE_DECLASS`, `CODE_MAGASIN`, `ID_DETDECLASS`,`DECL_QTE`, `DECL_UNITE`,`DECL_REFLOT`, `DECL_DATEPEREMP`, `DECL_PA`, `DECL_MONLOT`) VALUES ('8/0201','0102','4/0201','0201', '8','4','U','203675RH','2015-08-01','10.00','LOT/2/2');
INSERT INTO `mouvement` (`CODE_MOUVEMENT`, `ID_EXERCICE`, `CODE_PRODUIT`, `CODE_MAGASIN`, `ID_MOUVEMENT`,`ID_SOURCE`,`MVT_DATE`, `MVT_TIME`, `MVT_QUANTITE`, `MVT_UNITE`, `MVT_NATURE`, `MVT_VALID`, `MVT_DATEVALID`,`MVT_TYPE`, `MVT_REFLOT`, `MVT_DATEPEREMP`, `MVT_PV`, `MVT_PA`, `MVT_PR`, `MVT_MONLOT`) VALUES	('1/0201', '2015', '0101','0201', '1', '1/0201','2015-01-06', '13:33:12', '6000','U', 'LIVRAISON', '1', '2015-07-05 13:33:39', 'E', 'SW','2018-10-01', NULL, '2.00',NULL, 'LOT/1/1');
INSERT INTO `mouvement` (`CODE_MOUVEMENT`, `ID_EXERCICE`, `CODE_PRODUIT`, `CODE_MAGASIN`, `ID_MOUVEMENT`,`ID_SOURCE`,`MVT_DATE`, `MVT_TIME`, `MVT_QUANTITE`, `MVT_UNITE`, `MVT_NATURE`, `MVT_VALID`, `MVT_DATEVALID`,`MVT_TYPE`, `MVT_REFLOT`, `MVT_DATEPEREMP`, `MVT_PV`, `MVT_PA`, `MVT_PR`, `MVT_MONLOT`) VALUES	('1/0202', '2015', '0101','0202', '1', '1/0202','2015-01-09', '14:10:48', '11','U', 'TRANSFERT ENTRANT', '1', '2015-07-05 14:10:48', 'E', 'SW','2018-10-01', '4.00', NULL,NULL, 'LOT/1/1');
INSERT INTO `mouvement` (`CODE_MOUVEMENT`, `ID_EXERCICE`, `CODE_PRODUIT`, `CODE_MAGASIN`, `ID_MOUVEMENT`,`ID_SOURCE`,`MVT_DATE`, `MVT_TIME`, `MVT_QUANTITE`, `MVT_UNITE`, `MVT_NATURE`, `MVT_VALID`, `MVT_DATEVALID`,`MVT_TYPE`, `MVT_REFLOT`, `MVT_DATEPEREMP`, `MVT_PV`, `MVT_PA`, `MVT_PR`, `MVT_MONLOT`) VALUES	('1/0203', '2015', '0101','0203', '1', '1/0203','2015-07-05', '14:13:28', '100','U', 'TRANSFERT ENTRANT', '1', '2015-07-05 14:13:28', 'E', 'SW','2018-10-01', '4.00', NULL,NULL, 'LOT/1/1');
INSERT INTO `mouvement` (`CODE_MOUVEMENT`, `ID_EXERCICE`, `CODE_PRODUIT`, `CODE_MAGASIN`, `ID_MOUVEMENT`,`ID_SOURCE`,`MVT_DATE`, `MVT_TIME`, `MVT_QUANTITE`, `MVT_UNITE`, `MVT_NATURE`, `MVT_VALID`, `MVT_DATEVALID`,`MVT_TYPE`, `MVT_REFLOT`, `MVT_DATEPEREMP`, `MVT_PV`, `MVT_PA`, `MVT_PR`, `MVT_MONLOT`) VALUES	('10/0201', '2015', '0102','0201', '10', '1/0201','2015-01-09', '14:10:47', '130','U', 'TRANSFERT SORTANT', '1', '2015-07-05 14:10:47', 'S', '203675RH','2015-08-01', '10.00', NULL,NULL, 'LOT/2/2');
INSERT INTO `mouvement` (`CODE_MOUVEMENT`, `ID_EXERCICE`, `CODE_PRODUIT`, `CODE_MAGASIN`, `ID_MOUVEMENT`,`ID_SOURCE`,`MVT_DATE`, `MVT_TIME`, `MVT_QUANTITE`, `MVT_UNITE`, `MVT_NATURE`, `MVT_VALID`, `MVT_DATEVALID`,`MVT_TYPE`, `MVT_REFLOT`, `MVT_DATEPEREMP`, `MVT_PV`, `MVT_PA`, `MVT_PR`, `MVT_MONLOT`) VALUES	('11/0201', '2015', '0103','0201', '11', '1/0201','2015-01-09', '14:10:47', '100','PQT', 'TRANSFERT SORTANT', '1', '2015-07-05 14:10:47', 'S', 'NP','2017-03-01', '40.00', NULL,NULL, 'LOT/3/3');
INSERT INTO `mouvement` (`CODE_MOUVEMENT`, `ID_EXERCICE`, `CODE_PRODUIT`, `CODE_MAGASIN`, `ID_MOUVEMENT`,`ID_SOURCE`,`MVT_DATE`, `MVT_TIME`, `MVT_QUANTITE`, `MVT_UNITE`, `MVT_NATURE`, `MVT_VALID`, `MVT_DATEVALID`,`MVT_TYPE`, `MVT_REFLOT`, `MVT_DATEPEREMP`, `MVT_PV`, `MVT_PA`, `MVT_PR`, `MVT_MONLOT`) VALUES	('12/0201', '2015', '0104','0201', '12', '1/0201','2015-01-09', '14:10:47', '100','U', 'TRANSFERT SORTANT', '1', '2015-07-05 14:10:47', 'S', '97856DT21','2016-09-01', '7.00', NULL,NULL, 'LOT/4/4');
INSERT INTO `mouvement` (`CODE_MOUVEMENT`, `ID_EXERCICE`, `CODE_PRODUIT`, `CODE_MAGASIN`, `ID_MOUVEMENT`,`ID_SOURCE`,`MVT_DATE`, `MVT_TIME`, `MVT_QUANTITE`, `MVT_UNITE`, `MVT_NATURE`, `MVT_VALID`, `MVT_DATEVALID`,`MVT_TYPE`, `MVT_REFLOT`, `MVT_DATEPEREMP`, `MVT_PV`, `MVT_PA`, `MVT_PR`, `MVT_MONLOT`) VALUES	('13/0201', '2015', '0101','0201', '13', '2/0201','2015-07-05', '14:13:27', '100','U', 'TRANSFERT SORTANT', '1', '2015-07-05 14:13:27', 'S', 'SW','2018-10-01', '4.00', NULL,NULL, 'LOT/1/1');
INSERT INTO `mouvement` (`CODE_MOUVEMENT`, `ID_EXERCICE`, `CODE_PRODUIT`, `CODE_MAGASIN`, `ID_MOUVEMENT`,`ID_SOURCE`,`MVT_DATE`, `MVT_TIME`, `MVT_QUANTITE`, `MVT_UNITE`, `MVT_NATURE`, `MVT_VALID`, `MVT_DATEVALID`,`MVT_TYPE`, `MVT_REFLOT`, `MVT_DATEPEREMP`, `MVT_PV`, `MVT_PA`, `MVT_PR`, `MVT_MONLOT`) VALUES	('14/0201', '2015', '0102','0201', '14', '2/0201','2015-07-05', '14:13:27', '250','U', 'TRANSFERT SORTANT', '1', '2015-07-05 14:13:27', 'S', '203675RH','2015-08-01', '5.00', NULL,NULL, 'LOT/2/2');
INSERT INTO `mouvement` (`CODE_MOUVEMENT`, `ID_EXERCICE`, `CODE_PRODUIT`, `CODE_MAGASIN`, `ID_MOUVEMENT`,`ID_SOURCE`,`MVT_DATE`, `MVT_TIME`, `MVT_QUANTITE`, `MVT_UNITE`, `MVT_NATURE`, `MVT_VALID`, `MVT_DATEVALID`,`MVT_TYPE`, `MVT_REFLOT`, `MVT_DATEPEREMP`, `MVT_PV`, `MVT_PA`, `MVT_PR`, `MVT_MONLOT`) VALUES	('15/0201', '2015', '0101','0201', '15', '1/0201','2015-07-05', '14:23:52', '10','U', 'DECLASSEMENT', '1', '2015-07-05 14:23:58', 'S', 'SW','1017-02-01', '4.00', NULL,NULL, 'LOT/7/1');
INSERT INTO `mouvement` (`CODE_MOUVEMENT`, `ID_EXERCICE`, `CODE_PRODUIT`, `CODE_MAGASIN`, `ID_MOUVEMENT`,`ID_SOURCE`,`MVT_DATE`, `MVT_TIME`, `MVT_QUANTITE`, `MVT_UNITE`, `MVT_NATURE`, `MVT_VALID`, `MVT_DATEVALID`,`MVT_TYPE`, `MVT_REFLOT`, `MVT_DATEPEREMP`, `MVT_PV`, `MVT_PA`, `MVT_PR`, `MVT_MONLOT`) VALUES	('16/0201', '2015', '0103','0201', '16', '1/0201','2015-07-05', '14:23:52', '10','PQT', 'DECLASSEMENT', '1', '2015-07-05 14:23:58', 'S', 'NP','2017-03-01', '40.00', NULL,NULL, 'LOT/3/3');
INSERT INTO `mouvement` (`CODE_MOUVEMENT`, `ID_EXERCICE`, `CODE_PRODUIT`, `CODE_MAGASIN`, `ID_MOUVEMENT`,`ID_SOURCE`,`MVT_DATE`, `MVT_TIME`, `MVT_QUANTITE`, `MVT_UNITE`, `MVT_NATURE`, `MVT_VALID`, `MVT_DATEVALID`,`MVT_TYPE`, `MVT_REFLOT`, `MVT_DATEPEREMP`, `MVT_PV`, `MVT_PA`, `MVT_PR`, `MVT_MONLOT`) VALUES	('17/0201', '2015', '0101','0201', '17', '2/0201','2015-01-31', '14:25:01', '10','U', 'DECLASSEMENT', '1', '2015-07-05 14:25:08', 'S', 'DL','2015-06-01', '4.00', NULL,NULL, 'LOT/6/6');
INSERT INTO `mouvement` (`CODE_MOUVEMENT`, `ID_EXERCICE`, `CODE_PRODUIT`, `CODE_MAGASIN`, `ID_MOUVEMENT`,`ID_SOURCE`,`MVT_DATE`, `MVT_TIME`, `MVT_QUANTITE`, `MVT_UNITE`, `MVT_NATURE`, `MVT_VALID`, `MVT_DATEVALID`,`MVT_TYPE`, `MVT_REFLOT`, `MVT_DATEPEREMP`, `MVT_PV`, `MVT_PA`, `MVT_PR`, `MVT_MONLOT`) VALUES	('18/0201', '2015', '0102','0201', '18', '2/0201','2015-01-31', '14:25:01', '5','U', 'DECLASSEMENT', '1', '2015-07-05 14:25:08', 'S', '203675RH','2015-08-01', '10.00', NULL,NULL, 'LOT/2/2');
INSERT INTO `mouvement` (`CODE_MOUVEMENT`, `ID_EXERCICE`, `CODE_PRODUIT`, `CODE_MAGASIN`, `ID_MOUVEMENT`,`ID_SOURCE`,`MVT_DATE`, `MVT_TIME`, `MVT_QUANTITE`, `MVT_UNITE`, `MVT_NATURE`, `MVT_VALID`, `MVT_DATEVALID`,`MVT_TYPE`, `MVT_REFLOT`, `MVT_DATEPEREMP`, `MVT_PV`, `MVT_PA`, `MVT_PR`, `MVT_MONLOT`) VALUES	('19/0201', '2015', '0101','0201', '19', '3/0201','2015-07-05', '14:26:28', '5','U', 'DECLASSEMENT', '1', '2015-07-05 14:26:37', 'S', 'SW','1017-02-01', '4.00', NULL,NULL, 'LOT/7/1');
INSERT INTO `mouvement` (`CODE_MOUVEMENT`, `ID_EXERCICE`, `CODE_PRODUIT`, `CODE_MAGASIN`, `ID_MOUVEMENT`,`ID_SOURCE`,`MVT_DATE`, `MVT_TIME`, `MVT_QUANTITE`, `MVT_UNITE`, `MVT_NATURE`, `MVT_VALID`, `MVT_DATEVALID`,`MVT_TYPE`, `MVT_REFLOT`, `MVT_DATEPEREMP`, `MVT_PV`, `MVT_PA`, `MVT_PR`, `MVT_MONLOT`) VALUES	('2/0201', '2015', '0102','0201', '2', '1/0201','2015-01-06', '13:33:12', '4000','U', 'LIVRAISON', '1', '2015-07-05 13:33:39', 'E', '203675RH','2015-08-01', NULL, '4.00',NULL, 'LOT/2/2');
INSERT INTO `mouvement` (`CODE_MOUVEMENT`, `ID_EXERCICE`, `CODE_PRODUIT`, `CODE_MAGASIN`, `ID_MOUVEMENT`,`ID_SOURCE`,`MVT_DATE`, `MVT_TIME`, `MVT_QUANTITE`, `MVT_UNITE`, `MVT_NATURE`, `MVT_VALID`, `MVT_DATEVALID`,`MVT_TYPE`, `MVT_REFLOT`, `MVT_DATEPEREMP`, `MVT_PV`, `MVT_PA`, `MVT_PR`, `MVT_MONLOT`) VALUES	('2/0202', '2015', '0102','0202', '2', '1/0202','2015-01-09', '14:10:48', '130','U', 'TRANSFERT ENTRANT', '1', '2015-07-05 14:10:48', 'E', '203675RH','2015-08-01', '10.00', NULL,NULL, 'LOT/2/2');
INSERT INTO `mouvement` (`CODE_MOUVEMENT`, `ID_EXERCICE`, `CODE_PRODUIT`, `CODE_MAGASIN`, `ID_MOUVEMENT`,`ID_SOURCE`,`MVT_DATE`, `MVT_TIME`, `MVT_QUANTITE`, `MVT_UNITE`, `MVT_NATURE`, `MVT_VALID`, `MVT_DATEVALID`,`MVT_TYPE`, `MVT_REFLOT`, `MVT_DATEPEREMP`, `MVT_PV`, `MVT_PA`, `MVT_PR`, `MVT_MONLOT`) VALUES	('2/0203', '2015', '0102','0203', '2', '1/0203','2015-07-05', '14:13:28', '250','U', 'TRANSFERT ENTRANT', '1', '2015-07-05 14:13:28', 'E', '203675RH','2015-08-01', '5.00', NULL,NULL, 'LOT/2/2');
INSERT INTO `mouvement` (`CODE_MOUVEMENT`, `ID_EXERCICE`, `CODE_PRODUIT`, `CODE_MAGASIN`, `ID_MOUVEMENT`,`ID_SOURCE`,`MVT_DATE`, `MVT_TIME`, `MVT_QUANTITE`, `MVT_UNITE`, `MVT_NATURE`, `MVT_VALID`, `MVT_DATEVALID`,`MVT_TYPE`, `MVT_REFLOT`, `MVT_DATEPEREMP`, `MVT_PV`, `MVT_PA`, `MVT_PR`, `MVT_MONLOT`) VALUES	('20/0201', '2015', '0102','0201', '20', '3/0201','2015-07-05', '14:26:28', '2','U', 'DECLASSEMENT', '1', '2015-07-05 14:26:37', 'S', '203675RH','2015-08-01', '10.00', NULL,NULL, 'LOT/2/2');
INSERT INTO `mouvement` (`CODE_MOUVEMENT`, `ID_EXERCICE`, `CODE_PRODUIT`, `CODE_MAGASIN`, `ID_MOUVEMENT`,`ID_SOURCE`,`MVT_DATE`, `MVT_TIME`, `MVT_QUANTITE`, `MVT_UNITE`, `MVT_NATURE`, `MVT_VALID`, `MVT_DATEVALID`,`MVT_TYPE`, `MVT_REFLOT`, `MVT_DATEPEREMP`, `MVT_PV`, `MVT_PA`, `MVT_PR`, `MVT_MONLOT`) VALUES	('21/0201', '2015', '0101','0201', '21', '4/0201','2015-07-05', '14:41:42', '3','U', 'DECLASSEMENT', '1', '2015-07-05 14:41:48', 'S', 'DL','2015-06-01', '4.00', NULL,NULL, 'LOT/6/6');
INSERT INTO `mouvement` (`CODE_MOUVEMENT`, `ID_EXERCICE`, `CODE_PRODUIT`, `CODE_MAGASIN`, `ID_MOUVEMENT`,`ID_SOURCE`,`MVT_DATE`, `MVT_TIME`, `MVT_QUANTITE`, `MVT_UNITE`, `MVT_NATURE`, `MVT_VALID`, `MVT_DATEVALID`,`MVT_TYPE`, `MVT_REFLOT`, `MVT_DATEPEREMP`, `MVT_PV`, `MVT_PA`, `MVT_PR`, `MVT_MONLOT`) VALUES	('22/0201', '2015', '0102','0201', '22', '4/0201','2015-07-05', '14:41:42', '4','U', 'DECLASSEMENT', '1', '2015-07-05 14:41:48', 'S', '203675RH','2015-08-01', '10.00', NULL,NULL, 'LOT/2/2');
INSERT INTO `mouvement` (`CODE_MOUVEMENT`, `ID_EXERCICE`, `CODE_PRODUIT`, `CODE_MAGASIN`, `ID_MOUVEMENT`,`ID_SOURCE`,`MVT_DATE`, `MVT_TIME`, `MVT_QUANTITE`, `MVT_UNITE`, `MVT_NATURE`, `MVT_VALID`, `MVT_DATEVALID`,`MVT_TYPE`, `MVT_REFLOT`, `MVT_DATEPEREMP`, `MVT_PV`, `MVT_PA`, `MVT_PR`, `MVT_MONLOT`) VALUES	('3/0201', '2015', '0103','0201', '3', '1/0201','2015-01-06', '13:33:12', '2000','PQT', 'LIVRAISON', '1', '2015-07-05 13:33:39', 'E', 'NP','2017-03-01', NULL, '20.00',NULL, 'LOT/3/3');
INSERT INTO `mouvement` (`CODE_MOUVEMENT`, `ID_EXERCICE`, `CODE_PRODUIT`, `CODE_MAGASIN`, `ID_MOUVEMENT`,`ID_SOURCE`,`MVT_DATE`, `MVT_TIME`, `MVT_QUANTITE`, `MVT_UNITE`, `MVT_NATURE`, `MVT_VALID`, `MVT_DATEVALID`,`MVT_TYPE`, `MVT_REFLOT`, `MVT_DATEPEREMP`, `MVT_PV`, `MVT_PA`, `MVT_PR`, `MVT_MONLOT`) VALUES	('3/0202', '2015', '0103','0202', '3', '1/0202','2015-01-09', '14:10:48', '100','PQT', 'TRANSFERT ENTRANT', '1', '2015-07-05 14:10:48', 'E', 'NP','2017-03-01', '40.00', NULL,NULL, 'LOT/3/3');
INSERT INTO `mouvement` (`CODE_MOUVEMENT`, `ID_EXERCICE`, `CODE_PRODUIT`, `CODE_MAGASIN`, `ID_MOUVEMENT`,`ID_SOURCE`,`MVT_DATE`, `MVT_TIME`, `MVT_QUANTITE`, `MVT_UNITE`, `MVT_NATURE`, `MVT_VALID`, `MVT_DATEVALID`,`MVT_TYPE`, `MVT_REFLOT`, `MVT_DATEPEREMP`, `MVT_PV`, `MVT_PA`, `MVT_PR`, `MVT_MONLOT`) VALUES	('4/0201', '2015', '0104','0201', '4', '1/0201','2015-01-06', '13:33:12', '1000','U', 'LIVRAISON', '1', '2015-07-05 13:33:39', 'E', '97856DT21','2016-09-01', NULL, '5.00',NULL, 'LOT/4/4');
INSERT INTO `mouvement` (`CODE_MOUVEMENT`, `ID_EXERCICE`, `CODE_PRODUIT`, `CODE_MAGASIN`, `ID_MOUVEMENT`,`ID_SOURCE`,`MVT_DATE`, `MVT_TIME`, `MVT_QUANTITE`, `MVT_UNITE`, `MVT_NATURE`, `MVT_VALID`, `MVT_DATEVALID`,`MVT_TYPE`, `MVT_REFLOT`, `MVT_DATEPEREMP`, `MVT_PV`, `MVT_PA`, `MVT_PR`, `MVT_MONLOT`) VALUES	('4/0202', '2015', '0104','0202', '4', '1/0202','2015-01-09', '14:10:48', '100','U', 'TRANSFERT ENTRANT', '1', '2015-07-05 14:10:48', 'E', '97856DT21','2016-09-01', '7.00', NULL,NULL, 'LOT/4/4');
INSERT INTO `mouvement` (`CODE_MOUVEMENT`, `ID_EXERCICE`, `CODE_PRODUIT`, `CODE_MAGASIN`, `ID_MOUVEMENT`,`ID_SOURCE`,`MVT_DATE`, `MVT_TIME`, `MVT_QUANTITE`, `MVT_UNITE`, `MVT_NATURE`, `MVT_VALID`, `MVT_DATEVALID`,`MVT_TYPE`, `MVT_REFLOT`, `MVT_DATEPEREMP`, `MVT_PV`, `MVT_PA`, `MVT_PR`, `MVT_MONLOT`) VALUES	('5/0201', '2015', '0105','0201', '5', '1/0201','2015-01-06', '13:33:12', '3000','FLC', 'LIVRAISON', '1', '2015-07-05 13:33:39', 'E', 'KJG','2015-08-01', NULL, '200.00',NULL, 'LOT/5/5');
INSERT INTO `mouvement` (`CODE_MOUVEMENT`, `ID_EXERCICE`, `CODE_PRODUIT`, `CODE_MAGASIN`, `ID_MOUVEMENT`,`ID_SOURCE`,`MVT_DATE`, `MVT_TIME`, `MVT_QUANTITE`, `MVT_UNITE`, `MVT_NATURE`, `MVT_VALID`, `MVT_DATEVALID`,`MVT_TYPE`, `MVT_REFLOT`, `MVT_DATEPEREMP`, `MVT_PV`, `MVT_PA`, `MVT_PR`, `MVT_MONLOT`) VALUES	('5/0202', '2015', '0101','0202', '5', '1/0202','2015-07-05', '14:44:45', '11','U', 'BON DE SORTIE', '1', '2015-07-05 14:44:53', 'S', 'SW','2018-10-01', '4.00', NULL,NULL, 'LOT/1/1');
INSERT INTO `mouvement` (`CODE_MOUVEMENT`, `ID_EXERCICE`, `CODE_PRODUIT`, `CODE_MAGASIN`, `ID_MOUVEMENT`,`ID_SOURCE`,`MVT_DATE`, `MVT_TIME`, `MVT_QUANTITE`, `MVT_UNITE`, `MVT_NATURE`, `MVT_VALID`, `MVT_DATEVALID`,`MVT_TYPE`, `MVT_REFLOT`, `MVT_DATEPEREMP`, `MVT_PV`, `MVT_PA`, `MVT_PR`, `MVT_MONLOT`) VALUES	('6/0201', '2015', '0101','0201', '6', '1/0201','2015-01-06', '13:33:12', '1000','U', 'LIVRAISON', '1', '2015-07-05 13:33:39', 'E', 'DL','2015-06-01', NULL, '2.00',NULL, 'LOT/6/6');
INSERT INTO `mouvement` (`CODE_MOUVEMENT`, `ID_EXERCICE`, `CODE_PRODUIT`, `CODE_MAGASIN`, `ID_MOUVEMENT`,`ID_SOURCE`,`MVT_DATE`, `MVT_TIME`, `MVT_QUANTITE`, `MVT_UNITE`, `MVT_NATURE`, `MVT_VALID`, `MVT_DATEVALID`,`MVT_TYPE`, `MVT_REFLOT`, `MVT_DATEPEREMP`, `MVT_PV`, `MVT_PA`, `MVT_PR`, `MVT_MONLOT`) VALUES	('6/0202', '2015', '0102','0202', '6', '1/0202','2015-07-05', '14:44:45', '130','U', 'BON DE SORTIE', '1', '2015-07-05 14:44:53', 'S', '203675RH','2015-08-01', '10.00', NULL,NULL, 'LOT/2/2');
INSERT INTO `mouvement` (`CODE_MOUVEMENT`, `ID_EXERCICE`, `CODE_PRODUIT`, `CODE_MAGASIN`, `ID_MOUVEMENT`,`ID_SOURCE`,`MVT_DATE`, `MVT_TIME`, `MVT_QUANTITE`, `MVT_UNITE`, `MVT_NATURE`, `MVT_VALID`, `MVT_DATEVALID`,`MVT_TYPE`, `MVT_REFLOT`, `MVT_DATEPEREMP`, `MVT_PV`, `MVT_PA`, `MVT_PR`, `MVT_MONLOT`) VALUES	('7/0201', '2015', '0101','0201', '7', '2/0201','2015-07-05', '14:05:33', '30','U', 'LIVRAISON', '1', '2015-07-05 14:05:40', 'E', 'SW','1017-02-01', NULL, '2.00',NULL, 'LOT/7/1');
INSERT INTO `mouvement` (`CODE_MOUVEMENT`, `ID_EXERCICE`, `CODE_PRODUIT`, `CODE_MAGASIN`, `ID_MOUVEMENT`,`ID_SOURCE`,`MVT_DATE`, `MVT_TIME`, `MVT_QUANTITE`, `MVT_UNITE`, `MVT_NATURE`, `MVT_VALID`, `MVT_DATEVALID`,`MVT_TYPE`, `MVT_REFLOT`, `MVT_DATEPEREMP`, `MVT_PV`, `MVT_PA`, `MVT_PR`, `MVT_MONLOT`) VALUES	('7/0202', '2015', '0103','0202', '7', '1/0202','2015-07-05', '14:44:45', '100','PQT', 'BON DE SORTIE', '1', '2015-07-05 14:44:53', 'S', 'NP','2017-03-01', '40.00', NULL,NULL, 'LOT/3/3');
INSERT INTO `mouvement` (`CODE_MOUVEMENT`, `ID_EXERCICE`, `CODE_PRODUIT`, `CODE_MAGASIN`, `ID_MOUVEMENT`,`ID_SOURCE`,`MVT_DATE`, `MVT_TIME`, `MVT_QUANTITE`, `MVT_UNITE`, `MVT_NATURE`, `MVT_VALID`, `MVT_DATEVALID`,`MVT_TYPE`, `MVT_REFLOT`, `MVT_DATEPEREMP`, `MVT_PV`, `MVT_PA`, `MVT_PR`, `MVT_MONLOT`) VALUES	('8/0201', '2015', '0102','0201', '8', '2/0201','2015-07-05', '14:05:33', '25','U', 'LIVRAISON', '1', '2015-07-05 14:05:40', 'E', '203675RH','2016-08-01', NULL, '4.00',NULL, 'LOT/8/2');
INSERT INTO `mouvement` (`CODE_MOUVEMENT`, `ID_EXERCICE`, `CODE_PRODUIT`, `CODE_MAGASIN`, `ID_MOUVEMENT`,`ID_SOURCE`,`MVT_DATE`, `MVT_TIME`, `MVT_QUANTITE`, `MVT_UNITE`, `MVT_NATURE`, `MVT_VALID`, `MVT_DATEVALID`,`MVT_TYPE`, `MVT_REFLOT`, `MVT_DATEPEREMP`, `MVT_PV`, `MVT_PA`, `MVT_PR`, `MVT_MONLOT`) VALUES	('8/0202', '2015', '0104','0202', '8', '1/0202','2015-07-05', '14:44:45', '100','U', 'BON DE SORTIE', '1', '2015-07-05 14:44:53', 'S', '97856DT21','2016-09-01', '10.00', NULL,NULL, 'LOT/4/4');
INSERT INTO `mouvement` (`CODE_MOUVEMENT`, `ID_EXERCICE`, `CODE_PRODUIT`, `CODE_MAGASIN`, `ID_MOUVEMENT`,`ID_SOURCE`,`MVT_DATE`, `MVT_TIME`, `MVT_QUANTITE`, `MVT_UNITE`, `MVT_NATURE`, `MVT_VALID`, `MVT_DATEVALID`,`MVT_TYPE`, `MVT_REFLOT`, `MVT_DATEPEREMP`, `MVT_PV`, `MVT_PA`, `MVT_PR`, `MVT_MONLOT`) VALUES	('9/0201', '2015', '0101','0201', '9', '1/0201','2015-01-09', '14:10:47', '11','U', 'TRANSFERT SORTANT', '1', '2015-07-05 14:10:47', 'S', 'SW','2018-10-01', '4.00', NULL,NULL, 'LOT/1/1');
INSERT INTO `logs` (`CODE_LOG`, `LOGIN`, `ID_LOG`, `LOG_DATE`, `LOG_DESCRIP`, `MLLE`) VALUES ('1/', 'root', '1', '2015-07-04 12:04:53', 'Connexion au système', '0345Y');
INSERT INTO `logs` (`CODE_LOG`, `LOGIN`, `ID_LOG`, `LOG_DATE`, `LOG_DESCRIP`, `MLLE`) VALUES ('1/0201', 'root', '1', '2015-07-05 13:23:31', 'Changement de l\'exercice budgétaire (2015, 2015 / , 0201)', '0345Y');
INSERT INTO `logs` (`CODE_LOG`, `LOGIN`, `ID_LOG`, `LOG_DATE`, `LOG_DESCRIP`, `MLLE`) VALUES ('1/0202', 'root', '1', '2015-07-05 14:42:11', 'Changement de l\'exercice budgétaire (2015, 2015 / 0201, 0202)', '0345Y');
INSERT INTO `logs` (`CODE_LOG`, `LOGIN`, `ID_LOG`, `LOG_DATE`, `LOG_DESCRIP`, `MLLE`) VALUES ('10/', 'root', '10', '2015-07-04 12:14:11', 'Ajout d\'un type de bénéficiaire (UNFPA, UNFPA)', '0345Y');
INSERT INTO `logs` (`CODE_LOG`, `LOGIN`, `ID_LOG`, `LOG_DATE`, `LOG_DESCRIP`, `MLLE`) VALUES ('10/0201', 'root', '10', '2015-07-05 14:05:33', 'Ajout d\'une livraison (2/0201, commande n° )', '0345Y');
INSERT INTO `logs` (`CODE_LOG`, `LOGIN`, `ID_LOG`, `LOG_DATE`, `LOG_DESCRIP`, `MLLE`) VALUES ('10/0202', 'root', '10', '2015-07-06 11:44:41', 'Changement de l\'exercice budgétaire (2015, 2015 / , 0202)', '0345Y');
INSERT INTO `logs` (`CODE_LOG`, `LOGIN`, `ID_LOG`, `LOG_DATE`, `LOG_DESCRIP`, `MLLE`) VALUES ('11/', 'root', '11', '2015-07-04 12:14:42', 'Ajout d\'un type de bénéficiaire (ETAT BURKINABE, ETAT BURKINABE)', '0345Y');
INSERT INTO `logs` (`CODE_LOG`, `LOGIN`, `ID_LOG`, `LOG_DATE`, `LOG_DESCRIP`, `MLLE`) VALUES ('11/0201', 'root', '11', '2015-07-05 14:05:34', 'Ajout des lignes de livraison(2/0201, commande n°)', '0345Y');
INSERT INTO `logs` (`CODE_LOG`, `LOGIN`, `ID_LOG`, `LOG_DATE`, `LOG_DESCRIP`, `MLLE`) VALUES ('12/', 'root', '12', '2015-07-04 12:14:56', 'Ajout d\'un type de bénéficiaire (PARTENAIRE, PARTENAIRE)', '0345Y');
INSERT INTO `logs` (`CODE_LOG`, `LOGIN`, `ID_LOG`, `LOG_DATE`, `LOG_DESCRIP`, `MLLE`) VALUES ('12/0201', 'root', '12', '2015-07-05 14:05:34', 'Ajout d\'un mouvement(2/0201, commande n°)', '0345Y');
INSERT INTO `logs` (`CODE_LOG`, `LOGIN`, `ID_LOG`, `LOG_DATE`, `LOG_DESCRIP`, `MLLE`) VALUES ('13/', 'root', '13', '2015-07-04 12:15:19', 'Ajout d\'un type de bénéficiaire (PRIVE, PRIVE)', '0345Y');
INSERT INTO `logs` (`CODE_LOG`, `LOGIN`, `ID_LOG`, `LOG_DATE`, `LOG_DESCRIP`, `MLLE`) VALUES ('13/0201', 'root', '13', '2015-07-05 14:05:40', 'Validation d\'une livraison (2/0201, Livraison n°LIVRAISON COMPLEMENTAIRECOMMANDE N°1)', '0345Y');
INSERT INTO `logs` (`CODE_LOG`, `LOGIN`, `ID_LOG`, `LOG_DATE`, `LOG_DESCRIP`, `MLLE`) VALUES ('14/', 'root', '14', '2015-07-04 12:17:07', 'Ajout d\'un fournisseur (, CAMEG)', '0345Y');
INSERT INTO `logs` (`CODE_LOG`, `LOGIN`, `ID_LOG`, `LOG_DATE`, `LOG_DESCRIP`, `MLLE`) VALUES ('14/0201', 'root', '14', '2015-07-05 14:05:40', 'Validation d\'un mouvement(2/0201, commande n°)', '0345Y');
INSERT INTO `logs` (`CODE_LOG`, `LOGIN`, `ID_LOG`, `LOG_DATE`, `LOG_DESCRIP`, `MLLE`) VALUES ('15/', 'root', '15', '2015-07-04 12:17:36', 'Ajout d\'un fournisseur (, UNFPA)', '0345Y');
INSERT INTO `logs` (`CODE_LOG`, `LOGIN`, `ID_LOG`, `LOG_DATE`, `LOG_DESCRIP`, `MLLE`) VALUES ('15/0201', 'root', '15', '2015-07-05 14:10:47', 'Ajout d\\\'un transfert (1/0201, TRS-1)', '0345Y');
INSERT INTO `logs` (`CODE_LOG`, `LOGIN`, `ID_LOG`, `LOG_DATE`, `LOG_DESCRIP`, `MLLE`) VALUES ('16/', 'root', '16', '2015-07-04 12:18:05', 'Ajout d\'un fournisseur (, UBIPHARM)', '0345Y');
INSERT INTO `logs` (`CODE_LOG`, `LOGIN`, `ID_LOG`, `LOG_DATE`, `LOG_DESCRIP`, `MLLE`) VALUES ('16/0201', 'root', '16', '2015-07-05 14:10:47', 'Ajout des lignes de transfert (1/0201, TRS-1)', '0345Y');
INSERT INTO `logs` (`CODE_LOG`, `LOGIN`, `ID_LOG`, `LOG_DATE`, `LOG_DESCRIP`, `MLLE`) VALUES ('17/', 'root', '17', '2015-07-04 12:18:28', 'Ajout d\'un fournisseur (, USAID)', '0345Y');
INSERT INTO `logs` (`CODE_LOG`, `LOGIN`, `ID_LOG`, `LOG_DATE`, `LOG_DESCRIP`, `MLLE`) VALUES ('17/0201', 'root', '17', '2015-07-05 14:10:47', 'Ajout d\\\'un mouvement(1/0201, TRS-1)', '0345Y');
INSERT INTO `logs` (`CODE_LOG`, `LOGIN`, `ID_LOG`, `LOG_DATE`, `LOG_DESCRIP`, `MLLE`) VALUES ('18/', 'root', '18', '2015-07-04 12:34:54', 'Ajout d\'une unite (, )', '0345Y');
INSERT INTO `logs` (`CODE_LOG`, `LOGIN`, `ID_LOG`, `LOG_DATE`, `LOG_DESCRIP`, `MLLE`) VALUES ('18/0201', 'root', '18', '2015-07-05 14:10:47', 'Ajout d\\\'un transfert (1/0202, TRS-0)', '0345Y');
INSERT INTO `logs` (`CODE_LOG`, `LOGIN`, `ID_LOG`, `LOG_DATE`, `LOG_DESCRIP`, `MLLE`) VALUES ('19/', 'root', '19', '2015-07-04 12:37:10', 'Ajout d\'une unite (, )', '0345Y');
INSERT INTO `logs` (`CODE_LOG`, `LOGIN`, `ID_LOG`, `LOG_DATE`, `LOG_DESCRIP`, `MLLE`) VALUES ('19/0201', 'root', '19', '2015-07-05 14:10:48', 'Ajout des lignes de transfert (1/0202, TRS-0)', '0345Y');
INSERT INTO `logs` (`CODE_LOG`, `LOGIN`, `ID_LOG`, `LOG_DATE`, `LOG_DESCRIP`, `MLLE`) VALUES ('2/', 'root', '2', '2015-07-04 12:06:50', 'Ajout d\'une nature (, )', '0345Y');
INSERT INTO `logs` (`CODE_LOG`, `LOGIN`, `ID_LOG`, `LOG_DATE`, `LOG_DESCRIP`, `MLLE`) VALUES ('2/0201', 'root', '2', '2015-07-05 13:26:42', 'Ajout d\'une commande (1/0201, Cde_mensuelle)', '0345Y');
INSERT INTO `logs` (`CODE_LOG`, `LOGIN`, `ID_LOG`, `LOG_DATE`, `LOG_DESCRIP`, `MLLE`) VALUES ('2/0202', 'root', '2', '2015-07-05 14:44:45', 'Ajout d\'un bon de sortie (1/0202, Bénéficiaire :CLIENT Ordinaire/Sortie001)', '0345Y');
INSERT INTO `logs` (`CODE_LOG`, `LOGIN`, `ID_LOG`, `LOG_DATE`, `LOG_DESCRIP`, `MLLE`) VALUES ('20/', 'root', '20', '2015-07-04 12:37:30', 'Ajout d\'une unite (, )', '0345Y');
INSERT INTO `logs` (`CODE_LOG`, `LOGIN`, `ID_LOG`, `LOG_DATE`, `LOG_DESCRIP`, `MLLE`) VALUES ('20/0201', 'root', '20', '2015-07-05 14:10:48', 'Ajout d\\\'un mouvement(1/0202, TRS-0)', '0345Y');
INSERT INTO `logs` (`CODE_LOG`, `LOGIN`, `ID_LOG`, `LOG_DATE`, `LOG_DESCRIP`, `MLLE`) VALUES ('21/', 'root', '21', '2015-07-04 12:37:43', 'Ajout d\'une unite (, )', '0345Y');
INSERT INTO `logs` (`CODE_LOG`, `LOGIN`, `ID_LOG`, `LOG_DATE`, `LOG_DESCRIP`, `MLLE`) VALUES ('21/0201', 'root', '21', '2015-07-05 14:13:27', 'Ajout d\\\'un transfert (2/0201, TRANSFERT N°1)', '0345Y');
INSERT INTO `logs` (`CODE_LOG`, `LOGIN`, `ID_LOG`, `LOG_DATE`, `LOG_DESCRIP`, `MLLE`) VALUES ('22/', 'root', '22', '2015-07-04 12:42:32', 'Ajout d\'une catégorie (01, ENREGISTRES)', '0345Y');
INSERT INTO `logs` (`CODE_LOG`, `LOGIN`, `ID_LOG`, `LOG_DATE`, `LOG_DESCRIP`, `MLLE`) VALUES ('22/0201', 'root', '22', '2015-07-05 14:13:27', 'Ajout des lignes de transfert (2/0201, TRANSFERT N°1)', '0345Y');
INSERT INTO `logs` (`CODE_LOG`, `LOGIN`, `ID_LOG`, `LOG_DATE`, `LOG_DESCRIP`, `MLLE`) VALUES ('23/', 'root', '23', '2015-07-04 12:42:51', 'Ajout d\'une catégorie (02, NON ENREGISTRES)', '0345Y');
INSERT INTO `logs` (`CODE_LOG`, `LOGIN`, `ID_LOG`, `LOG_DATE`, `LOG_DESCRIP`, `MLLE`) VALUES ('23/0201', 'root', '23', '2015-07-05 14:13:28', 'Ajout d\\\'un mouvement(2/0201, TRANSFERT N°1)', '0345Y');
INSERT INTO `logs` (`CODE_LOG`, `LOGIN`, `ID_LOG`, `LOG_DATE`, `LOG_DESCRIP`, `MLLE`) VALUES ('24/', 'root', '24', '2015-07-04 12:49:01', 'Ajout d\'une sous-catégorie (0101, ORDINAIRES)', '0345Y');
INSERT INTO `logs` (`CODE_LOG`, `LOGIN`, `ID_LOG`, `LOG_DATE`, `LOG_DESCRIP`, `MLLE`) VALUES ('24/0201', 'root', '24', '2015-07-05 14:13:28', 'Ajout d\\\'un transfert (1/0203, TRANSFERT N°1)', '0345Y');
INSERT INTO `logs` (`CODE_LOG`, `LOGIN`, `ID_LOG`, `LOG_DATE`, `LOG_DESCRIP`, `MLLE`) VALUES ('25/', 'root', '25', '2015-07-04 12:49:40', 'Ajout d\'une sous-catégorie (0102, SPECIFIQUES)', '0345Y');
INSERT INTO `logs` (`CODE_LOG`, `LOGIN`, `ID_LOG`, `LOG_DATE`, `LOG_DESCRIP`, `MLLE`) VALUES ('25/0201', 'root', '25', '2015-07-05 14:13:28', 'Ajout des lignes de transfert (1/0203, TRANSFERT N°1)', '0345Y');
INSERT INTO `logs` (`CODE_LOG`, `LOGIN`, `ID_LOG`, `LOG_DATE`, `LOG_DESCRIP`, `MLLE`) VALUES ('26/', 'root', '26', '2015-07-04 12:52:07', 'Ajout d\'une sous-catégorie (0104, VENTE LIBRE)', '0345Y');
INSERT INTO `logs` (`CODE_LOG`, `LOGIN`, `ID_LOG`, `LOG_DATE`, `LOG_DESCRIP`, `MLLE`) VALUES ('26/0201', 'root', '26', '2015-07-05 14:13:28', 'Ajout d\\\'un mouvement(1/0203, TRANSFERT N°1)', '0345Y');
INSERT INTO `logs` (`CODE_LOG`, `LOGIN`, `ID_LOG`, `LOG_DATE`, `LOG_DESCRIP`, `MLLE`) VALUES ('27/', 'root', '27', '2015-07-04 12:52:33', 'Modification d\'une sous-catégorie (0104, 02 - VENTE LIBRE)', '0345Y');
INSERT INTO `logs` (`CODE_LOG`, `LOGIN`, `ID_LOG`, `LOG_DATE`, `LOG_DESCRIP`, `MLLE`) VALUES ('27/0201', 'root', '27', '2015-07-05 14:23:52', 'Ajout d\'un déclassement (1/0201, Perte N1)', '0345Y');
INSERT INTO `logs` (`CODE_LOG`, `LOGIN`, `ID_LOG`, `LOG_DATE`, `LOG_DESCRIP`, `MLLE`) VALUES ('28/', 'root', '28', '2015-07-04 12:53:04', 'Ajout d\'une sous-catégorie (0202, VENTE AUTORISEE)', '0345Y');
INSERT INTO `logs` (`CODE_LOG`, `LOGIN`, `ID_LOG`, `LOG_DATE`, `LOG_DESCRIP`, `MLLE`) VALUES ('28/0201', 'root', '28', '2015-07-05 14:23:52', 'Ajout des lignes de déclassement (1/0201, Perte N1)', '0345Y');
INSERT INTO `logs` (`CODE_LOG`, `LOGIN`, `ID_LOG`, `LOG_DATE`, `LOG_DESCRIP`, `MLLE`) VALUES ('29/', 'root', '29', '2015-07-04 12:54:59', 'Ajout d\'une catégorie (010201, MEG)', '0345Y');
INSERT INTO `logs` (`CODE_LOG`, `LOGIN`, `ID_LOG`, `LOG_DATE`, `LOG_DESCRIP`, `MLLE`) VALUES ('29/0201', 'root', '29', '2015-07-05 14:23:52', 'Ajout d\'un mouvement(1/0201, déclassement n°Perte N1)', '0345Y');
INSERT INTO `logs` (`CODE_LOG`, `LOGIN`, `ID_LOG`, `LOG_DATE`, `LOG_DESCRIP`, `MLLE`) VALUES ('3/', 'root', '3', '2015-07-04 12:07:21', 'Ajout d\'une région (DRS PLATEAU CENTRAL)', '0345Y');
INSERT INTO `logs` (`CODE_LOG`, `LOGIN`, `ID_LOG`, `LOG_DATE`, `LOG_DESCRIP`, `MLLE`) VALUES ('3/0201', 'root', '3', '2015-07-05 13:26:42', 'Ajout des lignes de commandes (1/0201, Cde_mensuelle)', '0345Y');
INSERT INTO `logs` (`CODE_LOG`, `LOGIN`, `ID_LOG`, `LOG_DATE`, `LOG_DESCRIP`, `MLLE`) VALUES ('3/0202', 'root', '3', '2015-07-05 14:44:45', 'Ajout des lignes du bon de sortie(1/0202, Bénéficiaire :CLIENT Ordinaire / Sortie001)', '0345Y');
INSERT INTO `logs` (`CODE_LOG`, `LOGIN`, `ID_LOG`, `LOG_DATE`, `LOG_DESCRIP`, `MLLE`) VALUES ('30/', 'root', '30', '2015-07-04 12:55:19', 'Ajout d\'une catégorie (010202, CONSOMMABLES)', '0345Y');
INSERT INTO `logs` (`CODE_LOG`, `LOGIN`, `ID_LOG`, `LOG_DATE`, `LOG_DESCRIP`, `MLLE`) VALUES ('30/0201', 'root', '30', '2015-07-05 14:23:57', 'Modification d\'un déclassement (1/0201, Perte N1)', '0345Y');
INSERT INTO `logs` (`CODE_LOG`, `LOGIN`, `ID_LOG`, `LOG_DATE`, `LOG_DESCRIP`, `MLLE`) VALUES ('31/', 'root', '31', '2015-07-04 13:00:42', 'Ajout d\'un produit (0101, PARACETAMOL 500 mg cp blister)', '0345Y');
INSERT INTO `logs` (`CODE_LOG`, `LOGIN`, `ID_LOG`, `LOG_DATE`, `LOG_DESCRIP`, `MLLE`) VALUES ('31/0201', 'root', '31', '2015-07-05 14:23:58', 'Modification d\'un mouvement(1/0201, déclassement n°Perte N1)', '0345Y');
INSERT INTO `logs` (`CODE_LOG`, `LOGIN`, `ID_LOG`, `LOG_DATE`, `LOG_DESCRIP`, `MLLE`) VALUES ('32/', 'root', '32', '2015-07-04 13:01:15', 'Modification d\'un produit (0101, PARACETAMOL 500 mg cp blister)', '0345Y');
INSERT INTO `logs` (`CODE_LOG`, `LOGIN`, `ID_LOG`, `LOG_DATE`, `LOG_DESCRIP`, `MLLE`) VALUES ('32/0201', 'root', '32', '2015-07-05 14:25:01', 'Ajout d\'un déclassement (2/0201, Perte N2)', '0345Y');
INSERT INTO `logs` (`CODE_LOG`, `LOGIN`, `ID_LOG`, `LOG_DATE`, `LOG_DESCRIP`, `MLLE`) VALUES ('33/', 'root', '33', '2015-07-04 13:04:49', 'Ajout d\'un produit (0102, AMOXICILLINE 500 mg gel blister)', '0345Y');
INSERT INTO `logs` (`CODE_LOG`, `LOGIN`, `ID_LOG`, `LOG_DATE`, `LOG_DESCRIP`, `MLLE`) VALUES ('33/0201', 'root', '33', '2015-07-05 14:25:01', 'Ajout des lignes de déclassement (2/0201, Perte N2)', '0345Y');
INSERT INTO `logs` (`CODE_LOG`, `LOGIN`, `ID_LOG`, `LOG_DATE`, `LOG_DESCRIP`, `MLLE`) VALUES ('34/', 'root', '34', '2015-07-04 13:44:06', 'Connexion au système', '0345Y');
INSERT INTO `logs` (`CODE_LOG`, `LOGIN`, `ID_LOG`, `LOG_DATE`, `LOG_DESCRIP`, `MLLE`) VALUES ('34/0201', 'root', '34', '2015-07-05 14:25:01', 'Ajout d\'un mouvement(2/0201, déclassement n°Perte N2)', '0345Y');
INSERT INTO `logs` (`CODE_LOG`, `LOGIN`, `ID_LOG`, `LOG_DATE`, `LOG_DESCRIP`, `MLLE`) VALUES ('35/', 'root', '35', '2015-07-04 13:45:55', 'Ajout d\'un produit (0103, QUININE SULFATE 300mg cp blister)', '0345Y');
INSERT INTO `logs` (`CODE_LOG`, `LOGIN`, `ID_LOG`, `LOG_DATE`, `LOG_DESCRIP`, `MLLE`) VALUES ('35/0201', 'root', '35', '2015-07-05 14:25:08', 'Modification d\'un déclassement (2/0201, Perte N2)', '0345Y');
INSERT INTO `logs` (`CODE_LOG`, `LOGIN`, `ID_LOG`, `LOG_DATE`, `LOG_DESCRIP`, `MLLE`) VALUES ('36/', 'root', '36', '2015-07-04 13:47:44', 'Ajout d\'un produit (0104, METRONIDAZOLE 250mg cp blister)', '0345Y');
INSERT INTO `logs` (`CODE_LOG`, `LOGIN`, `ID_LOG`, `LOG_DATE`, `LOG_DESCRIP`, `MLLE`) VALUES ('36/0201', 'root', '36', '2015-07-05 14:25:08', 'Modification d\'un mouvement(2/0201, déclassement n°Perte N2)', '0345Y');
INSERT INTO `logs` (`CODE_LOG`, `LOGIN`, `ID_LOG`, `LOG_DATE`, `LOG_DESCRIP`, `MLLE`) VALUES ('37/', 'root', '37', '2015-07-04 13:51:22', 'Ajout d\'un produit (0105, CEFTRIAXONE 1g inj.)', '0345Y');
INSERT INTO `logs` (`CODE_LOG`, `LOGIN`, `ID_LOG`, `LOG_DATE`, `LOG_DESCRIP`, `MLLE`) VALUES ('37/0201', 'root', '37', '2015-07-05 14:26:28', 'Ajout d\'un déclassement (3/0201, Perte N3)', '0345Y');
INSERT INTO `logs` (`CODE_LOG`, `LOGIN`, `ID_LOG`, `LOG_DATE`, `LOG_DESCRIP`, `MLLE`) VALUES ('38/', 'root', '38', '2015-07-04 13:52:30', 'Connexion au système', '0345Y');
INSERT INTO `logs` (`CODE_LOG`, `LOGIN`, `ID_LOG`, `LOG_DATE`, `LOG_DESCRIP`, `MLLE`) VALUES ('38/0201', 'root', '38', '2015-07-05 14:26:28', 'Ajout des lignes de déclassement (3/0201, Perte N3)', '0345Y');
INSERT INTO `logs` (`CODE_LOG`, `LOGIN`, `ID_LOG`, `LOG_DATE`, `LOG_DESCRIP`, `MLLE`) VALUES ('39/', 'root', '39', '2015-07-04 13:53:48', 'Modification d\'une unite (UNIT, U, )', '0345Y');
INSERT INTO `logs` (`CODE_LOG`, `LOGIN`, `ID_LOG`, `LOG_DATE`, `LOG_DESCRIP`, `MLLE`) VALUES ('39/0201', 'root', '39', '2015-07-05 14:26:28', 'Ajout d\'un mouvement(3/0201, déclassement n°Perte N3)', '0345Y');
INSERT INTO `logs` (`CODE_LOG`, `LOGIN`, `ID_LOG`, `LOG_DATE`, `LOG_DESCRIP`, `MLLE`) VALUES ('4/', 'root', '4', '2015-07-04 12:07:47', 'Ajout d\'une province (District Sanitaire ZINIARE)', '0345Y');
INSERT INTO `logs` (`CODE_LOG`, `LOGIN`, `ID_LOG`, `LOG_DATE`, `LOG_DESCRIP`, `MLLE`) VALUES ('4/0201', 'root', '4', '2015-07-05 13:26:49', 'Validation d\'une commande (1/0201, Cde_mensuelle / COMMANDE N°1)', '0345Y');
INSERT INTO `logs` (`CODE_LOG`, `LOGIN`, `ID_LOG`, `LOG_DATE`, `LOG_DESCRIP`, `MLLE`) VALUES ('4/0202', 'root', '4', '2015-07-05 14:44:46', 'Ajout d\'un mouvement(1/0202, Bénéficiaire CLIENT Ordinaire / Sortie001)', '0345Y');
INSERT INTO `logs` (`CODE_LOG`, `LOGIN`, `ID_LOG`, `LOG_DATE`, `LOG_DESCRIP`, `MLLE`) VALUES ('40/', 'root', '40', '2015-07-04 13:54:17', 'Modification d\'un produit (0101, PARACETAMOL 500 mg cp blister)', '0345Y');
INSERT INTO `logs` (`CODE_LOG`, `LOGIN`, `ID_LOG`, `LOG_DATE`, `LOG_DESCRIP`, `MLLE`) VALUES ('40/0201', 'root', '40', '2015-07-05 14:26:37', 'Modification d\'un déclassement (3/0201, Perte N3)', '0345Y');
INSERT INTO `logs` (`CODE_LOG`, `LOGIN`, `ID_LOG`, `LOG_DATE`, `LOG_DESCRIP`, `MLLE`) VALUES ('41/', 'root', '41', '2015-07-04 14:01:40', 'Connexion au système', '0345Y');
INSERT INTO `logs` (`CODE_LOG`, `LOGIN`, `ID_LOG`, `LOG_DATE`, `LOG_DESCRIP`, `MLLE`) VALUES ('41/0201', 'root', '41', '2015-07-05 14:26:37', 'Modification d\'un mouvement(3/0201, déclassement n°Perte N3)', '0345Y');
INSERT INTO `logs` (`CODE_LOG`, `LOGIN`, `ID_LOG`, `LOG_DATE`, `LOG_DESCRIP`, `MLLE`) VALUES ('42/', 'root', '42', '2015-07-04 14:02:36', 'Ajout d\'un type de bénéficiaire (Indeterminé, Indeterminé)', '0345Y');
INSERT INTO `logs` (`CODE_LOG`, `LOGIN`, `ID_LOG`, `LOG_DATE`, `LOG_DESCRIP`, `MLLE`) VALUES ('42/0201', 'root', '42', '2015-07-05 14:41:41', 'Ajout d\'un déclassement (4/0201, Perte N4)', '0345Y');
INSERT INTO `logs` (`CODE_LOG`, `LOGIN`, `ID_LOG`, `LOG_DATE`, `LOG_DESCRIP`, `MLLE`) VALUES ('43/', 'root', '43', '2015-07-04 14:03:12', 'Ajout d\'un type de bénéficiaire (Femmes en âge de procréer, Femmes en âge de procréer)', '0345Y');
INSERT INTO `logs` (`CODE_LOG`, `LOGIN`, `ID_LOG`, `LOG_DATE`, `LOG_DESCRIP`, `MLLE`) VALUES ('43/0201', 'root', '43', '2015-07-05 14:41:42', 'Ajout des lignes de déclassement (4/0201, Perte N4)', '0345Y');
INSERT INTO `logs` (`CODE_LOG`, `LOGIN`, `ID_LOG`, `LOG_DATE`, `LOG_DESCRIP`, `MLLE`) VALUES ('44/', 'root', '44', '2015-07-04 14:03:57', 'Ajout d\'un bénéficiaire (0101, CLIENT Ordinaire)', '0345Y');
INSERT INTO `logs` (`CODE_LOG`, `LOGIN`, `ID_LOG`, `LOG_DATE`, `LOG_DESCRIP`, `MLLE`) VALUES ('44/0201', 'root', '44', '2015-07-05 14:41:42', 'Ajout d\'un mouvement(4/0201, déclassement n°Perte N4)', '0345Y');
INSERT INTO `logs` (`CODE_LOG`, `LOGIN`, `ID_LOG`, `LOG_DATE`, `LOG_DESCRIP`, `MLLE`) VALUES ('45/', 'root', '45', '2015-07-04 14:04:23', 'Ajout d\'un bénéficiaire (0102, CONSOMMATEUR)', '0345Y');
INSERT INTO `logs` (`CODE_LOG`, `LOGIN`, `ID_LOG`, `LOG_DATE`, `LOG_DESCRIP`, `MLLE`) VALUES ('45/0201', 'root', '45', '2015-07-05 14:41:48', 'Modification d\'un déclassement (4/0201, Perte N4)', '0345Y');
INSERT INTO `logs` (`CODE_LOG`, `LOGIN`, `ID_LOG`, `LOG_DATE`, `LOG_DESCRIP`, `MLLE`) VALUES ('46/', 'root', '46', '2015-07-04 14:05:31', 'Ajout d\'une province (District Sanitaire BOUSSE)', '0345Y');
INSERT INTO `logs` (`CODE_LOG`, `LOGIN`, `ID_LOG`, `LOG_DATE`, `LOG_DESCRIP`, `MLLE`) VALUES ('46/0201', 'root', '46', '2015-07-05 14:41:48', 'Modification d\'un mouvement(4/0201, déclassement n°Perte N4)', '0345Y');
INSERT INTO `logs` (`CODE_LOG`, `LOGIN`, `ID_LOG`, `LOG_DATE`, `LOG_DESCRIP`, `MLLE`) VALUES ('47/', 'root', '47', '2015-07-04 14:06:36', 'Ajout d\'un service (0201, DRD BOUSSE)', '0345Y');
INSERT INTO `logs` (`CODE_LOG`, `LOGIN`, `ID_LOG`, `LOG_DATE`, `LOG_DESCRIP`, `MLLE`) VALUES ('47/0201', 'root', '47', '2015-07-05 19:09:56', 'Changement de l\'exercice budgétaire (2015, 2015 / , 0201)', '0345Y');
INSERT INTO `logs` (`CODE_LOG`, `LOGIN`, `ID_LOG`, `LOG_DATE`, `LOG_DESCRIP`, `MLLE`) VALUES ('48/', 'root', '48', '2015-07-04 14:07:19', 'Ajout d\'un service (0202, LAYE)', '0345Y');
INSERT INTO `logs` (`CODE_LOG`, `LOGIN`, `ID_LOG`, `LOG_DATE`, `LOG_DESCRIP`, `MLLE`) VALUES ('49/', 'root', '49', '2015-07-04 14:07:52', 'Ajout d\'un service (0203, NIOU)', '0345Y');
INSERT INTO `logs` (`CODE_LOG`, `LOGIN`, `ID_LOG`, `LOG_DATE`, `LOG_DESCRIP`, `MLLE`) VALUES ('5/', 'root', '5', '2015-07-04 12:09:48', 'Ajout d\'un service (0101, DRD ZINIARE)', '0345Y');
INSERT INTO `logs` (`CODE_LOG`, `LOGIN`, `ID_LOG`, `LOG_DATE`, `LOG_DESCRIP`, `MLLE`) VALUES ('5/0201', 'root', '5', '2015-07-05 13:33:12', 'Ajout d\'une livraison (1/0201, commande n° )', '0345Y');
INSERT INTO `logs` (`CODE_LOG`, `LOGIN`, `ID_LOG`, `LOG_DATE`, `LOG_DESCRIP`, `MLLE`) VALUES ('5/0202', 'root', '5', '2015-07-05 14:44:53', 'Modification d\'un bon de sortie (1/0202, bénéficiaire :CLIENT Ordinaire)', '0345Y');
INSERT INTO `logs` (`CODE_LOG`, `LOGIN`, `ID_LOG`, `LOG_DATE`, `LOG_DESCRIP`, `MLLE`) VALUES ('50/', 'root', '50', '2015-07-04 14:08:17', 'Ajout d\'un service (0201, DRD BOUSSE)', '0345Y');
INSERT INTO `logs` (`CODE_LOG`, `LOGIN`, `ID_LOG`, `LOG_DATE`, `LOG_DESCRIP`, `MLLE`) VALUES ('51/', 'root', '51', '2015-07-05 13:22:59', 'Connexion au système', '0345Y');
INSERT INTO `logs` (`CODE_LOG`, `LOGIN`, `ID_LOG`, `LOG_DATE`, `LOG_DESCRIP`, `MLLE`) VALUES ('52/', 'root', '52', '2015-07-05 13:23:19', 'Modification des affectations de site (root, 0345Y)', '0345Y');
INSERT INTO `logs` (`CODE_LOG`, `LOGIN`, `ID_LOG`, `LOG_DATE`, `LOG_DESCRIP`, `MLLE`) VALUES ('53/', 'root', '53', '2015-07-05 13:23:27', 'Changement de l\'exercice budgétaire (2015, 2015 / , )', '0345Y');
INSERT INTO `logs` (`CODE_LOG`, `LOGIN`, `ID_LOG`, `LOG_DATE`, `LOG_DESCRIP`, `MLLE`) VALUES ('54/', 'root', '54', '2015-07-05 14:48:40', 'Connexion au système', '0345Y');
INSERT INTO `logs` (`CODE_LOG`, `LOGIN`, `ID_LOG`, `LOG_DATE`, `LOG_DESCRIP`, `MLLE`) VALUES ('55/', 'root', '55', '2015-07-05 14:49:24', 'Changement de l\'exercice budgétaire (2015, 2015 / , )', '0345Y');
INSERT INTO `logs` (`CODE_LOG`, `LOGIN`, `ID_LOG`, `LOG_DATE`, `LOG_DESCRIP`, `MLLE`) VALUES ('56/', 'root', '56', '2015-07-05 18:15:18', 'Connexion au système', '0345Y');
INSERT INTO `logs` (`CODE_LOG`, `LOGIN`, `ID_LOG`, `LOG_DATE`, `LOG_DESCRIP`, `MLLE`) VALUES ('57/', 'root', '57', '2015-07-05 18:15:23', 'Changement de l\'exercice budgétaire (2015, 2015 / , )', '0345Y');
INSERT INTO `logs` (`CODE_LOG`, `LOGIN`, `ID_LOG`, `LOG_DATE`, `LOG_DESCRIP`, `MLLE`) VALUES ('58/', 'root', '58', '2015-07-05 19:09:49', 'Connexion au système', '0345Y');
INSERT INTO `logs` (`CODE_LOG`, `LOGIN`, `ID_LOG`, `LOG_DATE`, `LOG_DESCRIP`, `MLLE`) VALUES ('59/', 'root', '59', '2015-07-05 19:09:53', 'Changement de l\'exercice budgétaire (2015, 2015 / , )', '0345Y');
INSERT INTO `logs` (`CODE_LOG`, `LOGIN`, `ID_LOG`, `LOG_DATE`, `LOG_DESCRIP`, `MLLE`) VALUES ('6/', 'root', '6', '2015-07-04 12:11:48', 'Ajout d\'un service (0102, GUE)', '0345Y');
INSERT INTO `logs` (`CODE_LOG`, `LOGIN`, `ID_LOG`, `LOG_DATE`, `LOG_DESCRIP`, `MLLE`) VALUES ('6/0201', 'root', '6', '2015-07-05 13:33:12', 'Ajout des lignes de livraison(1/0201, commande n°)', '0345Y');
INSERT INTO `logs` (`CODE_LOG`, `LOGIN`, `ID_LOG`, `LOG_DATE`, `LOG_DESCRIP`, `MLLE`) VALUES ('6/0202', 'root', '6', '2015-07-05 14:44:53', 'Validation d\'un mouvement(1/0202, Bénéficiaire CLIENT Ordinaire / Sortie001)', '0345Y');
INSERT INTO `logs` (`CODE_LOG`, `LOGIN`, `ID_LOG`, `LOG_DATE`, `LOG_DESCRIP`, `MLLE`) VALUES ('60/', 'root', '60', '2015-07-06 11:44:29', 'Connexion au système', '0345Y');
INSERT INTO `logs` (`CODE_LOG`, `LOGIN`, `ID_LOG`, `LOG_DATE`, `LOG_DESCRIP`, `MLLE`) VALUES ('61/', 'root', '61', '2015-07-06 11:44:33', 'Changement de l\'exercice budgétaire (2015, 2015 / , )', '0345Y');
INSERT INTO `logs` (`CODE_LOG`, `LOGIN`, `ID_LOG`, `LOG_DATE`, `LOG_DESCRIP`, `MLLE`) VALUES ('7/', 'root', '7', '2015-07-04 12:12:24', 'Ajout d\'un service (0103, GOUDRY)', '0345Y');
INSERT INTO `logs` (`CODE_LOG`, `LOGIN`, `ID_LOG`, `LOG_DATE`, `LOG_DESCRIP`, `MLLE`) VALUES ('7/0201', 'root', '7', '2015-07-05 13:33:13', 'Ajout d\'un mouvement(1/0201, commande n°)', '0345Y');
INSERT INTO `logs` (`CODE_LOG`, `LOGIN`, `ID_LOG`, `LOG_DATE`, `LOG_DESCRIP`, `MLLE`) VALUES ('7/0202', 'root', '7', '2015-07-05 14:48:15', 'Déconnexion du système échouée', '0345Y');
INSERT INTO `logs` (`CODE_LOG`, `LOGIN`, `ID_LOG`, `LOG_DATE`, `LOG_DESCRIP`, `MLLE`) VALUES ('8/', 'root', '8', '2015-07-04 12:13:21', 'Ajout d\'un type de bénéficiaire (CAMEG, CAMEG)', '0345Y');
INSERT INTO `logs` (`CODE_LOG`, `LOGIN`, `ID_LOG`, `LOG_DATE`, `LOG_DESCRIP`, `MLLE`) VALUES ('8/0201', 'root', '8', '2015-07-05 13:33:39', 'Validation d\'une livraison (1/0201, Livraison n°LIVRAISON COMMANDE N°1)', '0345Y');
INSERT INTO `logs` (`CODE_LOG`, `LOGIN`, `ID_LOG`, `LOG_DATE`, `LOG_DESCRIP`, `MLLE`) VALUES ('8/0202', 'root', '8', '2015-07-05 14:49:27', 'Changement de l\'exercice budgétaire (2015, 2015 / , 0202)', '0345Y');
INSERT INTO `logs` (`CODE_LOG`, `LOGIN`, `ID_LOG`, `LOG_DATE`, `LOG_DESCRIP`, `MLLE`) VALUES ('9/', 'root', '9', '2015-07-04 12:13:42', 'Ajout d\'un type de bénéficiaire (UNFPA, UNFPA)', '0345Y');
INSERT INTO `logs` (`CODE_LOG`, `LOGIN`, `ID_LOG`, `LOG_DATE`, `LOG_DESCRIP`, `MLLE`) VALUES ('9/0201', 'root', '9', '2015-07-05 13:33:39', 'Validation d\'un mouvement(1/0201, commande n°)', '0345Y');
INSERT INTO `logs` (`CODE_LOG`, `LOGIN`, `ID_LOG`, `LOG_DATE`, `LOG_DESCRIP`, `MLLE`) VALUES ('9/0202', 'root', '9', '2015-07-05 18:15:27', 'Changement de l\'exercice budgétaire (2015, 2015 / , 0202)', '0345Y');
