INSERT INTO `region` (`IDREGION`, `REGION`) VALUES ('11', 'Channel');
INSERT INTO `region` (`IDREGION`, `REGION`) VALUES ('14', 'region Zinder');
INSERT INTO `region` (`IDREGION`, `REGION`) VALUES ('15', 'region Zinder');
INSERT INTO `province` (`IDPROVINCE`, `IDREGION`, `PROVINCE`) VALUES  ('6', '11', 'channel');
INSERT INTO `province` (`IDPROVINCE`, `IDREGION`, `PROVINCE`) VALUES  ('1305', '14', 'DS Mirriah');
INSERT INTO `province` (`IDPROVINCE`, `IDREGION`, `PROVINCE`) VALUES  ('1306', '14', 'DRSP ZINDER');
INSERT INTO `province` (`IDPROVINCE`, `IDREGION`, `PROVINCE`) VALUES  ('1308', '14', 'DRSP ZINDER');
INSERT INTO `province` (`IDPROVINCE`, `IDREGION`, `PROVINCE`) VALUES  ('1310', '14', 'DS GOURE');
INSERT INTO `magasin` (`CODE_MAGASIN`, `IDPROVINCE`, `SER_NOM`, `SER_EMAIL`, `SER_TEL`, `SER_VILLE`) VALUES  ('7010100', '1306', 'DS GOURE', '', '', '');
INSERT INTO `magasin` (`CODE_MAGASIN`, `IDPROVINCE`, `SER_NOM`, `SER_EMAIL`, `SER_TEL`, `SER_VILLE`) VALUES  ('7010101', '1308', 'CSI ABARI', '', '', 'GOURE');
INSERT INTO `magasin` (`CODE_MAGASIN`, `IDPROVINCE`, `SER_NOM`, `SER_EMAIL`, `SER_TEL`, `SER_VILLE`) VALUES  ('7010102', '1308', 'CSI ARNADI', '', '', '');
INSERT INTO `magasin` (`CODE_MAGASIN`, `IDPROVINCE`, `SER_NOM`, `SER_EMAIL`, `SER_TEL`, `SER_VILLE`) VALUES  ('7010103', '1308', 'CSI BOULTOUM', '', '', '');
INSERT INTO `magasin` (`CODE_MAGASIN`, `IDPROVINCE`, `SER_NOM`, `SER_EMAIL`, `SER_TEL`, `SER_VILLE`) VALUES  ('7010104', '1308', 'CSI BOUNE', '', '', '');
INSERT INTO `magasin` (`CODE_MAGASIN`, `IDPROVINCE`, `SER_NOM`, `SER_EMAIL`, `SER_TEL`, `SER_VILLE`) VALUES  ('7010105', '1308', 'CSI BOUZOURI', '', '', '');
INSERT INTO `magasin` (`CODE_MAGASIN`, `IDPROVINCE`, `SER_NOM`, `SER_EMAIL`, `SER_TEL`, `SER_VILLE`) VALUES  ('7010106', '1308', 'CSIDAOUTCHA', '', '', '');
INSERT INTO `magasin` (`CODE_MAGASIN`, `IDPROVINCE`, `SER_NOM`, `SER_EMAIL`, `SER_TEL`, `SER_VILLE`) VALUES  ('7010107', '1308', 'CSIDOURWANGA', '', '', '');
INSERT INTO `magasin` (`CODE_MAGASIN`, `IDPROVINCE`, `SER_NOM`, `SER_EMAIL`, `SER_TEL`, `SER_VILLE`) VALUES  ('7010108', '1308', 'CSI GABANA', '', '', '');
INSERT INTO `magasin` (`CODE_MAGASIN`, `IDPROVINCE`, `SER_NOM`, `SER_EMAIL`, `SER_TEL`, `SER_VILLE`) VALUES  ('7010109', '1308', 'CSI GADORI', '', '', '');
INSERT INTO `magasin` (`CODE_MAGASIN`, `IDPROVINCE`, `SER_NOM`, `SER_EMAIL`, `SER_TEL`, `SER_VILLE`) VALUES  ('7010110', '1308', 'CSIGAMDOU', '', '', '');
INSERT INTO `magasin` (`CODE_MAGASIN`, `IDPROVINCE`, `SER_NOM`, `SER_EMAIL`, `SER_TEL`, `SER_VILLE`) VALUES  ('7010111', '1306', 'DISTRICT DE GOURE', '', '', '');
INSERT INTO `magasin` (`CODE_MAGASIN`, `IDPROVINCE`, `SER_NOM`, `SER_EMAIL`, `SER_TEL`, `SER_VILLE`) VALUES  ('7010405', '1305', 'CSI Dogo', '', '', 'Dogo');
INSERT INTO `magasin` (`CODE_MAGASIN`, `IDPROVINCE`, `SER_NOM`, `SER_EMAIL`, `SER_TEL`, `SER_VILLE`) VALUES  ('7010410', '1305', 'CSI Gouna', '', '', 'Gouna');
INSERT INTO `magasin` (`CODE_MAGASIN`, `IDPROVINCE`, `SER_NOM`, `SER_EMAIL`, `SER_TEL`, `SER_VILLE`) VALUES  ('7010412', '1305', 'CSI Guidimouni', '', '', 'Guidimouni');
INSERT INTO `magasin` (`CODE_MAGASIN`, `IDPROVINCE`, `SER_NOM`, `SER_EMAIL`, `SER_TEL`, `SER_VILLE`) VALUES  ('7010425', '1305', 'CSI Urbain Mirriah', '', '', 'Mirriah');
INSERT INTO `magasin` (`CODE_MAGASIN`, `IDPROVINCE`, `SER_NOM`, `SER_EMAIL`, `SER_TEL`, `SER_VILLE`) VALUES  ('7010432', '1305', 'CSI Takieta', '', '', 'Takieta');
INSERT INTO `magasin` (`CODE_MAGASIN`, `IDPROVINCE`, `SER_NOM`, `SER_EMAIL`, `SER_TEL`, `SER_VILLE`) VALUES  ('7010433', '1305', 'CSI Tirmini', '', '', 'Tirmini');
INSERT INTO `magasin` (`CODE_MAGASIN`, `IDPROVINCE`, `SER_NOM`, `SER_EMAIL`, `SER_TEL`, `SER_VILLE`) VALUES  ('70107004', '1306', 'DS MIRRIAH', '', '', 'Mirriah');
INSERT INTO `magasin` (`CODE_MAGASIN`, `IDPROVINCE`, `SER_NOM`, `SER_EMAIL`, `SER_TEL`, `SER_VILLE`) VALUES  ('70107005', '1306', 'DISTRICT DE GOURE', '', '', '');
INSERT INTO `magasin` (`CODE_MAGASIN`, `IDPROVINCE`, `SER_NOM`, `SER_EMAIL`, `SER_TEL`, `SER_VILLE`) VALUES  ('99999', '6', 'Channel', '', '', '');
INSERT INTO `mag_compte` (`LOGIN`, `CODE_MAGASIN`) VALUES  ('root', '7010100');
INSERT INTO `mag_compte` (`LOGIN`, `CODE_MAGASIN`) VALUES  ('root', '7010101');
INSERT INTO `mag_compte` (`LOGIN`, `CODE_MAGASIN`) VALUES  ('root', '7010102');
INSERT INTO `mag_compte` (`LOGIN`, `CODE_MAGASIN`) VALUES  ('root', '7010103');
INSERT INTO `mag_compte` (`LOGIN`, `CODE_MAGASIN`) VALUES  ('root', '7010104');
INSERT INTO `mag_compte` (`LOGIN`, `CODE_MAGASIN`) VALUES  ('root', '7010105');
INSERT INTO `mag_compte` (`LOGIN`, `CODE_MAGASIN`) VALUES  ('root', '7010106');
INSERT INTO `mag_compte` (`LOGIN`, `CODE_MAGASIN`) VALUES  ('root', '7010107');
INSERT INTO `mag_compte` (`LOGIN`, `CODE_MAGASIN`) VALUES  ('root', '7010108');
INSERT INTO `mag_compte` (`LOGIN`, `CODE_MAGASIN`) VALUES  ('root', '7010109');
INSERT INTO `mag_compte` (`LOGIN`, `CODE_MAGASIN`) VALUES  ('root', '7010110');
INSERT INTO `mag_compte` (`LOGIN`, `CODE_MAGASIN`) VALUES  ('root', '7010111');
INSERT INTO `mag_compte` (`LOGIN`, `CODE_MAGASIN`) VALUES  ('root', '7010405');
INSERT INTO `mag_compte` (`LOGIN`, `CODE_MAGASIN`) VALUES  ('root', '7010410');
INSERT INTO `mag_compte` (`LOGIN`, `CODE_MAGASIN`) VALUES  ('root', '7010412');
INSERT INTO `mag_compte` (`LOGIN`, `CODE_MAGASIN`) VALUES  ('root', '7010425');
INSERT INTO `mag_compte` (`LOGIN`, `CODE_MAGASIN`) VALUES  ('root', '7010432');
INSERT INTO `mag_compte` (`LOGIN`, `CODE_MAGASIN`) VALUES  ('root', '7010433');
INSERT INTO `mag_compte` (`LOGIN`, `CODE_MAGASIN`) VALUES  ('root', '70107004');
INSERT INTO `mag_compte` (`LOGIN`, `CODE_MAGASIN`) VALUES  ('root', '70107005');
INSERT INTO `unite` (`ID_UNITE`, `UT_LIBELLE`) VALUES ('AM', 'AMPOULE');
INSERT INTO `unite` (`ID_UNITE`, `UT_LIBELLE`) VALUES ('BT', 'BOITE');
INSERT INTO `unite` (`ID_UNITE`, `UT_LIBELLE`) VALUES ('CP', 'COMPRIME');
INSERT INTO `unite` (`ID_UNITE`, `UT_LIBELLE`) VALUES ('CT', 'CARTON');
INSERT INTO `unite` (`ID_UNITE`, `UT_LIBELLE`) VALUES ('CY', 'CYCLE');
INSERT INTO `unite` (`ID_UNITE`, `UT_LIBELLE`) VALUES ('FL', 'FLACON');
INSERT INTO `unite` (`ID_UNITE`, `UT_LIBELLE`) VALUES ('KT', 'KIT');
INSERT INTO `unite` (`ID_UNITE`, `UT_LIBELLE`) VALUES ('PL', 'PLAQUETTE');
INSERT INTO `unite` (`ID_UNITE`, `UT_LIBELLE`) VALUES ('PQ', 'PAQUET');
INSERT INTO `unite` (`ID_UNITE`, `UT_LIBELLE`) VALUES ('TB', 'TUBE');
INSERT INTO `unite` (`ID_UNITE`, `UT_LIBELLE`) VALUES ('UT', 'UNITE');
INSERT INTO `sousgroupe` (`CODESOUSGROUP`, `SOUSGROUPE`) VALUES ('010101', 'CONTRACEPTIFS ORAUX');
INSERT INTO `sousgroupe` (`CODESOUSGROUP`, `SOUSGROUPE`) VALUES ('010102', 'DISPOSITIFS INTRA UTERINS');
INSERT INTO `sousgroupe` (`CODESOUSGROUP`, `SOUSGROUPE`) VALUES ('010103', 'CONTRACEPTIFS INJECTABLES');
INSERT INTO `sousgroupe` (`CODESOUSGROUP`, `SOUSGROUPE`) VALUES ('010104', 'IMPLANTS');
INSERT INTO `sousgroupe` (`CODESOUSGROUP`, `SOUSGROUPE`) VALUES ('010105', 'PRESERVATIFS');
INSERT INTO `categorie` (`CODE_CATEGORIE`, `CAT_LIBELLE`) VALUES ('01', 'PRODUITS SR');
INSERT INTO `categorie` (`CODE_CATEGORIE`, `CAT_LIBELLE`) VALUES ('02', 'PRODUITS VIH');
INSERT INTO `categorie` (`CODE_CATEGORIE`, `CAT_LIBELLE`) VALUES ('M01', 'MEG');
INSERT INTO `souscategorie` (`CODE_SOUSCATEGORIE`, `CODE_CATEGORIE`, `SOUSCAT_LIBELLE`) VALUES  ('0101', '01', 'CONTRACEPTIFS');
INSERT INTO `souscategorie` (`CODE_SOUSCATEGORIE`, `CODE_CATEGORIE`, `SOUSCAT_LIBELLE`) VALUES  ('0102', '01', 'MEDICAMENTS VITAUX');
INSERT INTO `souscategorie` (`CODE_SOUSCATEGORIE`, `CODE_CATEGORIE`, `SOUSCAT_LIBELLE`) VALUES  ('0103', '01', 'AUTRES PRODUITS SR');
INSERT INTO `souscategorie` (`CODE_SOUSCATEGORIE`, `CODE_CATEGORIE`, `SOUSCAT_LIBELLE`) VALUES  ('0201', '02', 'ARV');
INSERT INTO `souscategorie` (`CODE_SOUSCATEGORIE`, `CODE_CATEGORIE`, `SOUSCAT_LIBELLE`) VALUES  ('0202', '02', 'MEDICAMENTS IO');
INSERT INTO `souscategorie` (`CODE_SOUSCATEGORIE`, `CODE_CATEGORIE`, `SOUSCAT_LIBELLE`) VALUES  ('MO101', 'M01', 'ENREGISTRE');
INSERT INTO `souscategorie` (`CODE_SOUSCATEGORIE`, `CODE_CATEGORIE`, `SOUSCAT_LIBELLE`) VALUES  ('MO102', 'M01', 'NON ENREGISTRE');
INSERT INTO `produit` (`CODE_PRODUIT`, `ID_UNITE`, `CODE_SOUSCATEGORIE`, `PRD_LIBELLE`, `PRD_DESCRIP`, `PRD_PRIXACHAT`, `PRD_PRIXREVIENT`, `PRD_PRIXVENTE`, `PRD_SEUILMIN`, `PRD_SEUILMAX`, `PRD_CONDITIONNE`, `PRD_CODEPRDUIT`, `PRD_NBRE_ELT`, `PRD_DIMENSION`) VALUES ('0201002', 'BT', '0201','ZIDOVIDINE/LAMIVUDINE/NEVIRAPINE', '', '0.00', '0.00', '0.00', '1', '2', '0', '0','0','');
INSERT INTO `produit` (`CODE_PRODUIT`, `ID_UNITE`, `CODE_SOUSCATEGORIE`, `PRD_LIBELLE`, `PRD_DESCRIP`, `PRD_PRIXACHAT`, `PRD_PRIXREVIENT`, `PRD_PRIXVENTE`, `PRD_SEUILMIN`, `PRD_SEUILMAX`, `PRD_CONDITIONNE`, `PRD_CODEPRDUIT`, `PRD_NBRE_ELT`, `PRD_DIMENSION`) VALUES ('0201003', 'BT', '0201','LOPINAVIR/RITONAVIR', '', '0.00', '0.00', '0.00', '1', '2', '0', '0','0','');
INSERT INTO `produit` (`CODE_PRODUIT`, `ID_UNITE`, `CODE_SOUSCATEGORIE`, `PRD_LIBELLE`, `PRD_DESCRIP`, `PRD_PRIXACHAT`, `PRD_PRIXREVIENT`, `PRD_PRIXVENTE`, `PRD_SEUILMIN`, `PRD_SEUILMAX`, `PRD_CONDITIONNE`, `PRD_CODEPRDUIT`, `PRD_NBRE_ELT`, `PRD_DIMENSION`) VALUES ('0201004', 'BT', '0201','ZIDOVIDINE/LAMIVUDINE', '', '0.00', '0.00', '0.00', '1', '2', '0', '0','0','');
INSERT INTO `produit` (`CODE_PRODUIT`, `ID_UNITE`, `CODE_SOUSCATEGORIE`, `PRD_LIBELLE`, `PRD_DESCRIP`, `PRD_PRIXACHAT`, `PRD_PRIXREVIENT`, `PRD_PRIXVENTE`, `PRD_SEUILMIN`, `PRD_SEUILMAX`, `PRD_CONDITIONNE`, `PRD_CODEPRDUIT`, `PRD_NBRE_ELT`, `PRD_DIMENSION`) VALUES ('0202001', 'UT', '0202','COTRIMOXAZOLE 960MG', '', '0.00', '0.00', '0.00', '1', '2', '0', '0','0','');
INSERT INTO `produit` (`CODE_PRODUIT`, `ID_UNITE`, `CODE_SOUSCATEGORIE`, `PRD_LIBELLE`, `PRD_DESCRIP`, `PRD_PRIXACHAT`, `PRD_PRIXREVIENT`, `PRD_PRIXVENTE`, `PRD_SEUILMIN`, `PRD_SEUILMAX`, `PRD_CONDITIONNE`, `PRD_CODEPRDUIT`, `PRD_NBRE_ELT`, `PRD_DIMENSION`) VALUES ('0202002', 'UT', '0202','NYSTATINE', '', '0.00', '0.00', '0.00', '1', '2', '0', '0','0','');
INSERT INTO `produit` (`CODE_PRODUIT`, `ID_UNITE`, `CODE_SOUSCATEGORIE`, `PRD_LIBELLE`, `PRD_DESCRIP`, `PRD_PRIXACHAT`, `PRD_PRIXREVIENT`, `PRD_PRIXVENTE`, `PRD_SEUILMIN`, `PRD_SEUILMAX`, `PRD_CONDITIONNE`, `PRD_CODEPRDUIT`, `PRD_NBRE_ELT`, `PRD_DIMENSION`) VALUES ('18004003', 'AM', '0102','OXYTOCINE 5UI INJECTABLE', '', '0.00', '0.00', '0.00', '1', '2', '0', '0','0','');
INSERT INTO `produit` (`CODE_PRODUIT`, `ID_UNITE`, `CODE_SOUSCATEGORIE`, `PRD_LIBELLE`, `PRD_DESCRIP`, `PRD_PRIXACHAT`, `PRD_PRIXREVIENT`, `PRD_PRIXVENTE`, `PRD_SEUILMIN`, `PRD_SEUILMAX`, `PRD_CONDITIONNE`, `PRD_CODEPRDUIT`, `PRD_NBRE_ELT`, `PRD_DIMENSION`) VALUES ('180040031', 'CP', '0102','MISOPROSTOL', '', '0.00', '0.00', '0.00', '1', '2', '0', '0','0','');
INSERT INTO `produit` (`CODE_PRODUIT`, `ID_UNITE`, `CODE_SOUSCATEGORIE`, `PRD_LIBELLE`, `PRD_DESCRIP`, `PRD_PRIXACHAT`, `PRD_PRIXREVIENT`, `PRD_PRIXVENTE`, `PRD_SEUILMIN`, `PRD_SEUILMAX`, `PRD_CONDITIONNE`, `PRD_CODEPRDUIT`, `PRD_NBRE_ELT`, `PRD_DIMENSION`) VALUES ('20039008', 'UT', '0101','IMPLANON', '', '0.00', '0.00', '0.00', '1', '2', '0', '0','0','');
INSERT INTO `produit` (`CODE_PRODUIT`, `ID_UNITE`, `CODE_SOUSCATEGORIE`, `PRD_LIBELLE`, `PRD_DESCRIP`, `PRD_PRIXACHAT`, `PRD_PRIXREVIENT`, `PRD_PRIXVENTE`, `PRD_SEUILMIN`, `PRD_SEUILMAX`, `PRD_CONDITIONNE`, `PRD_CODEPRDUIT`, `PRD_NBRE_ELT`, `PRD_DIMENSION`) VALUES ('25014004', 'AM', '0102','SULFATE DE MAGNESIUM', '', '0.00', '0.00', '0.00', '1', '2', '0', '0','0','');
INSERT INTO `produit` (`CODE_PRODUIT`, `ID_UNITE`, `CODE_SOUSCATEGORIE`, `PRD_LIBELLE`, `PRD_DESCRIP`, `PRD_PRIXACHAT`, `PRD_PRIXREVIENT`, `PRD_PRIXVENTE`, `PRD_SEUILMIN`, `PRD_SEUILMAX`, `PRD_CONDITIONNE`, `PRD_CODEPRDUIT`, `PRD_NBRE_ELT`, `PRD_DIMENSION`) VALUES ('27039001', 'FL', '0101','DEPO PROVERA', '', '0.00', '0.00', '0.00', '1', '2', '0', '0','0','');
INSERT INTO `produit` (`CODE_PRODUIT`, `ID_UNITE`, `CODE_SOUSCATEGORIE`, `PRD_LIBELLE`, `PRD_DESCRIP`, `PRD_PRIXACHAT`, `PRD_PRIXREVIENT`, `PRD_PRIXVENTE`, `PRD_SEUILMIN`, `PRD_SEUILMAX`, `PRD_CONDITIONNE`, `PRD_CODEPRDUIT`, `PRD_NBRE_ELT`, `PRD_DIMENSION`) VALUES ('27039002', 'UT', '0101','PRESERVATIF MASCULIN', '', '0.00', '0.00', '0.00', '1', '2', '0', '0','0','');
INSERT INTO `produit` (`CODE_PRODUIT`, `ID_UNITE`, `CODE_SOUSCATEGORIE`, `PRD_LIBELLE`, `PRD_DESCRIP`, `PRD_PRIXACHAT`, `PRD_PRIXREVIENT`, `PRD_PRIXVENTE`, `PRD_SEUILMIN`, `PRD_SEUILMAX`, `PRD_CONDITIONNE`, `PRD_CODEPRDUIT`, `PRD_NBRE_ELT`, `PRD_DIMENSION`) VALUES ('27039007', 'UT', '0101','JADELLE', '', '0.00', '0.00', '0.00', '1', '2', '0', '0','0','');
INSERT INTO `produit` (`CODE_PRODUIT`, `ID_UNITE`, `CODE_SOUSCATEGORIE`, `PRD_LIBELLE`, `PRD_DESCRIP`, `PRD_PRIXACHAT`, `PRD_PRIXREVIENT`, `PRD_PRIXVENTE`, `PRD_SEUILMIN`, `PRD_SEUILMAX`, `PRD_CONDITIONNE`, `PRD_CODEPRDUIT`, `PRD_NBRE_ELT`, `PRD_DIMENSION`) VALUES ('27039012', 'CY', '0101','MICROGYNON', '', '0.00', '0.00', '0.00', '1', '2', '0', '0','0','');
INSERT INTO `produit` (`CODE_PRODUIT`, `ID_UNITE`, `CODE_SOUSCATEGORIE`, `PRD_LIBELLE`, `PRD_DESCRIP`, `PRD_PRIXACHAT`, `PRD_PRIXREVIENT`, `PRD_PRIXVENTE`, `PRD_SEUILMIN`, `PRD_SEUILMAX`, `PRD_CONDITIONNE`, `PRD_CODEPRDUIT`, `PRD_NBRE_ELT`, `PRD_DIMENSION`) VALUES ('M010201', 'UT', 'MO102','FUMARATE DE FER 250 ML', '', '75.00', '75.00', '95.00', '1', '2', '0', '0','0','');
INSERT INTO `produit` (`CODE_PRODUIT`, `ID_UNITE`, `CODE_SOUSCATEGORIE`, `PRD_LIBELLE`, `PRD_DESCRIP`, `PRD_PRIXACHAT`, `PRD_PRIXREVIENT`, `PRD_PRIXVENTE`, `PRD_SEUILMIN`, `PRD_SEUILMAX`, `PRD_CONDITIONNE`, `PRD_CODEPRDUIT`, `PRD_NBRE_ELT`, `PRD_DIMENSION`) VALUES ('M010202', 'UT', 'MO102','FUROSEMIDE 20 MG', '', '935.00', '935.00', '1234.00', '1', '2', '0', '0','0','');
INSERT INTO `produit` (`CODE_PRODUIT`, `ID_UNITE`, `CODE_SOUSCATEGORIE`, `PRD_LIBELLE`, `PRD_DESCRIP`, `PRD_PRIXACHAT`, `PRD_PRIXREVIENT`, `PRD_PRIXVENTE`, `PRD_SEUILMIN`, `PRD_SEUILMAX`, `PRD_CONDITIONNE`, `PRD_CODEPRDUIT`, `PRD_NBRE_ELT`, `PRD_DIMENSION`) VALUES ('M010203', 'UT', 'MO102','METRONIDAZOLE 250 MG', '', '132.00', '132.00', '175.00', '1', '2', '0', '0','0','');
INSERT INTO `produit` (`CODE_PRODUIT`, `ID_UNITE`, `CODE_SOUSCATEGORIE`, `PRD_LIBELLE`, `PRD_DESCRIP`, `PRD_PRIXACHAT`, `PRD_PRIXREVIENT`, `PRD_PRIXVENTE`, `PRD_SEUILMIN`, `PRD_SEUILMAX`, `PRD_CONDITIONNE`, `PRD_CODEPRDUIT`, `PRD_NBRE_ELT`, `PRD_DIMENSION`) VALUES ('M010204', 'UT', 'MO102','PARACETAMOL 500 MG', '', '5.00', '5.00', '7.00', '1', '2', '0', '0','0','');
INSERT INTO `produit` (`CODE_PRODUIT`, `ID_UNITE`, `CODE_SOUSCATEGORIE`, `PRD_LIBELLE`, `PRD_DESCRIP`, `PRD_PRIXACHAT`, `PRD_PRIXREVIENT`, `PRD_PRIXVENTE`, `PRD_SEUILMIN`, `PRD_SEUILMAX`, `PRD_CONDITIONNE`, `PRD_CODEPRDUIT`, `PRD_NBRE_ELT`, `PRD_DIMENSION`) VALUES ('MO10101', 'CP', 'MO101','ALBENDAZOLE 400MG', '', '515.00', '515.00', '678.00', '1', '2', '0', '0','0','');
INSERT INTO `produit` (`CODE_PRODUIT`, `ID_UNITE`, `CODE_SOUSCATEGORIE`, `PRD_LIBELLE`, `PRD_DESCRIP`, `PRD_PRIXACHAT`, `PRD_PRIXREVIENT`, `PRD_PRIXVENTE`, `PRD_SEUILMIN`, `PRD_SEUILMAX`, `PRD_CONDITIONNE`, `PRD_CODEPRDUIT`, `PRD_NBRE_ELT`, `PRD_DIMENSION`) VALUES ('MO10102', 'UT', 'MO101','AMOXICILLINE 250 MG', '', '605.00', '605.00', '800.00', '1', '2', '0', '0','0','');
INSERT INTO `produit` (`CODE_PRODUIT`, `ID_UNITE`, `CODE_SOUSCATEGORIE`, `PRD_LIBELLE`, `PRD_DESCRIP`, `PRD_PRIXACHAT`, `PRD_PRIXREVIENT`, `PRD_PRIXVENTE`, `PRD_SEUILMIN`, `PRD_SEUILMAX`, `PRD_CONDITIONNE`, `PRD_CODEPRDUIT`, `PRD_NBRE_ELT`, `PRD_DIMENSION`) VALUES ('MO10103', 'UT', 'MO101','AMOXICILLINE 500MG', '', '75.00', '75.00', '100.00', '1', '2', '0', '0','0','');
INSERT INTO `produit` (`CODE_PRODUIT`, `ID_UNITE`, `CODE_SOUSCATEGORIE`, `PRD_LIBELLE`, `PRD_DESCRIP`, `PRD_PRIXACHAT`, `PRD_PRIXREVIENT`, `PRD_PRIXVENTE`, `PRD_SEUILMIN`, `PRD_SEUILMAX`, `PRD_CONDITIONNE`, `PRD_CODEPRDUIT`, `PRD_NBRE_ELT`, `PRD_DIMENSION`) VALUES ('MO10104', 'UT', 'MO101','AMPICILLINE 1G', '', '110.00', '110.00', '150.00', '1', '2', '0', '0','0','');
INSERT INTO `produit` (`CODE_PRODUIT`, `ID_UNITE`, `CODE_SOUSCATEGORIE`, `PRD_LIBELLE`, `PRD_DESCRIP`, `PRD_PRIXACHAT`, `PRD_PRIXREVIENT`, `PRD_PRIXVENTE`, `PRD_SEUILMIN`, `PRD_SEUILMAX`, `PRD_CONDITIONNE`, `PRD_CODEPRDUIT`, `PRD_NBRE_ELT`, `PRD_DIMENSION`) VALUES ('MO10105', 'UT', 'MO101','CIPROFLOXACINE 500MG', '', '363.00', '363.00', '480.00', '1', '2', '0', '0','0','');
INSERT INTO `produit` (`CODE_PRODUIT`, `ID_UNITE`, `CODE_SOUSCATEGORIE`, `PRD_LIBELLE`, `PRD_DESCRIP`, `PRD_PRIXACHAT`, `PRD_PRIXREVIENT`, `PRD_PRIXVENTE`, `PRD_SEUILMIN`, `PRD_SEUILMAX`, `PRD_CONDITIONNE`, `PRD_CODEPRDUIT`, `PRD_NBRE_ELT`, `PRD_DIMENSION`) VALUES ('MO10106', 'UT', 'MO101','COTRIMOXAZOLE 480 MG', '', '260.00', '260.00', '345.00', '1', '2', '0', '0','0','');
INSERT INTO `produit` (`CODE_PRODUIT`, `ID_UNITE`, `CODE_SOUSCATEGORIE`, `PRD_LIBELLE`, `PRD_DESCRIP`, `PRD_PRIXACHAT`, `PRD_PRIXREVIENT`, `PRD_PRIXVENTE`, `PRD_SEUILMIN`, `PRD_SEUILMAX`, `PRD_CONDITIONNE`, `PRD_CODEPRDUIT`, `PRD_NBRE_ELT`, `PRD_DIMENSION`) VALUES ('MO10107', 'UT', 'MO101','DIAZEPAN 10 MG', '', '185.00', '185.00', '240.00', '1', '2', '0', '0','0','');
INSERT INTO `produit` (`CODE_PRODUIT`, `ID_UNITE`, `CODE_SOUSCATEGORIE`, `PRD_LIBELLE`, `PRD_DESCRIP`, `PRD_PRIXACHAT`, `PRD_PRIXREVIENT`, `PRD_PRIXVENTE`, `PRD_SEUILMIN`, `PRD_SEUILMAX`, `PRD_CONDITIONNE`, `PRD_CODEPRDUIT`, `PRD_NBRE_ELT`, `PRD_DIMENSION`) VALUES ('MO10108', 'UT', 'MO101','DICLOFENAC 50 MG', '', '305.00', '305.00', '400.00', '1', '2', '0', '0','0','');
INSERT INTO `produit` (`CODE_PRODUIT`, `ID_UNITE`, `CODE_SOUSCATEGORIE`, `PRD_LIBELLE`, `PRD_DESCRIP`, `PRD_PRIXACHAT`, `PRD_PRIXREVIENT`, `PRD_PRIXVENTE`, `PRD_SEUILMIN`, `PRD_SEUILMAX`, `PRD_CONDITIONNE`, `PRD_CODEPRDUIT`, `PRD_NBRE_ELT`, `PRD_DIMENSION`) VALUES ('MO10109', 'UT', 'MO101','ERYTHROMYCINE 500 MG', '', '75.00', '75.00', '95.00', '1', '2', '0', '0','0','');
INSERT INTO `menu` (`IDMENU`, `LIBMENU`) VALUES ('aid', 'Menu -> Aide');
INSERT INTO `menu` (`IDMENU`, `LIBMENU`) VALUES ('bde', 'Menu -> Entrée de produits');
INSERT INTO `menu` (`IDMENU`, `LIBMENU`) VALUES ('bde_ali', 'Autres livraisons');
INSERT INTO `menu` (`IDMENU`, `LIBMENU`) VALUES ('bde_cde', ' -- Sous menu ->Commandes');
INSERT INTO `menu` (`IDMENU`, `LIBMENU`) VALUES ('bde_liv', ' -- Sous menu ->Livraisons');
INSERT INTO `menu` (`IDMENU`, `LIBMENU`) VALUES ('bds', 'Menu -> Sorties de produits');
INSERT INTO `menu` (`IDMENU`, `LIBMENU`) VALUES ('bds_bds', ' -- Sous menu ->Consommations');
INSERT INTO `menu` (`IDMENU`, `LIBMENU`) VALUES ('bds_dec', ' -- Sous menu ->Pertes');
INSERT INTO `menu` (`IDMENU`, `LIBMENU`) VALUES ('bds_rep', ' -- Sous menu ->Reports');
INSERT INTO `menu` (`IDMENU`, `LIBMENU`) VALUES ('bds_trf', ' -- Sous menu ->Transferts de produits');
INSERT INTO `menu` (`IDMENU`, `LIBMENU`) VALUES ('bes', 'Expression des besoins');
INSERT INTO `menu` (`IDMENU`, `LIBMENU`) VALUES ('bes_bes', 'Mise à  jour des besoins');
INSERT INTO `menu` (`IDMENU`, `LIBMENU`) VALUES ('data', 'Menu -> Base de données');
INSERT INTO `menu` (`IDMENU`, `LIBMENU`) VALUES ('data_exp', ' -- Sous menu ->Sauvegarde de la base');
INSERT INTO `menu` (`IDMENU`, `LIBMENU`) VALUES ('data_imp', ' -- Sous menu ->Importer de la base');
INSERT INTO `menu` (`IDMENU`, `LIBMENU`) VALUES ('data_vid', ' -- Sous menu ->Vider la base de données');
INSERT INTO `menu` (`IDMENU`, `LIBMENU`) VALUES ('int', 'Menu -> Inventaire');
INSERT INTO `menu` (`IDMENU`, `LIBMENU`) VALUES ('int_int', ' -- Sous menu ->Inventaire de stock');
INSERT INTO `menu` (`IDMENU`, `LIBMENU`) VALUES ('int_jou', ' -- Sous menu ->Journal des mouvements de stock');
INSERT INTO `menu` (`IDMENU`, `LIBMENU`) VALUES ('int_pcd', ' -- Sous menu ->Imprimer Fiche d\'inventaire');
INSERT INTO `menu` (`IDMENU`, `LIBMENU`) VALUES ('int_sme', 'Sorties mensuelles');
INSERT INTO `menu` (`IDMENU`, `LIBMENU`) VALUES ('int_stl', ' -- Sous menu ->Etat du stock par réf. Lots de produits');
INSERT INTO `menu` (`IDMENU`, `LIBMENU`) VALUES ('int_sto', ' -- Sous menu ->Etat du stock par produit');
INSERT INTO `menu` (`IDMENU`, `LIBMENU`) VALUES ('par', 'Menu -> Paramétrage');
INSERT INTO `menu` (`IDMENU`, `LIBMENU`) VALUES ('par_aff', ' -- Sous menu ->Affectation des sites');
INSERT INTO `menu` (`IDMENU`, `LIBMENU`) VALUES ('par_ben', ' -- Sous menu ->Bénéficiaires');
INSERT INTO `menu` (`IDMENU`, `LIBMENU`) VALUES ('par_bud', ' -- Sous menu ->Exercice budgétaire');
INSERT INTO `menu` (`IDMENU`, `LIBMENU`) VALUES ('par_cat', ' -- Sous menu ->Catégorie produits');
INSERT INTO `menu` (`IDMENU`, `LIBMENU`) VALUES ('par_cdt', 'Conditionnement');
INSERT INTO `menu` (`IDMENU`, `LIBMENU`) VALUES ('par_con', 'Conditionnement');
INSERT INTO `menu` (`IDMENU`, `LIBMENU`) VALUES ('par_ctr', 'Centres d\'examen');
INSERT INTO `menu` (`IDMENU`, `LIBMENU`) VALUES ('par_dot', 'Type de dotation');
INSERT INTO `menu` (`IDMENU`, `LIBMENU`) VALUES ('par_exe', 'Exercice budgétaire');
INSERT INTO `menu` (`IDMENU`, `LIBMENU`) VALUES ('par_fou', ' -- Sous menu ->Fournisseurs');
INSERT INTO `menu` (`IDMENU`, `LIBMENU`) VALUES ('par_gen', ' -- Sous menu ->Paramètres généraux');
INSERT INTO `menu` (`IDMENU`, `LIBMENU`) VALUES ('par_grp', ' -- Sous menu ->Groupe d\'utilisateurs');
INSERT INTO `menu` (`IDMENU`, `LIBMENU`) VALUES ('par_log', ' -- Sous menu ->Logs utilisateurs');
INSERT INTO `menu` (`IDMENU`, `LIBMENU`) VALUES ('par_mag', ' -- Sous menu ->Site bénéficiaires');
INSERT INTO `menu` (`IDMENU`, `LIBMENU`) VALUES ('par_men', ' -- Sous menu ->Menu d\'accès');
INSERT INTO `menu` (`IDMENU`, `LIBMENU`) VALUES ('par_ndcl', ' -- Sous menu ->Nature des pertes');
INSERT INTO `menu` (`IDMENU`, `LIBMENU`) VALUES ('par_per', ' -- Sous menu ->Personnel');
INSERT INTO `menu` (`IDMENU`, `LIBMENU`) VALUES ('par_prd', ' -- Sous menu ->Produits');
INSERT INTO `menu` (`IDMENU`, `LIBMENU`) VALUES ('par_prv', ' -- Sous menu ->Site fournisseurs');
INSERT INTO `menu` (`IDMENU`, `LIBMENU`) VALUES ('par_reg', ' -- Sous menu ->Niveau central');
INSERT INTO `menu` (`IDMENU`, `LIBMENU`) VALUES ('par_sau', 'Sauvegarde de la base');
INSERT INTO `menu` (`IDMENU`, `LIBMENU`) VALUES ('par_sscat', ' -- Sous menu ->Sous catégories');
INSERT INTO `menu` (`IDMENU`, `LIBMENU`) VALUES ('par_ssg', ' -- Sous menu ->Sous groupes');
INSERT INTO `menu` (`IDMENU`, `LIBMENU`) VALUES ('par_tbe', 'Type de bénéficiaire');
INSERT INTO `menu` (`IDMENU`, `LIBMENU`) VALUES ('par_tfr', ' -- Sous menu ->Type de founisseurs');
INSERT INTO `menu` (`IDMENU`, `LIBMENU`) VALUES ('par_tse', ' -- Sous menu ->Type de bénéficiaires');
INSERT INTO `menu` (`IDMENU`, `LIBMENU`) VALUES ('par_uni', ' -- Sous menu ->Unité de mesure');
INSERT INTO `menu` (`IDMENU`, `LIBMENU`) VALUES ('par_uti', ' -- Sous menu ->Compte utilisateurs');
INSERT INTO `menu` (`IDMENU`, `LIBMENU`) VALUES ('par_vid', 'Vider la base de données');
INSERT INTO `menu` (`IDMENU`, `LIBMENU`) VALUES ('rap', 'Menu -> Rapports');
INSERT INTO `menu` (`IDMENU`, `LIBMENU`) VALUES ('rap_cons', ' -- Sous menu ->Rapport de consommation');
INSERT INTO `menu` (`IDMENU`, `LIBMENU`) VALUES ('rap_dec', ' -- Sous menu ->Rapport des pertes');
INSERT INTO `menu` (`IDMENU`, `LIBMENU`) VALUES ('rap_din', ' -- Sous menu ->Rapport détaillé des entrées');
INSERT INTO `menu` (`IDMENU`, `LIBMENU`) VALUES ('rap_fprd', ' -- Sous menu ->Fiche de stock produit');
INSERT INTO `menu` (`IDMENU`, `LIBMENU`) VALUES ('rap_mde', ' -- Sous menu ->Rapport mouvement  destinataires');
INSERT INTO `menu` (`IDMENU`, `LIBMENU`) VALUES ('rap_men', ' -- Sous menu ->Rapport périodique simple');
INSERT INTO `menu` (`IDMENU`, `LIBMENU`) VALUES ('rap_mfr', ' -- Sous menu ->Rapport mouvement  fournisseurs');
INSERT INTO `menu` (`IDMENU`, `LIBMENU`) VALUES ('rap_mst', ' -- Sous menu ->Rapport mouvement stock');
INSERT INTO `menu` (`IDMENU`, `LIBMENU`) VALUES ('rap_pac', ' -- Sous menu ->Rapport Produits à  commander');
INSERT INTO `menu` (`IDMENU`, `LIBMENU`) VALUES ('rap_ppe', ' -- Sous menu ->Rapport péremption (Produits périmés)');
INSERT INTO `menu` (`IDMENU`, `LIBMENU`) VALUES ('rap_prdp', ' -- Sous menu ->Produit au seuil de péremption');
INSERT INTO `menu` (`IDMENU`, `LIBMENU`) VALUES ('rap_rds', ' -- Sous menu ->Rapport détaillé des sorties');
INSERT INTO `menu` (`IDMENU`, `LIBMENU`) VALUES ('rap_rst', ' -- Sous menu ->Rapport de rupture de stock');
INSERT INTO `menu` (`IDMENU`, `LIBMENU`) VALUES ('rap_sin', ' -- Sous menu ->Rapport synthèse inventaire');
INSERT INTO `menu` (`IDMENU`, `LIBMENU`) VALUES ('rap_sssm', ' -- Sous menu ->Stock sup. seuil maximum');
INSERT INTO `menu` (`IDMENU`, `LIBMENU`) VALUES ('rap_sta', ' -- Sous menu ->Rapport stock actuel');
INSERT INTO `menu` (`IDMENU`, `LIBMENU`) VALUES ('rap_tri', ' -- Sous menu ->Rapport périodique consolidé');
INSERT INTO `menu` (`IDMENU`, `LIBMENU`) VALUES ('Re01', 'Region1');
INSERT INTO `typebeneficiaire` (`CODE_TYPEBENEF`, `NOM_TYPEBENEF`) VALUES ('ADO', 'Adolescent');
INSERT INTO `typebeneficiaire` (`CODE_TYPEBENEF`, `NOM_TYPEBENEF`) VALUES ('ADU', 'Adulte');
INSERT INTO `typebeneficiaire` (`CODE_TYPEBENEF`, `NOM_TYPEBENEF`) VALUES ('ENF', 'ENFANT');
INSERT INTO `typebeneficiaire` (`CODE_TYPEBENEF`, `NOM_TYPEBENEF`) VALUES ('FEM', 'FEMME');
INSERT INTO `typebeneficiaire` (`CODE_TYPEBENEF`, `NOM_TYPEBENEF`) VALUES ('IND', 'INDETERMINE');
INSERT INTO `typebeneficiaire` (`CODE_TYPEBENEF`, `NOM_TYPEBENEF`) VALUES ('NRS', 'NOURRISSON');
INSERT INTO `typebeneficiaire` (`CODE_TYPEBENEF`, `NOM_TYPEBENEF`) VALUES ('PAT', 'PATIENT');
INSERT INTO `typefournisseur` (`CODE_TYPEFOUR`, `TYPEFOUR_NOM`) VALUES ('ONG', 'ONG');
INSERT INTO `typefournisseur` (`CODE_TYPEFOUR`, `TYPEFOUR_NOM`) VALUES ('PAR', 'PARTENAIRES');
INSERT INTO `typefournisseur` (`CODE_TYPEFOUR`, `TYPEFOUR_NOM`) VALUES ('PUB', 'PUBLIQUE');
INSERT INTO `typefournisseur` (`CODE_TYPEFOUR`, `TYPEFOUR_NOM`) VALUES ('STPU', 'STRUCTURE PUBLIQUE');
INSERT INTO `beneficiaire` (`CODE_BENEF`, `CODE_TYPEBENEF`, `IDPROVINCE`, `BENEF_NOM`, `BENEF_EBREVIATION`, `BENEF_TEL`, `BENEF_VILLE`, `BENEF_EMAIL`, `BENEF_DATECREAT`) VALUES ('0101', 'ADO', '1305', 'CONSOMMATEUR Y', '', '','', '','2015-06-23 08:36:05');
INSERT INTO `beneficiaire` (`CODE_BENEF`, `CODE_TYPEBENEF`, `IDPROVINCE`, `BENEF_NOM`, `BENEF_EBREVIATION`, `BENEF_TEL`, `BENEF_VILLE`, `BENEF_EMAIL`, `BENEF_DATECREAT`) VALUES ('0102', 'FEM', '1305', 'COSOMMATEUR Q', '', '','', '','2015-06-23 08:55:03');
INSERT INTO `beneficiaire` (`CODE_BENEF`, `CODE_TYPEBENEF`, `IDPROVINCE`, `BENEF_NOM`, `BENEF_EBREVIATION`, `BENEF_TEL`, `BENEF_VILLE`, `BENEF_EMAIL`, `BENEF_DATECREAT`) VALUES ('0103', 'IND', '1305', 'CLIENT ORDINAIRE', '', '','', '','2015-06-23 08:55:37');
INSERT INTO `beneficiaire` (`CODE_BENEF`, `CODE_TYPEBENEF`, `IDPROVINCE`, `BENEF_NOM`, `BENEF_EBREVIATION`, `BENEF_TEL`, `BENEF_VILLE`, `BENEF_EMAIL`, `BENEF_DATECREAT`) VALUES ('PAT', 'IND', '1310', 'PATIENT', '', '','', '','2015-06-26 15:14:53');
INSERT INTO `fournisseur` (`CODE_FOUR`, `CODE_TYPEFOUR`, `FOUR_NOM`, `FOUR_TEL`, `FOUR_ADRESSE`, `FOUR_EMAIL`, `FOUR_RESPONSABLE`, `FOUR_RESPTEL`, `FOUR_RESPEMAIL`) VALUES  ('10000', 'PUB', 'ONPPC', '', '', '','', '', '');
INSERT INTO `fournisseur` (`CODE_FOUR`, `CODE_TYPEFOUR`, `FOUR_NOM`, `FOUR_TEL`, `FOUR_ADRESSE`, `FOUR_EMAIL`, `FOUR_RESPONSABLE`, `FOUR_RESPTEL`, `FOUR_RESPEMAIL`) VALUES  ('100003', 'STPU', 'ONPPC DEPOT ZINDER', '', 'ZINDER', '','', '', '');
INSERT INTO `fournisseur` (`CODE_FOUR`, `CODE_TYPEFOUR`, `FOUR_NOM`, `FOUR_TEL`, `FOUR_ADRESSE`, `FOUR_EMAIL`, `FOUR_RESPONSABLE`, `FOUR_RESPTEL`, `FOUR_RESPEMAIL`) VALUES  ('10001', 'ONG', 'ANBF', '', 'NIAMEY', '','', '', '');
INSERT INTO `fournisseur` (`CODE_FOUR`, `CODE_TYPEFOUR`, `FOUR_NOM`, `FOUR_TEL`, `FOUR_ADRESSE`, `FOUR_EMAIL`, `FOUR_RESPONSABLE`, `FOUR_RESPTEL`, `FOUR_RESPEMAIL`) VALUES  ('10002', 'ONG', 'ANIMAS SUTURA', '', 'NIAMEY', '','', '', '');
INSERT INTO `fournisseur` (`CODE_FOUR`, `CODE_TYPEFOUR`, `FOUR_NOM`, `FOUR_TEL`, `FOUR_ADRESSE`, `FOUR_EMAIL`, `FOUR_RESPONSABLE`, `FOUR_RESPTEL`, `FOUR_RESPEMAIL`) VALUES  ('10003', 'ONG', 'AUTRES ONG', '', 'NIAMEY', '','', '', '');
INSERT INTO `fournisseur` (`CODE_FOUR`, `CODE_TYPEFOUR`, `FOUR_NOM`, `FOUR_TEL`, `FOUR_ADRESSE`, `FOUR_EMAIL`, `FOUR_RESPONSABLE`, `FOUR_RESPTEL`, `FOUR_RESPEMAIL`) VALUES  ('10004', 'ONG', 'CARE', '', 'NIAMEY', '','', '', '');
INSERT INTO `fournisseur` (`CODE_FOUR`, `CODE_TYPEFOUR`, `FOUR_NOM`, `FOUR_TEL`, `FOUR_ADRESSE`, `FOUR_EMAIL`, `FOUR_RESPONSABLE`, `FOUR_RESPTEL`, `FOUR_RESPEMAIL`) VALUES  ('10005', 'ONG', 'HKI', '', 'NIAMEY', '','', '', '');
INSERT INTO `fournisseur` (`CODE_FOUR`, `CODE_TYPEFOUR`, `FOUR_NOM`, `FOUR_TEL`, `FOUR_ADRESSE`, `FOUR_EMAIL`, `FOUR_RESPONSABLE`, `FOUR_RESPTEL`, `FOUR_RESPEMAIL`) VALUES  ('10006', 'PAR', 'OMS', '', 'NIAMEY', '','', '', '');
INSERT INTO `fournisseur` (`CODE_FOUR`, `CODE_TYPEFOUR`, `FOUR_NOM`, `FOUR_TEL`, `FOUR_ADRESSE`, `FOUR_EMAIL`, `FOUR_RESPONSABLE`, `FOUR_RESPTEL`, `FOUR_RESPEMAIL`) VALUES  ('10007', 'PAR', 'OOAS', '', 'NIAMEY', '','', '', '');
INSERT INTO `fournisseur` (`CODE_FOUR`, `CODE_TYPEFOUR`, `FOUR_NOM`, `FOUR_TEL`, `FOUR_ADRESSE`, `FOUR_EMAIL`, `FOUR_RESPONSABLE`, `FOUR_RESPTEL`, `FOUR_RESPEMAIL`) VALUES  ('10008', 'PAR', 'SAVE THE TCHILDREN', '', 'NIAMEY', '','', '', '');
INSERT INTO `fournisseur` (`CODE_FOUR`, `CODE_TYPEFOUR`, `FOUR_NOM`, `FOUR_TEL`, `FOUR_ADRESSE`, `FOUR_EMAIL`, `FOUR_RESPONSABLE`, `FOUR_RESPTEL`, `FOUR_RESPEMAIL`) VALUES  ('10009', 'PAR', 'UNFPA', '', 'NIAMEY', '','', '', '');
INSERT INTO `fournisseur` (`CODE_FOUR`, `CODE_TYPEFOUR`, `FOUR_NOM`, `FOUR_TEL`, `FOUR_ADRESSE`, `FOUR_EMAIL`, `FOUR_RESPONSABLE`, `FOUR_RESPTEL`, `FOUR_RESPEMAIL`) VALUES  ('10010', 'PAR', 'UNICEF', '', 'NIAMEY', '','', '', '');
INSERT INTO `fournisseur` (`CODE_FOUR`, `CODE_TYPEFOUR`, `FOUR_NOM`, `FOUR_TEL`, `FOUR_ADRESSE`, `FOUR_EMAIL`, `FOUR_RESPONSABLE`, `FOUR_RESPTEL`, `FOUR_RESPEMAIL`) VALUES  ('10011', 'ONG', 'WORLD VISION', '', 'NIAMEY', '','', '', '');
INSERT INTO `fournisseur` (`CODE_FOUR`, `CODE_TYPEFOUR`, `FOUR_NOM`, `FOUR_TEL`, `FOUR_ADRESSE`, `FOUR_EMAIL`, `FOUR_RESPONSABLE`, `FOUR_RESPTEL`, `FOUR_RESPEMAIL`) VALUES  ('10012', 'ONG', 'CRS', '', 'NIAMEY', '','', '', '');
INSERT INTO `fournisseur` (`CODE_FOUR`, `CODE_TYPEFOUR`, `FOUR_NOM`, `FOUR_TEL`, `FOUR_ADRESSE`, `FOUR_EMAIL`, `FOUR_RESPONSABLE`, `FOUR_RESPTEL`, `FOUR_RESPEMAIL`) VALUES  ('70107', 'STPU', 'DRSP ZINDER', '', 'ZINDER', '','', '', '');
INSERT INTO `exercice` (`ID_EXERCICE`, `EX_LIBELLE`, `EX_DATEDEBUT`, `EX_DATEFIN`, `EX_CLOTURE`, `EX_DATECLOTURE`) VALUES ('2015', 'exercice budgetaire 2015', '2015-01-01', '2015-12-31', '0', '2015-12-31 00:00:00');
INSERT INTO `infogenerale` (`CODE_INFGLE`, `CODE_MAGASIN`, `ID`, `INF_CLIENT`, `INF_DATEACQ`, `INF_LICENCE`, `INF_MINISTERE`, `INF_SECRETARIAT`, `INF_DIRECTION`, `INF_SERVICE`, `INF_PAYS`, `INF_DEVISE`, `INF_VILLE`, `INF_SIGNATEUR1`, `INF_NOMSIGNATEUR1`, `INF_SIGNATEUR2`, `INF_NOMSIGNATEUR2`, `INF_SIGNATEUR3`, `INF_NOMSIGNATEUR3`, `INF_SIGNATEUR4`, `INF_NOMSIGNATEUR4`, `INF_VALIDAUTO`, `INF_MAGASIN`) VALUES ('1/70107004', '70107004','1','REPUBLIQUE DU NIGER', '0000-00-00','','MINISTERE DE LA SANTE PUBLIQUE', 'REGION DE ZINDER','DIRECTION REGIONALE DE LA SANTE','DISTRICT SANITAIRE DE MIRRIAH', 'REPUBLIQUE DU NIGER','FRATERNITE-TRAVAIL-PROGRES','MIRRIAH', 'GERANT DE LA PHARMACIE DU DS','MARIE IDE','POINT FOCAL SR', 'SIDI KA','GESTIONNAIRE','YAOU MARTABA', 'MEDECIN CHEF','GUERO ISSOUFOU','0', '70107004');
INSERT INTO `infogenerale` (`CODE_INFGLE`, `CODE_MAGASIN`, `ID`, `INF_CLIENT`, `INF_DATEACQ`, `INF_LICENCE`,`INF_MINISTERE`, `INF_SECRETARIAT`, `INF_DIRECTION`, `INF_SERVICE`, `INF_PAYS`, `INF_DEVISE`, `INF_VILLE`, `INF_SIGNATEUR1`,`INF_NOMSIGNATEUR1`, `INF_SIGNATEUR2`, `INF_NOMSIGNATEUR2`, `INF_SIGNATEUR3`, `INF_NOMSIGNATEUR3`, `INF_SIGNATEUR4`,`INF_NOMSIGNATEUR4`, `INF_VALIDAUTO`, `INF_MAGASIN`) VALUES ('1/70107004',	'70107004','1','REPUBLIQUE DU NIGER','0000-00-00','','MINISTERE DE LA SANTE PUBLIQUE','REGION DE ZINDER','DIRECTION REGIONALE DE LA SANTE','DISTRICT SANITAIRE DE MIRRIAH','REPUBLIQUE DU NIGER','FRATERNITE-TRAVAIL-PROGRES','MIRRIAH','GERANT DE LA PHARMACIE DU DS','MARIE IDE','POINT FOCAL SR',	'SIDI KA','GESTIONNAIRE','YAOU MARTABA','MEDECIN CHEF','GUERO ISSOUFOU','0','70107004');
INSERT INTO `profil_menu` (`IDPROFIL`, `IDMENU`, `VISIBLE`, `AJOUT`, `MODIF`, `SUPPR`, `ANNUL`, `VALID`) VALUES ('ADMIN', 'aid','1','1','1','1','1','1');
INSERT INTO `profil_menu` (`IDPROFIL`, `IDMENU`, `VISIBLE`, `AJOUT`, `MODIF`, `SUPPR`, `ANNUL`, `VALID`) VALUES ('ADMIN', 'bde','1','1','1','1','1','1');
INSERT INTO `profil_menu` (`IDPROFIL`, `IDMENU`, `VISIBLE`, `AJOUT`, `MODIF`, `SUPPR`, `ANNUL`, `VALID`) VALUES ('ADMIN', 'bde_ali','1','1','1','1','1','1');
INSERT INTO `profil_menu` (`IDPROFIL`, `IDMENU`, `VISIBLE`, `AJOUT`, `MODIF`, `SUPPR`, `ANNUL`, `VALID`) VALUES ('ADMIN', 'bde_cde','1','1','1','1','1','1');
INSERT INTO `profil_menu` (`IDPROFIL`, `IDMENU`, `VISIBLE`, `AJOUT`, `MODIF`, `SUPPR`, `ANNUL`, `VALID`) VALUES ('ADMIN', 'bde_liv','1','1','1','1','1','1');
INSERT INTO `profil_menu` (`IDPROFIL`, `IDMENU`, `VISIBLE`, `AJOUT`, `MODIF`, `SUPPR`, `ANNUL`, `VALID`) VALUES ('ADMIN', 'bds','1','1','1','1','1','1');
INSERT INTO `profil_menu` (`IDPROFIL`, `IDMENU`, `VISIBLE`, `AJOUT`, `MODIF`, `SUPPR`, `ANNUL`, `VALID`) VALUES ('ADMIN', 'bds_bds','1','1','1','1','1','1');
INSERT INTO `profil_menu` (`IDPROFIL`, `IDMENU`, `VISIBLE`, `AJOUT`, `MODIF`, `SUPPR`, `ANNUL`, `VALID`) VALUES ('ADMIN', 'bds_dec','1','1','1','1','1','1');
INSERT INTO `profil_menu` (`IDPROFIL`, `IDMENU`, `VISIBLE`, `AJOUT`, `MODIF`, `SUPPR`, `ANNUL`, `VALID`) VALUES ('ADMIN', 'bds_rep','1','1','1','1','1','1');
INSERT INTO `profil_menu` (`IDPROFIL`, `IDMENU`, `VISIBLE`, `AJOUT`, `MODIF`, `SUPPR`, `ANNUL`, `VALID`) VALUES ('ADMIN', 'bds_trf','1','1','1','1','1','1');
INSERT INTO `profil_menu` (`IDPROFIL`, `IDMENU`, `VISIBLE`, `AJOUT`, `MODIF`, `SUPPR`, `ANNUL`, `VALID`) VALUES ('ADMIN', 'bes','1','1','1','1','1','1');
INSERT INTO `profil_menu` (`IDPROFIL`, `IDMENU`, `VISIBLE`, `AJOUT`, `MODIF`, `SUPPR`, `ANNUL`, `VALID`) VALUES ('ADMIN', 'bes_bes','1','1','1','1','1','1');
INSERT INTO `profil_menu` (`IDPROFIL`, `IDMENU`, `VISIBLE`, `AJOUT`, `MODIF`, `SUPPR`, `ANNUL`, `VALID`) VALUES ('ADMIN', 'data','1','1','1','1','1','1');
INSERT INTO `profil_menu` (`IDPROFIL`, `IDMENU`, `VISIBLE`, `AJOUT`, `MODIF`, `SUPPR`, `ANNUL`, `VALID`) VALUES ('ADMIN', 'data_exp','1','1','1','1','1','1');
INSERT INTO `profil_menu` (`IDPROFIL`, `IDMENU`, `VISIBLE`, `AJOUT`, `MODIF`, `SUPPR`, `ANNUL`, `VALID`) VALUES ('ADMIN', 'data_imp','1','1','1','1','1','1');
INSERT INTO `profil_menu` (`IDPROFIL`, `IDMENU`, `VISIBLE`, `AJOUT`, `MODIF`, `SUPPR`, `ANNUL`, `VALID`) VALUES ('ADMIN', 'data_vid','1','1','1','1','1','1');
INSERT INTO `profil_menu` (`IDPROFIL`, `IDMENU`, `VISIBLE`, `AJOUT`, `MODIF`, `SUPPR`, `ANNUL`, `VALID`) VALUES ('ADMIN', 'int','1','1','1','1','1','1');
INSERT INTO `profil_menu` (`IDPROFIL`, `IDMENU`, `VISIBLE`, `AJOUT`, `MODIF`, `SUPPR`, `ANNUL`, `VALID`) VALUES ('ADMIN', 'int_int','1','1','1','1','1','1');
INSERT INTO `profil_menu` (`IDPROFIL`, `IDMENU`, `VISIBLE`, `AJOUT`, `MODIF`, `SUPPR`, `ANNUL`, `VALID`) VALUES ('ADMIN', 'int_jou','1','1','1','1','1','1');
INSERT INTO `profil_menu` (`IDPROFIL`, `IDMENU`, `VISIBLE`, `AJOUT`, `MODIF`, `SUPPR`, `ANNUL`, `VALID`) VALUES ('ADMIN', 'int_pcd','1','1','1','1','1','1');
INSERT INTO `profil_menu` (`IDPROFIL`, `IDMENU`, `VISIBLE`, `AJOUT`, `MODIF`, `SUPPR`, `ANNUL`, `VALID`) VALUES ('ADMIN', 'int_sme','1','1','1','1','1','1');
INSERT INTO `profil_menu` (`IDPROFIL`, `IDMENU`, `VISIBLE`, `AJOUT`, `MODIF`, `SUPPR`, `ANNUL`, `VALID`) VALUES ('ADMIN', 'int_stl','1','1','1','1','1','1');
INSERT INTO `profil_menu` (`IDPROFIL`, `IDMENU`, `VISIBLE`, `AJOUT`, `MODIF`, `SUPPR`, `ANNUL`, `VALID`) VALUES ('ADMIN', 'int_sto','1','1','1','1','1','1');
INSERT INTO `profil_menu` (`IDPROFIL`, `IDMENU`, `VISIBLE`, `AJOUT`, `MODIF`, `SUPPR`, `ANNUL`, `VALID`) VALUES ('ADMIN', 'par','1','1','1','1','1','1');
INSERT INTO `profil_menu` (`IDPROFIL`, `IDMENU`, `VISIBLE`, `AJOUT`, `MODIF`, `SUPPR`, `ANNUL`, `VALID`) VALUES ('ADMIN', 'par_aff','1','1','1','1','1','1');
INSERT INTO `profil_menu` (`IDPROFIL`, `IDMENU`, `VISIBLE`, `AJOUT`, `MODIF`, `SUPPR`, `ANNUL`, `VALID`) VALUES ('ADMIN', 'par_ben','1','1','1','1','1','1');
INSERT INTO `profil_menu` (`IDPROFIL`, `IDMENU`, `VISIBLE`, `AJOUT`, `MODIF`, `SUPPR`, `ANNUL`, `VALID`) VALUES ('ADMIN', 'par_bud','1','1','1','1','1','1');
INSERT INTO `profil_menu` (`IDPROFIL`, `IDMENU`, `VISIBLE`, `AJOUT`, `MODIF`, `SUPPR`, `ANNUL`, `VALID`) VALUES ('ADMIN', 'par_cat','1','1','1','1','1','1');
INSERT INTO `profil_menu` (`IDPROFIL`, `IDMENU`, `VISIBLE`, `AJOUT`, `MODIF`, `SUPPR`, `ANNUL`, `VALID`) VALUES ('ADMIN', 'par_cdt','1','1','1','1','1','1');
INSERT INTO `profil_menu` (`IDPROFIL`, `IDMENU`, `VISIBLE`, `AJOUT`, `MODIF`, `SUPPR`, `ANNUL`, `VALID`) VALUES ('ADMIN', 'par_con','1','1','1','1','1','1');
INSERT INTO `profil_menu` (`IDPROFIL`, `IDMENU`, `VISIBLE`, `AJOUT`, `MODIF`, `SUPPR`, `ANNUL`, `VALID`) VALUES ('ADMIN', 'par_ctr','1','1','1','1','1','1');
INSERT INTO `profil_menu` (`IDPROFIL`, `IDMENU`, `VISIBLE`, `AJOUT`, `MODIF`, `SUPPR`, `ANNUL`, `VALID`) VALUES ('ADMIN', 'par_dot','1','1','1','1','1','1');
INSERT INTO `profil_menu` (`IDPROFIL`, `IDMENU`, `VISIBLE`, `AJOUT`, `MODIF`, `SUPPR`, `ANNUL`, `VALID`) VALUES ('ADMIN', 'par_exe','0','0','0','0','0','0');
INSERT INTO `profil_menu` (`IDPROFIL`, `IDMENU`, `VISIBLE`, `AJOUT`, `MODIF`, `SUPPR`, `ANNUL`, `VALID`) VALUES ('ADMIN', 'par_fou','1','1','1','1','1','1');
INSERT INTO `profil_menu` (`IDPROFIL`, `IDMENU`, `VISIBLE`, `AJOUT`, `MODIF`, `SUPPR`, `ANNUL`, `VALID`) VALUES ('ADMIN', 'par_gen','1','1','1','1','1','1');
INSERT INTO `profil_menu` (`IDPROFIL`, `IDMENU`, `VISIBLE`, `AJOUT`, `MODIF`, `SUPPR`, `ANNUL`, `VALID`) VALUES ('ADMIN', 'par_grp','1','1','1','1','1','1');
INSERT INTO `profil_menu` (`IDPROFIL`, `IDMENU`, `VISIBLE`, `AJOUT`, `MODIF`, `SUPPR`, `ANNUL`, `VALID`) VALUES ('ADMIN', 'par_log','1','1','1','1','1','1');
INSERT INTO `profil_menu` (`IDPROFIL`, `IDMENU`, `VISIBLE`, `AJOUT`, `MODIF`, `SUPPR`, `ANNUL`, `VALID`) VALUES ('ADMIN', 'par_mag','1','1','1','1','1','1');
INSERT INTO `profil_menu` (`IDPROFIL`, `IDMENU`, `VISIBLE`, `AJOUT`, `MODIF`, `SUPPR`, `ANNUL`, `VALID`) VALUES ('ADMIN', 'par_men','1','1','1','1','1','1');
INSERT INTO `profil_menu` (`IDPROFIL`, `IDMENU`, `VISIBLE`, `AJOUT`, `MODIF`, `SUPPR`, `ANNUL`, `VALID`) VALUES ('ADMIN', 'par_ndcl','1','1','1','1','1','1');
INSERT INTO `profil_menu` (`IDPROFIL`, `IDMENU`, `VISIBLE`, `AJOUT`, `MODIF`, `SUPPR`, `ANNUL`, `VALID`) VALUES ('ADMIN', 'par_per','1','1','1','1','1','1');
INSERT INTO `profil_menu` (`IDPROFIL`, `IDMENU`, `VISIBLE`, `AJOUT`, `MODIF`, `SUPPR`, `ANNUL`, `VALID`) VALUES ('ADMIN', 'par_prd','1','1','1','1','1','1');
INSERT INTO `profil_menu` (`IDPROFIL`, `IDMENU`, `VISIBLE`, `AJOUT`, `MODIF`, `SUPPR`, `ANNUL`, `VALID`) VALUES ('ADMIN', 'par_prv','1','1','1','1','1','1');
INSERT INTO `profil_menu` (`IDPROFIL`, `IDMENU`, `VISIBLE`, `AJOUT`, `MODIF`, `SUPPR`, `ANNUL`, `VALID`) VALUES ('ADMIN', 'par_reg','1','1','1','1','1','1');
INSERT INTO `profil_menu` (`IDPROFIL`, `IDMENU`, `VISIBLE`, `AJOUT`, `MODIF`, `SUPPR`, `ANNUL`, `VALID`) VALUES ('ADMIN', 'par_sau','1','1','1','1','1','1');
INSERT INTO `profil_menu` (`IDPROFIL`, `IDMENU`, `VISIBLE`, `AJOUT`, `MODIF`, `SUPPR`, `ANNUL`, `VALID`) VALUES ('ADMIN', 'par_sscat','1','1','1','1','1','1');
INSERT INTO `profil_menu` (`IDPROFIL`, `IDMENU`, `VISIBLE`, `AJOUT`, `MODIF`, `SUPPR`, `ANNUL`, `VALID`) VALUES ('ADMIN', 'par_ssg','1','1','1','1','1','1');
INSERT INTO `profil_menu` (`IDPROFIL`, `IDMENU`, `VISIBLE`, `AJOUT`, `MODIF`, `SUPPR`, `ANNUL`, `VALID`) VALUES ('ADMIN', 'par_tbe','1','1','1','1','1','1');
INSERT INTO `profil_menu` (`IDPROFIL`, `IDMENU`, `VISIBLE`, `AJOUT`, `MODIF`, `SUPPR`, `ANNUL`, `VALID`) VALUES ('ADMIN', 'par_tfr','1','1','1','1','1','1');
INSERT INTO `profil_menu` (`IDPROFIL`, `IDMENU`, `VISIBLE`, `AJOUT`, `MODIF`, `SUPPR`, `ANNUL`, `VALID`) VALUES ('ADMIN', 'par_tse','1','1','1','1','1','1');
INSERT INTO `profil_menu` (`IDPROFIL`, `IDMENU`, `VISIBLE`, `AJOUT`, `MODIF`, `SUPPR`, `ANNUL`, `VALID`) VALUES ('ADMIN', 'par_uni','1','1','1','1','1','1');
INSERT INTO `profil_menu` (`IDPROFIL`, `IDMENU`, `VISIBLE`, `AJOUT`, `MODIF`, `SUPPR`, `ANNUL`, `VALID`) VALUES ('ADMIN', 'par_uti','1','1','1','1','1','1');
INSERT INTO `profil_menu` (`IDPROFIL`, `IDMENU`, `VISIBLE`, `AJOUT`, `MODIF`, `SUPPR`, `ANNUL`, `VALID`) VALUES ('ADMIN', 'par_vid','0','0','0','0','0','0');
INSERT INTO `profil_menu` (`IDPROFIL`, `IDMENU`, `VISIBLE`, `AJOUT`, `MODIF`, `SUPPR`, `ANNUL`, `VALID`) VALUES ('ADMIN', 'rap','1','1','1','1','1','1');
INSERT INTO `profil_menu` (`IDPROFIL`, `IDMENU`, `VISIBLE`, `AJOUT`, `MODIF`, `SUPPR`, `ANNUL`, `VALID`) VALUES ('ADMIN', 'rap_cons','1','1','1','1','1','1');
INSERT INTO `profil_menu` (`IDPROFIL`, `IDMENU`, `VISIBLE`, `AJOUT`, `MODIF`, `SUPPR`, `ANNUL`, `VALID`) VALUES ('ADMIN', 'rap_dec','1','1','1','1','1','1');
INSERT INTO `profil_menu` (`IDPROFIL`, `IDMENU`, `VISIBLE`, `AJOUT`, `MODIF`, `SUPPR`, `ANNUL`, `VALID`) VALUES ('ADMIN', 'rap_din','1','1','1','1','1','1');
INSERT INTO `profil_menu` (`IDPROFIL`, `IDMENU`, `VISIBLE`, `AJOUT`, `MODIF`, `SUPPR`, `ANNUL`, `VALID`) VALUES ('ADMIN', 'rap_fprd','1','1','1','1','1','1');
INSERT INTO `profil_menu` (`IDPROFIL`, `IDMENU`, `VISIBLE`, `AJOUT`, `MODIF`, `SUPPR`, `ANNUL`, `VALID`) VALUES ('ADMIN', 'rap_mde','1','1','1','1','1','1');
INSERT INTO `profil_menu` (`IDPROFIL`, `IDMENU`, `VISIBLE`, `AJOUT`, `MODIF`, `SUPPR`, `ANNUL`, `VALID`) VALUES ('ADMIN', 'rap_men','1','1','1','1','1','1');
INSERT INTO `profil_menu` (`IDPROFIL`, `IDMENU`, `VISIBLE`, `AJOUT`, `MODIF`, `SUPPR`, `ANNUL`, `VALID`) VALUES ('ADMIN', 'rap_mfr','1','1','1','1','1','1');
INSERT INTO `profil_menu` (`IDPROFIL`, `IDMENU`, `VISIBLE`, `AJOUT`, `MODIF`, `SUPPR`, `ANNUL`, `VALID`) VALUES ('ADMIN', 'rap_mst','1','1','1','1','1','1');
INSERT INTO `profil_menu` (`IDPROFIL`, `IDMENU`, `VISIBLE`, `AJOUT`, `MODIF`, `SUPPR`, `ANNUL`, `VALID`) VALUES ('ADMIN', 'rap_pac','1','1','1','1','1','1');
INSERT INTO `profil_menu` (`IDPROFIL`, `IDMENU`, `VISIBLE`, `AJOUT`, `MODIF`, `SUPPR`, `ANNUL`, `VALID`) VALUES ('ADMIN', 'rap_ppe','1','1','1','1','1','1');
INSERT INTO `profil_menu` (`IDPROFIL`, `IDMENU`, `VISIBLE`, `AJOUT`, `MODIF`, `SUPPR`, `ANNUL`, `VALID`) VALUES ('ADMIN', 'rap_prdp','1','1','1','1','1','1');
INSERT INTO `profil_menu` (`IDPROFIL`, `IDMENU`, `VISIBLE`, `AJOUT`, `MODIF`, `SUPPR`, `ANNUL`, `VALID`) VALUES ('ADMIN', 'rap_rds','1','1','1','1','1','1');
INSERT INTO `profil_menu` (`IDPROFIL`, `IDMENU`, `VISIBLE`, `AJOUT`, `MODIF`, `SUPPR`, `ANNUL`, `VALID`) VALUES ('ADMIN', 'rap_rst','1','1','1','1','1','1');
INSERT INTO `profil_menu` (`IDPROFIL`, `IDMENU`, `VISIBLE`, `AJOUT`, `MODIF`, `SUPPR`, `ANNUL`, `VALID`) VALUES ('ADMIN', 'rap_sin','1','1','1','1','1','1');
INSERT INTO `profil_menu` (`IDPROFIL`, `IDMENU`, `VISIBLE`, `AJOUT`, `MODIF`, `SUPPR`, `ANNUL`, `VALID`) VALUES ('ADMIN', 'rap_sssm','1','1','1','1','1','1');
INSERT INTO `profil_menu` (`IDPROFIL`, `IDMENU`, `VISIBLE`, `AJOUT`, `MODIF`, `SUPPR`, `ANNUL`, `VALID`) VALUES ('ADMIN', 'rap_sta','1','1','1','1','1','1');
INSERT INTO `profil_menu` (`IDPROFIL`, `IDMENU`, `VISIBLE`, `AJOUT`, `MODIF`, `SUPPR`, `ANNUL`, `VALID`) VALUES ('ADMIN', 'rap_tri','1','1','1','1','1','1');
INSERT INTO `profil_menu` (`IDPROFIL`, `IDMENU`, `VISIBLE`, `AJOUT`, `MODIF`, `SUPPR`, `ANNUL`, `VALID`) VALUES ('ADMIN', 'Re01','1','1','1','1','1','1');
INSERT INTO `profil_menu` (`IDPROFIL`, `IDMENU`, `VISIBLE`, `AJOUT`, `MODIF`, `SUPPR`, `ANNUL`, `VALID`) VALUES ('DEVEL', 'aid','1','1','1','1','1','1');
INSERT INTO `profil_menu` (`IDPROFIL`, `IDMENU`, `VISIBLE`, `AJOUT`, `MODIF`, `SUPPR`, `ANNUL`, `VALID`) VALUES ('DEVEL', 'bde','1','1','1','1','1','1');
INSERT INTO `profil_menu` (`IDPROFIL`, `IDMENU`, `VISIBLE`, `AJOUT`, `MODIF`, `SUPPR`, `ANNUL`, `VALID`) VALUES ('DEVEL', 'bde_ali','1','1','1','1','1','1');
INSERT INTO `profil_menu` (`IDPROFIL`, `IDMENU`, `VISIBLE`, `AJOUT`, `MODIF`, `SUPPR`, `ANNUL`, `VALID`) VALUES ('DEVEL', 'bde_cde','1','1','1','1','1','1');
INSERT INTO `profil_menu` (`IDPROFIL`, `IDMENU`, `VISIBLE`, `AJOUT`, `MODIF`, `SUPPR`, `ANNUL`, `VALID`) VALUES ('DEVEL', 'bde_liv','1','1','1','1','1','1');
INSERT INTO `profil_menu` (`IDPROFIL`, `IDMENU`, `VISIBLE`, `AJOUT`, `MODIF`, `SUPPR`, `ANNUL`, `VALID`) VALUES ('DEVEL', 'bds','1','1','1','1','1','1');
INSERT INTO `profil_menu` (`IDPROFIL`, `IDMENU`, `VISIBLE`, `AJOUT`, `MODIF`, `SUPPR`, `ANNUL`, `VALID`) VALUES ('DEVEL', 'bds_bds','1','1','1','1','1','1');
INSERT INTO `profil_menu` (`IDPROFIL`, `IDMENU`, `VISIBLE`, `AJOUT`, `MODIF`, `SUPPR`, `ANNUL`, `VALID`) VALUES ('DEVEL', 'bds_dec','1','1','1','1','1','1');
INSERT INTO `profil_menu` (`IDPROFIL`, `IDMENU`, `VISIBLE`, `AJOUT`, `MODIF`, `SUPPR`, `ANNUL`, `VALID`) VALUES ('DEVEL', 'bds_rep','1','1','1','1','1','1');
INSERT INTO `profil_menu` (`IDPROFIL`, `IDMENU`, `VISIBLE`, `AJOUT`, `MODIF`, `SUPPR`, `ANNUL`, `VALID`) VALUES ('DEVEL', 'bds_trf','1','1','1','1','1','1');
INSERT INTO `profil_menu` (`IDPROFIL`, `IDMENU`, `VISIBLE`, `AJOUT`, `MODIF`, `SUPPR`, `ANNUL`, `VALID`) VALUES ('DEVEL', 'bes','1','1','1','1','1','1');
INSERT INTO `profil_menu` (`IDPROFIL`, `IDMENU`, `VISIBLE`, `AJOUT`, `MODIF`, `SUPPR`, `ANNUL`, `VALID`) VALUES ('DEVEL', 'bes_bes','1','1','1','1','1','1');
INSERT INTO `profil_menu` (`IDPROFIL`, `IDMENU`, `VISIBLE`, `AJOUT`, `MODIF`, `SUPPR`, `ANNUL`, `VALID`) VALUES ('DEVEL', 'data','1','1','1','1','1','1');
INSERT INTO `profil_menu` (`IDPROFIL`, `IDMENU`, `VISIBLE`, `AJOUT`, `MODIF`, `SUPPR`, `ANNUL`, `VALID`) VALUES ('DEVEL', 'data_exp','1','1','1','1','1','1');
INSERT INTO `profil_menu` (`IDPROFIL`, `IDMENU`, `VISIBLE`, `AJOUT`, `MODIF`, `SUPPR`, `ANNUL`, `VALID`) VALUES ('DEVEL', 'data_imp','1','1','1','1','1','1');
INSERT INTO `profil_menu` (`IDPROFIL`, `IDMENU`, `VISIBLE`, `AJOUT`, `MODIF`, `SUPPR`, `ANNUL`, `VALID`) VALUES ('DEVEL', 'data_vid','1','1','1','1','1','1');
INSERT INTO `profil_menu` (`IDPROFIL`, `IDMENU`, `VISIBLE`, `AJOUT`, `MODIF`, `SUPPR`, `ANNUL`, `VALID`) VALUES ('DEVEL', 'int','1','1','1','1','1','1');
INSERT INTO `profil_menu` (`IDPROFIL`, `IDMENU`, `VISIBLE`, `AJOUT`, `MODIF`, `SUPPR`, `ANNUL`, `VALID`) VALUES ('DEVEL', 'int_int','1','1','1','1','1','1');
INSERT INTO `profil_menu` (`IDPROFIL`, `IDMENU`, `VISIBLE`, `AJOUT`, `MODIF`, `SUPPR`, `ANNUL`, `VALID`) VALUES ('DEVEL', 'int_jou','1','1','1','1','1','1');
INSERT INTO `profil_menu` (`IDPROFIL`, `IDMENU`, `VISIBLE`, `AJOUT`, `MODIF`, `SUPPR`, `ANNUL`, `VALID`) VALUES ('DEVEL', 'int_pcd','1','1','1','1','1','1');
INSERT INTO `profil_menu` (`IDPROFIL`, `IDMENU`, `VISIBLE`, `AJOUT`, `MODIF`, `SUPPR`, `ANNUL`, `VALID`) VALUES ('DEVEL', 'int_sme','1','1','1','1','1','1');
INSERT INTO `profil_menu` (`IDPROFIL`, `IDMENU`, `VISIBLE`, `AJOUT`, `MODIF`, `SUPPR`, `ANNUL`, `VALID`) VALUES ('DEVEL', 'int_stl','1','1','1','1','1','1');
INSERT INTO `profil_menu` (`IDPROFIL`, `IDMENU`, `VISIBLE`, `AJOUT`, `MODIF`, `SUPPR`, `ANNUL`, `VALID`) VALUES ('DEVEL', 'int_sto','1','1','1','1','1','1');
INSERT INTO `profil_menu` (`IDPROFIL`, `IDMENU`, `VISIBLE`, `AJOUT`, `MODIF`, `SUPPR`, `ANNUL`, `VALID`) VALUES ('DEVEL', 'par','1','1','1','1','1','1');
INSERT INTO `profil_menu` (`IDPROFIL`, `IDMENU`, `VISIBLE`, `AJOUT`, `MODIF`, `SUPPR`, `ANNUL`, `VALID`) VALUES ('DEVEL', 'par_aff','1','1','1','1','1','1');
INSERT INTO `profil_menu` (`IDPROFIL`, `IDMENU`, `VISIBLE`, `AJOUT`, `MODIF`, `SUPPR`, `ANNUL`, `VALID`) VALUES ('DEVEL', 'par_ben','1','1','1','1','1','1');
INSERT INTO `profil_menu` (`IDPROFIL`, `IDMENU`, `VISIBLE`, `AJOUT`, `MODIF`, `SUPPR`, `ANNUL`, `VALID`) VALUES ('DEVEL', 'par_bud','1','1','1','1','1','1');
INSERT INTO `profil_menu` (`IDPROFIL`, `IDMENU`, `VISIBLE`, `AJOUT`, `MODIF`, `SUPPR`, `ANNUL`, `VALID`) VALUES ('DEVEL', 'par_cat','1','1','1','1','1','1');
INSERT INTO `profil_menu` (`IDPROFIL`, `IDMENU`, `VISIBLE`, `AJOUT`, `MODIF`, `SUPPR`, `ANNUL`, `VALID`) VALUES ('DEVEL', 'par_cdt','1','1','1','1','1','1');
INSERT INTO `profil_menu` (`IDPROFIL`, `IDMENU`, `VISIBLE`, `AJOUT`, `MODIF`, `SUPPR`, `ANNUL`, `VALID`) VALUES ('DEVEL', 'par_con','1','1','1','1','1','1');
INSERT INTO `profil_menu` (`IDPROFIL`, `IDMENU`, `VISIBLE`, `AJOUT`, `MODIF`, `SUPPR`, `ANNUL`, `VALID`) VALUES ('DEVEL', 'par_ctr','1','1','1','1','1','1');
INSERT INTO `profil_menu` (`IDPROFIL`, `IDMENU`, `VISIBLE`, `AJOUT`, `MODIF`, `SUPPR`, `ANNUL`, `VALID`) VALUES ('DEVEL', 'par_dot','1','1','1','1','1','1');
INSERT INTO `profil_menu` (`IDPROFIL`, `IDMENU`, `VISIBLE`, `AJOUT`, `MODIF`, `SUPPR`, `ANNUL`, `VALID`) VALUES ('DEVEL', 'par_fou','1','1','1','1','1','1');
INSERT INTO `profil_menu` (`IDPROFIL`, `IDMENU`, `VISIBLE`, `AJOUT`, `MODIF`, `SUPPR`, `ANNUL`, `VALID`) VALUES ('DEVEL', 'par_gen','1','1','1','1','1','1');
INSERT INTO `profil_menu` (`IDPROFIL`, `IDMENU`, `VISIBLE`, `AJOUT`, `MODIF`, `SUPPR`, `ANNUL`, `VALID`) VALUES ('DEVEL', 'par_grp','1','1','1','1','1','1');
INSERT INTO `profil_menu` (`IDPROFIL`, `IDMENU`, `VISIBLE`, `AJOUT`, `MODIF`, `SUPPR`, `ANNUL`, `VALID`) VALUES ('DEVEL', 'par_log','1','1','1','1','1','1');
INSERT INTO `profil_menu` (`IDPROFIL`, `IDMENU`, `VISIBLE`, `AJOUT`, `MODIF`, `SUPPR`, `ANNUL`, `VALID`) VALUES ('DEVEL', 'par_mag','1','1','1','1','1','1');
INSERT INTO `profil_menu` (`IDPROFIL`, `IDMENU`, `VISIBLE`, `AJOUT`, `MODIF`, `SUPPR`, `ANNUL`, `VALID`) VALUES ('DEVEL', 'par_men','1','1','1','1','1','1');
INSERT INTO `profil_menu` (`IDPROFIL`, `IDMENU`, `VISIBLE`, `AJOUT`, `MODIF`, `SUPPR`, `ANNUL`, `VALID`) VALUES ('DEVEL', 'par_ndcl','1','1','1','1','1','1');
INSERT INTO `profil_menu` (`IDPROFIL`, `IDMENU`, `VISIBLE`, `AJOUT`, `MODIF`, `SUPPR`, `ANNUL`, `VALID`) VALUES ('DEVEL', 'par_per','1','1','1','1','1','1');
INSERT INTO `profil_menu` (`IDPROFIL`, `IDMENU`, `VISIBLE`, `AJOUT`, `MODIF`, `SUPPR`, `ANNUL`, `VALID`) VALUES ('DEVEL', 'par_prd','1','1','1','1','1','1');
INSERT INTO `profil_menu` (`IDPROFIL`, `IDMENU`, `VISIBLE`, `AJOUT`, `MODIF`, `SUPPR`, `ANNUL`, `VALID`) VALUES ('DEVEL', 'par_prv','1','1','1','1','1','1');
INSERT INTO `profil_menu` (`IDPROFIL`, `IDMENU`, `VISIBLE`, `AJOUT`, `MODIF`, `SUPPR`, `ANNUL`, `VALID`) VALUES ('DEVEL', 'par_reg','1','1','1','1','1','1');
INSERT INTO `profil_menu` (`IDPROFIL`, `IDMENU`, `VISIBLE`, `AJOUT`, `MODIF`, `SUPPR`, `ANNUL`, `VALID`) VALUES ('DEVEL', 'par_sau','1','1','1','1','1','1');
INSERT INTO `profil_menu` (`IDPROFIL`, `IDMENU`, `VISIBLE`, `AJOUT`, `MODIF`, `SUPPR`, `ANNUL`, `VALID`) VALUES ('DEVEL', 'par_sscat','1','1','1','1','1','1');
INSERT INTO `profil_menu` (`IDPROFIL`, `IDMENU`, `VISIBLE`, `AJOUT`, `MODIF`, `SUPPR`, `ANNUL`, `VALID`) VALUES ('DEVEL', 'par_ssg','1','1','1','1','1','1');
INSERT INTO `profil_menu` (`IDPROFIL`, `IDMENU`, `VISIBLE`, `AJOUT`, `MODIF`, `SUPPR`, `ANNUL`, `VALID`) VALUES ('DEVEL', 'par_tbe','1','1','1','1','1','1');
INSERT INTO `profil_menu` (`IDPROFIL`, `IDMENU`, `VISIBLE`, `AJOUT`, `MODIF`, `SUPPR`, `ANNUL`, `VALID`) VALUES ('DEVEL', 'par_tfr','1','1','1','1','1','1');
INSERT INTO `profil_menu` (`IDPROFIL`, `IDMENU`, `VISIBLE`, `AJOUT`, `MODIF`, `SUPPR`, `ANNUL`, `VALID`) VALUES ('DEVEL', 'par_tse','1','1','1','1','1','1');
INSERT INTO `profil_menu` (`IDPROFIL`, `IDMENU`, `VISIBLE`, `AJOUT`, `MODIF`, `SUPPR`, `ANNUL`, `VALID`) VALUES ('DEVEL', 'par_uni','1','1','1','1','1','1');
INSERT INTO `profil_menu` (`IDPROFIL`, `IDMENU`, `VISIBLE`, `AJOUT`, `MODIF`, `SUPPR`, `ANNUL`, `VALID`) VALUES ('DEVEL', 'par_uti','1','1','1','1','1','1');
INSERT INTO `profil_menu` (`IDPROFIL`, `IDMENU`, `VISIBLE`, `AJOUT`, `MODIF`, `SUPPR`, `ANNUL`, `VALID`) VALUES ('DEVEL', 'rap','1','1','1','1','1','1');
INSERT INTO `profil_menu` (`IDPROFIL`, `IDMENU`, `VISIBLE`, `AJOUT`, `MODIF`, `SUPPR`, `ANNUL`, `VALID`) VALUES ('DEVEL', 'rap_cons','1','1','1','1','1','1');
INSERT INTO `profil_menu` (`IDPROFIL`, `IDMENU`, `VISIBLE`, `AJOUT`, `MODIF`, `SUPPR`, `ANNUL`, `VALID`) VALUES ('DEVEL', 'rap_dec','1','1','1','1','1','1');
INSERT INTO `profil_menu` (`IDPROFIL`, `IDMENU`, `VISIBLE`, `AJOUT`, `MODIF`, `SUPPR`, `ANNUL`, `VALID`) VALUES ('DEVEL', 'rap_din','1','1','1','1','1','1');
INSERT INTO `profil_menu` (`IDPROFIL`, `IDMENU`, `VISIBLE`, `AJOUT`, `MODIF`, `SUPPR`, `ANNUL`, `VALID`) VALUES ('DEVEL', 'rap_fprd','1','1','1','1','1','1');
INSERT INTO `profil_menu` (`IDPROFIL`, `IDMENU`, `VISIBLE`, `AJOUT`, `MODIF`, `SUPPR`, `ANNUL`, `VALID`) VALUES ('DEVEL', 'rap_mde','1','1','1','1','1','1');
INSERT INTO `profil_menu` (`IDPROFIL`, `IDMENU`, `VISIBLE`, `AJOUT`, `MODIF`, `SUPPR`, `ANNUL`, `VALID`) VALUES ('DEVEL', 'rap_men','1','1','1','1','1','1');
INSERT INTO `profil_menu` (`IDPROFIL`, `IDMENU`, `VISIBLE`, `AJOUT`, `MODIF`, `SUPPR`, `ANNUL`, `VALID`) VALUES ('DEVEL', 'rap_mfr','1','1','1','1','1','1');
INSERT INTO `profil_menu` (`IDPROFIL`, `IDMENU`, `VISIBLE`, `AJOUT`, `MODIF`, `SUPPR`, `ANNUL`, `VALID`) VALUES ('DEVEL', 'rap_mst','1','1','1','1','1','1');
INSERT INTO `profil_menu` (`IDPROFIL`, `IDMENU`, `VISIBLE`, `AJOUT`, `MODIF`, `SUPPR`, `ANNUL`, `VALID`) VALUES ('DEVEL', 'rap_pac','1','1','1','1','1','1');
INSERT INTO `profil_menu` (`IDPROFIL`, `IDMENU`, `VISIBLE`, `AJOUT`, `MODIF`, `SUPPR`, `ANNUL`, `VALID`) VALUES ('DEVEL', 'rap_ppe','1','1','1','1','1','1');
INSERT INTO `profil_menu` (`IDPROFIL`, `IDMENU`, `VISIBLE`, `AJOUT`, `MODIF`, `SUPPR`, `ANNUL`, `VALID`) VALUES ('DEVEL', 'rap_prdp','1','1','1','1','1','1');
INSERT INTO `profil_menu` (`IDPROFIL`, `IDMENU`, `VISIBLE`, `AJOUT`, `MODIF`, `SUPPR`, `ANNUL`, `VALID`) VALUES ('DEVEL', 'rap_rds','1','1','1','1','1','1');
INSERT INTO `profil_menu` (`IDPROFIL`, `IDMENU`, `VISIBLE`, `AJOUT`, `MODIF`, `SUPPR`, `ANNUL`, `VALID`) VALUES ('DEVEL', 'rap_rst','1','1','1','1','1','1');
INSERT INTO `profil_menu` (`IDPROFIL`, `IDMENU`, `VISIBLE`, `AJOUT`, `MODIF`, `SUPPR`, `ANNUL`, `VALID`) VALUES ('DEVEL', 'rap_sin','1','1','1','1','1','1');
INSERT INTO `profil_menu` (`IDPROFIL`, `IDMENU`, `VISIBLE`, `AJOUT`, `MODIF`, `SUPPR`, `ANNUL`, `VALID`) VALUES ('DEVEL', 'rap_sssm','1','1','1','1','1','1');
INSERT INTO `profil_menu` (`IDPROFIL`, `IDMENU`, `VISIBLE`, `AJOUT`, `MODIF`, `SUPPR`, `ANNUL`, `VALID`) VALUES ('DEVEL', 'rap_sta','1','1','1','1','1','1');
INSERT INTO `profil_menu` (`IDPROFIL`, `IDMENU`, `VISIBLE`, `AJOUT`, `MODIF`, `SUPPR`, `ANNUL`, `VALID`) VALUES ('DEVEL', 'rap_tri','1','1','1','1','1','1');
INSERT INTO `profil_menu` (`IDPROFIL`, `IDMENU`, `VISIBLE`, `AJOUT`, `MODIF`, `SUPPR`, `ANNUL`, `VALID`) VALUES ('DEVEL', 'Re01','1','1','1','1','1','1');
INSERT INTO `profil_menu` (`IDPROFIL`, `IDMENU`, `VISIBLE`, `AJOUT`, `MODIF`, `SUPPR`, `ANNUL`, `VALID`) VALUES ('GEST', 'aid','1','1','1','1','0','1');
INSERT INTO `profil_menu` (`IDPROFIL`, `IDMENU`, `VISIBLE`, `AJOUT`, `MODIF`, `SUPPR`, `ANNUL`, `VALID`) VALUES ('GEST', 'bde','1','1','1','1','0','1');
INSERT INTO `profil_menu` (`IDPROFIL`, `IDMENU`, `VISIBLE`, `AJOUT`, `MODIF`, `SUPPR`, `ANNUL`, `VALID`) VALUES ('GEST', 'bde_ali','1','1','1','1','1','1');
INSERT INTO `profil_menu` (`IDPROFIL`, `IDMENU`, `VISIBLE`, `AJOUT`, `MODIF`, `SUPPR`, `ANNUL`, `VALID`) VALUES ('GEST', 'bde_cde','1','1','1','1','0','1');
INSERT INTO `profil_menu` (`IDPROFIL`, `IDMENU`, `VISIBLE`, `AJOUT`, `MODIF`, `SUPPR`, `ANNUL`, `VALID`) VALUES ('GEST', 'bde_liv','1','1','1','1','0','1');
INSERT INTO `profil_menu` (`IDPROFIL`, `IDMENU`, `VISIBLE`, `AJOUT`, `MODIF`, `SUPPR`, `ANNUL`, `VALID`) VALUES ('GEST', 'bds','1','1','1','1','0','1');
INSERT INTO `profil_menu` (`IDPROFIL`, `IDMENU`, `VISIBLE`, `AJOUT`, `MODIF`, `SUPPR`, `ANNUL`, `VALID`) VALUES ('GEST', 'bds_bds','0','0','0','0','0','0');
INSERT INTO `profil_menu` (`IDPROFIL`, `IDMENU`, `VISIBLE`, `AJOUT`, `MODIF`, `SUPPR`, `ANNUL`, `VALID`) VALUES ('GEST', 'bds_dec','1','1','1','1','0','1');
INSERT INTO `profil_menu` (`IDPROFIL`, `IDMENU`, `VISIBLE`, `AJOUT`, `MODIF`, `SUPPR`, `ANNUL`, `VALID`) VALUES ('GEST', 'bds_rep','1','1','1','1','0','1');
INSERT INTO `profil_menu` (`IDPROFIL`, `IDMENU`, `VISIBLE`, `AJOUT`, `MODIF`, `SUPPR`, `ANNUL`, `VALID`) VALUES ('GEST', 'bds_trf','0','0','0','0','0','0');
INSERT INTO `profil_menu` (`IDPROFIL`, `IDMENU`, `VISIBLE`, `AJOUT`, `MODIF`, `SUPPR`, `ANNUL`, `VALID`) VALUES ('GEST', 'bes','1','1','1','1','1','1');
INSERT INTO `profil_menu` (`IDPROFIL`, `IDMENU`, `VISIBLE`, `AJOUT`, `MODIF`, `SUPPR`, `ANNUL`, `VALID`) VALUES ('GEST', 'bes_bes','1','1','1','1','1','1');
INSERT INTO `profil_menu` (`IDPROFIL`, `IDMENU`, `VISIBLE`, `AJOUT`, `MODIF`, `SUPPR`, `ANNUL`, `VALID`) VALUES ('GEST', 'data','0','0','0','0','0','0');
INSERT INTO `profil_menu` (`IDPROFIL`, `IDMENU`, `VISIBLE`, `AJOUT`, `MODIF`, `SUPPR`, `ANNUL`, `VALID`) VALUES ('GEST', 'data_exp','0','0','0','0','0','0');
INSERT INTO `profil_menu` (`IDPROFIL`, `IDMENU`, `VISIBLE`, `AJOUT`, `MODIF`, `SUPPR`, `ANNUL`, `VALID`) VALUES ('GEST', 'data_imp','0','0','0','0','0','0');
INSERT INTO `profil_menu` (`IDPROFIL`, `IDMENU`, `VISIBLE`, `AJOUT`, `MODIF`, `SUPPR`, `ANNUL`, `VALID`) VALUES ('GEST', 'data_vid','0','0','0','0','0','0');
INSERT INTO `profil_menu` (`IDPROFIL`, `IDMENU`, `VISIBLE`, `AJOUT`, `MODIF`, `SUPPR`, `ANNUL`, `VALID`) VALUES ('GEST', 'int','1','1','1','1','0','1');
INSERT INTO `profil_menu` (`IDPROFIL`, `IDMENU`, `VISIBLE`, `AJOUT`, `MODIF`, `SUPPR`, `ANNUL`, `VALID`) VALUES ('GEST', 'int_int','1','1','1','1','0','1');
INSERT INTO `profil_menu` (`IDPROFIL`, `IDMENU`, `VISIBLE`, `AJOUT`, `MODIF`, `SUPPR`, `ANNUL`, `VALID`) VALUES ('GEST', 'int_jou','1','1','1','1','0','1');
INSERT INTO `profil_menu` (`IDPROFIL`, `IDMENU`, `VISIBLE`, `AJOUT`, `MODIF`, `SUPPR`, `ANNUL`, `VALID`) VALUES ('GEST', 'int_pcd','0','0','0','0','0','0');
INSERT INTO `profil_menu` (`IDPROFIL`, `IDMENU`, `VISIBLE`, `AJOUT`, `MODIF`, `SUPPR`, `ANNUL`, `VALID`) VALUES ('GEST', 'int_sme','1','1','1','1','1','1');
INSERT INTO `profil_menu` (`IDPROFIL`, `IDMENU`, `VISIBLE`, `AJOUT`, `MODIF`, `SUPPR`, `ANNUL`, `VALID`) VALUES ('GEST', 'int_stl','0','0','0','0','0','0');
INSERT INTO `profil_menu` (`IDPROFIL`, `IDMENU`, `VISIBLE`, `AJOUT`, `MODIF`, `SUPPR`, `ANNUL`, `VALID`) VALUES ('GEST', 'int_sto','1','1','1','1','0','1');
INSERT INTO `profil_menu` (`IDPROFIL`, `IDMENU`, `VISIBLE`, `AJOUT`, `MODIF`, `SUPPR`, `ANNUL`, `VALID`) VALUES ('GEST', 'par','1','1','1','1','0','1');
INSERT INTO `profil_menu` (`IDPROFIL`, `IDMENU`, `VISIBLE`, `AJOUT`, `MODIF`, `SUPPR`, `ANNUL`, `VALID`) VALUES ('GEST', 'par_aff','1','1','1','1','0','1');
INSERT INTO `profil_menu` (`IDPROFIL`, `IDMENU`, `VISIBLE`, `AJOUT`, `MODIF`, `SUPPR`, `ANNUL`, `VALID`) VALUES ('GEST', 'par_ben','1','1','1','1','1','1');
INSERT INTO `profil_menu` (`IDPROFIL`, `IDMENU`, `VISIBLE`, `AJOUT`, `MODIF`, `SUPPR`, `ANNUL`, `VALID`) VALUES ('GEST', 'par_bud','1','1','1','1','0','1');
INSERT INTO `profil_menu` (`IDPROFIL`, `IDMENU`, `VISIBLE`, `AJOUT`, `MODIF`, `SUPPR`, `ANNUL`, `VALID`) VALUES ('GEST', 'par_cat','1','1','1','1','0','1');
INSERT INTO `profil_menu` (`IDPROFIL`, `IDMENU`, `VISIBLE`, `AJOUT`, `MODIF`, `SUPPR`, `ANNUL`, `VALID`) VALUES ('GEST', 'par_cdt','1','1','1','1','1','1');
INSERT INTO `profil_menu` (`IDPROFIL`, `IDMENU`, `VISIBLE`, `AJOUT`, `MODIF`, `SUPPR`, `ANNUL`, `VALID`) VALUES ('GEST', 'par_con','1','1','1','1','1','1');
INSERT INTO `profil_menu` (`IDPROFIL`, `IDMENU`, `VISIBLE`, `AJOUT`, `MODIF`, `SUPPR`, `ANNUL`, `VALID`) VALUES ('GEST', 'par_ctr','1','1','1','1','1','1');
INSERT INTO `profil_menu` (`IDPROFIL`, `IDMENU`, `VISIBLE`, `AJOUT`, `MODIF`, `SUPPR`, `ANNUL`, `VALID`) VALUES ('GEST', 'par_dot','1','1','1','1','1','1');
INSERT INTO `profil_menu` (`IDPROFIL`, `IDMENU`, `VISIBLE`, `AJOUT`, `MODIF`, `SUPPR`, `ANNUL`, `VALID`) VALUES ('GEST', 'par_exe','1','1','1','1','1','1');
INSERT INTO `profil_menu` (`IDPROFIL`, `IDMENU`, `VISIBLE`, `AJOUT`, `MODIF`, `SUPPR`, `ANNUL`, `VALID`) VALUES ('GEST', 'par_fou','1','1','1','1','0','1');
INSERT INTO `profil_menu` (`IDPROFIL`, `IDMENU`, `VISIBLE`, `AJOUT`, `MODIF`, `SUPPR`, `ANNUL`, `VALID`) VALUES ('GEST', 'par_gen','1','1','1','1','0','1');
INSERT INTO `profil_menu` (`IDPROFIL`, `IDMENU`, `VISIBLE`, `AJOUT`, `MODIF`, `SUPPR`, `ANNUL`, `VALID`) VALUES ('GEST', 'par_grp','0','0','0','0','0','0');
INSERT INTO `profil_menu` (`IDPROFIL`, `IDMENU`, `VISIBLE`, `AJOUT`, `MODIF`, `SUPPR`, `ANNUL`, `VALID`) VALUES ('GEST', 'par_log','0','0','0','0','0','0');
INSERT INTO `profil_menu` (`IDPROFIL`, `IDMENU`, `VISIBLE`, `AJOUT`, `MODIF`, `SUPPR`, `ANNUL`, `VALID`) VALUES ('GEST', 'par_mag','0','0','0','0','0','0');
INSERT INTO `profil_menu` (`IDPROFIL`, `IDMENU`, `VISIBLE`, `AJOUT`, `MODIF`, `SUPPR`, `ANNUL`, `VALID`) VALUES ('GEST', 'par_men','0','0','0','0','0','0');
INSERT INTO `profil_menu` (`IDPROFIL`, `IDMENU`, `VISIBLE`, `AJOUT`, `MODIF`, `SUPPR`, `ANNUL`, `VALID`) VALUES ('GEST', 'par_ndcl','0','0','0','0','0','0');
INSERT INTO `profil_menu` (`IDPROFIL`, `IDMENU`, `VISIBLE`, `AJOUT`, `MODIF`, `SUPPR`, `ANNUL`, `VALID`) VALUES ('GEST', 'par_per','0','0','0','0','0','0');
INSERT INTO `profil_menu` (`IDPROFIL`, `IDMENU`, `VISIBLE`, `AJOUT`, `MODIF`, `SUPPR`, `ANNUL`, `VALID`) VALUES ('GEST', 'par_prd','0','0','0','0','0','0');
INSERT INTO `profil_menu` (`IDPROFIL`, `IDMENU`, `VISIBLE`, `AJOUT`, `MODIF`, `SUPPR`, `ANNUL`, `VALID`) VALUES ('GEST', 'par_prv','0','0','0','0','0','0');
INSERT INTO `profil_menu` (`IDPROFIL`, `IDMENU`, `VISIBLE`, `AJOUT`, `MODIF`, `SUPPR`, `ANNUL`, `VALID`) VALUES ('GEST', 'par_reg','0','0','0','0','0','0');
INSERT INTO `profil_menu` (`IDPROFIL`, `IDMENU`, `VISIBLE`, `AJOUT`, `MODIF`, `SUPPR`, `ANNUL`, `VALID`) VALUES ('GEST', 'par_sau','1','1','1','1','1','1');
INSERT INTO `profil_menu` (`IDPROFIL`, `IDMENU`, `VISIBLE`, `AJOUT`, `MODIF`, `SUPPR`, `ANNUL`, `VALID`) VALUES ('GEST', 'par_sscat','0','0','0','0','0','0');
INSERT INTO `profil_menu` (`IDPROFIL`, `IDMENU`, `VISIBLE`, `AJOUT`, `MODIF`, `SUPPR`, `ANNUL`, `VALID`) VALUES ('GEST', 'par_ssg','0','0','0','0','0','0');
INSERT INTO `profil_menu` (`IDPROFIL`, `IDMENU`, `VISIBLE`, `AJOUT`, `MODIF`, `SUPPR`, `ANNUL`, `VALID`) VALUES ('GEST', 'par_tbe','1','1','1','1','1','1');
INSERT INTO `profil_menu` (`IDPROFIL`, `IDMENU`, `VISIBLE`, `AJOUT`, `MODIF`, `SUPPR`, `ANNUL`, `VALID`) VALUES ('GEST', 'par_tfr','0','0','0','0','0','0');
INSERT INTO `profil_menu` (`IDPROFIL`, `IDMENU`, `VISIBLE`, `AJOUT`, `MODIF`, `SUPPR`, `ANNUL`, `VALID`) VALUES ('GEST', 'par_tse','0','0','0','0','0','0');
INSERT INTO `profil_menu` (`IDPROFIL`, `IDMENU`, `VISIBLE`, `AJOUT`, `MODIF`, `SUPPR`, `ANNUL`, `VALID`) VALUES ('GEST', 'par_uni','0','0','0','0','0','0');
INSERT INTO `profil_menu` (`IDPROFIL`, `IDMENU`, `VISIBLE`, `AJOUT`, `MODIF`, `SUPPR`, `ANNUL`, `VALID`) VALUES ('GEST', 'par_uti','0','0','0','0','0','0');
INSERT INTO `profil_menu` (`IDPROFIL`, `IDMENU`, `VISIBLE`, `AJOUT`, `MODIF`, `SUPPR`, `ANNUL`, `VALID`) VALUES ('GEST', 'par_vid','1','1','1','1','1','1');
INSERT INTO `profil_menu` (`IDPROFIL`, `IDMENU`, `VISIBLE`, `AJOUT`, `MODIF`, `SUPPR`, `ANNUL`, `VALID`) VALUES ('GEST', 'rap','0','0','0','0','0','0');
INSERT INTO `profil_menu` (`IDPROFIL`, `IDMENU`, `VISIBLE`, `AJOUT`, `MODIF`, `SUPPR`, `ANNUL`, `VALID`) VALUES ('GEST', 'rap_cons','0','0','0','0','0','0');
INSERT INTO `profil_menu` (`IDPROFIL`, `IDMENU`, `VISIBLE`, `AJOUT`, `MODIF`, `SUPPR`, `ANNUL`, `VALID`) VALUES ('GEST', 'rap_dec','0','0','0','0','0','0');
INSERT INTO `profil_menu` (`IDPROFIL`, `IDMENU`, `VISIBLE`, `AJOUT`, `MODIF`, `SUPPR`, `ANNUL`, `VALID`) VALUES ('GEST', 'rap_din','0','0','0','0','0','0');
INSERT INTO `profil_menu` (`IDPROFIL`, `IDMENU`, `VISIBLE`, `AJOUT`, `MODIF`, `SUPPR`, `ANNUL`, `VALID`) VALUES ('GEST', 'rap_fprd','0','0','0','0','0','0');
INSERT INTO `profil_menu` (`IDPROFIL`, `IDMENU`, `VISIBLE`, `AJOUT`, `MODIF`, `SUPPR`, `ANNUL`, `VALID`) VALUES ('GEST', 'rap_mde','0','0','0','0','0','0');
INSERT INTO `profil_menu` (`IDPROFIL`, `IDMENU`, `VISIBLE`, `AJOUT`, `MODIF`, `SUPPR`, `ANNUL`, `VALID`) VALUES ('GEST', 'rap_men','0','0','0','0','0','0');
INSERT INTO `profil_menu` (`IDPROFIL`, `IDMENU`, `VISIBLE`, `AJOUT`, `MODIF`, `SUPPR`, `ANNUL`, `VALID`) VALUES ('GEST', 'rap_mfr','0','0','0','0','0','0');
INSERT INTO `profil_menu` (`IDPROFIL`, `IDMENU`, `VISIBLE`, `AJOUT`, `MODIF`, `SUPPR`, `ANNUL`, `VALID`) VALUES ('GEST', 'rap_mst','0','0','0','0','0','0');
INSERT INTO `profil_menu` (`IDPROFIL`, `IDMENU`, `VISIBLE`, `AJOUT`, `MODIF`, `SUPPR`, `ANNUL`, `VALID`) VALUES ('GEST', 'rap_pac','0','0','0','0','0','0');
INSERT INTO `profil_menu` (`IDPROFIL`, `IDMENU`, `VISIBLE`, `AJOUT`, `MODIF`, `SUPPR`, `ANNUL`, `VALID`) VALUES ('GEST', 'rap_ppe','0','0','0','0','0','0');
INSERT INTO `profil_menu` (`IDPROFIL`, `IDMENU`, `VISIBLE`, `AJOUT`, `MODIF`, `SUPPR`, `ANNUL`, `VALID`) VALUES ('GEST', 'rap_prdp','0','0','0','0','0','0');
INSERT INTO `profil_menu` (`IDPROFIL`, `IDMENU`, `VISIBLE`, `AJOUT`, `MODIF`, `SUPPR`, `ANNUL`, `VALID`) VALUES ('GEST', 'rap_rds','0','0','0','0','0','0');
INSERT INTO `profil_menu` (`IDPROFIL`, `IDMENU`, `VISIBLE`, `AJOUT`, `MODIF`, `SUPPR`, `ANNUL`, `VALID`) VALUES ('GEST', 'rap_rst','0','0','0','0','0','0');
INSERT INTO `profil_menu` (`IDPROFIL`, `IDMENU`, `VISIBLE`, `AJOUT`, `MODIF`, `SUPPR`, `ANNUL`, `VALID`) VALUES ('GEST', 'rap_sin','0','0','0','0','0','0');
INSERT INTO `profil_menu` (`IDPROFIL`, `IDMENU`, `VISIBLE`, `AJOUT`, `MODIF`, `SUPPR`, `ANNUL`, `VALID`) VALUES ('GEST', 'rap_sssm','0','0','0','0','0','0');
INSERT INTO `profil_menu` (`IDPROFIL`, `IDMENU`, `VISIBLE`, `AJOUT`, `MODIF`, `SUPPR`, `ANNUL`, `VALID`) VALUES ('GEST', 'rap_sta','0','0','0','0','0','0');
INSERT INTO `profil_menu` (`IDPROFIL`, `IDMENU`, `VISIBLE`, `AJOUT`, `MODIF`, `SUPPR`, `ANNUL`, `VALID`) VALUES ('GEST', 'rap_tri','0','0','0','0','0','0');
INSERT INTO `profil_menu` (`IDPROFIL`, `IDMENU`, `VISIBLE`, `AJOUT`, `MODIF`, `SUPPR`, `ANNUL`, `VALID`) VALUES ('GEST', 'Re01','1','1','1','1','1','1');
INSERT INTO `profil_menu` (`IDPROFIL`, `IDMENU`, `VISIBLE`, `AJOUT`, `MODIF`, `SUPPR`, `ANNUL`, `VALID`) VALUES ('MAG', 'aid','1','0','0','0','0','0');
INSERT INTO `profil_menu` (`IDPROFIL`, `IDMENU`, `VISIBLE`, `AJOUT`, `MODIF`, `SUPPR`, `ANNUL`, `VALID`) VALUES ('MAG', 'bde','1','1','1','1','1','1');
INSERT INTO `profil_menu` (`IDPROFIL`, `IDMENU`, `VISIBLE`, `AJOUT`, `MODIF`, `SUPPR`, `ANNUL`, `VALID`) VALUES ('MAG', 'bde_ali','1','1','1','1','0','0');
INSERT INTO `profil_menu` (`IDPROFIL`, `IDMENU`, `VISIBLE`, `AJOUT`, `MODIF`, `SUPPR`, `ANNUL`, `VALID`) VALUES ('MAG', 'bde_cde','1','1','1','0','0','0');
INSERT INTO `profil_menu` (`IDPROFIL`, `IDMENU`, `VISIBLE`, `AJOUT`, `MODIF`, `SUPPR`, `ANNUL`, `VALID`) VALUES ('MAG', 'bde_liv','0','0','0','0','0','0');
INSERT INTO `profil_menu` (`IDPROFIL`, `IDMENU`, `VISIBLE`, `AJOUT`, `MODIF`, `SUPPR`, `ANNUL`, `VALID`) VALUES ('MAG', 'bds','1','1','1','1','0','0');
INSERT INTO `profil_menu` (`IDPROFIL`, `IDMENU`, `VISIBLE`, `AJOUT`, `MODIF`, `SUPPR`, `ANNUL`, `VALID`) VALUES ('MAG', 'bds_bds','0','0','0','0','0','0');
INSERT INTO `profil_menu` (`IDPROFIL`, `IDMENU`, `VISIBLE`, `AJOUT`, `MODIF`, `SUPPR`, `ANNUL`, `VALID`) VALUES ('MAG', 'bds_dec','0','0','0','0','0','0');
INSERT INTO `profil_menu` (`IDPROFIL`, `IDMENU`, `VISIBLE`, `AJOUT`, `MODIF`, `SUPPR`, `ANNUL`, `VALID`) VALUES ('MAG', 'bds_rep','0','0','0','0','0','0');
INSERT INTO `profil_menu` (`IDPROFIL`, `IDMENU`, `VISIBLE`, `AJOUT`, `MODIF`, `SUPPR`, `ANNUL`, `VALID`) VALUES ('MAG', 'bds_trf','0','0','0','0','0','0');
INSERT INTO `profil_menu` (`IDPROFIL`, `IDMENU`, `VISIBLE`, `AJOUT`, `MODIF`, `SUPPR`, `ANNUL`, `VALID`) VALUES ('MAG', 'bes','0','0','0','0','0','0');
INSERT INTO `profil_menu` (`IDPROFIL`, `IDMENU`, `VISIBLE`, `AJOUT`, `MODIF`, `SUPPR`, `ANNUL`, `VALID`) VALUES ('MAG', 'bes_bes','0','0','0','0','0','0');
INSERT INTO `profil_menu` (`IDPROFIL`, `IDMENU`, `VISIBLE`, `AJOUT`, `MODIF`, `SUPPR`, `ANNUL`, `VALID`) VALUES ('MAG', 'data','0','0','0','0','0','0');
INSERT INTO `profil_menu` (`IDPROFIL`, `IDMENU`, `VISIBLE`, `AJOUT`, `MODIF`, `SUPPR`, `ANNUL`, `VALID`) VALUES ('MAG', 'data_exp','0','0','0','0','0','0');
INSERT INTO `profil_menu` (`IDPROFIL`, `IDMENU`, `VISIBLE`, `AJOUT`, `MODIF`, `SUPPR`, `ANNUL`, `VALID`) VALUES ('MAG', 'data_imp','0','0','0','0','0','0');
INSERT INTO `profil_menu` (`IDPROFIL`, `IDMENU`, `VISIBLE`, `AJOUT`, `MODIF`, `SUPPR`, `ANNUL`, `VALID`) VALUES ('MAG', 'data_vid','0','0','0','0','0','0');
INSERT INTO `profil_menu` (`IDPROFIL`, `IDMENU`, `VISIBLE`, `AJOUT`, `MODIF`, `SUPPR`, `ANNUL`, `VALID`) VALUES ('MAG', 'int','0','0','0','0','0','0');
INSERT INTO `profil_menu` (`IDPROFIL`, `IDMENU`, `VISIBLE`, `AJOUT`, `MODIF`, `SUPPR`, `ANNUL`, `VALID`) VALUES ('MAG', 'int_int','0','0','0','0','0','0');
INSERT INTO `profil_menu` (`IDPROFIL`, `IDMENU`, `VISIBLE`, `AJOUT`, `MODIF`, `SUPPR`, `ANNUL`, `VALID`) VALUES ('MAG', 'int_jou','0','0','0','0','0','0');
INSERT INTO `profil_menu` (`IDPROFIL`, `IDMENU`, `VISIBLE`, `AJOUT`, `MODIF`, `SUPPR`, `ANNUL`, `VALID`) VALUES ('MAG', 'int_pcd','0','0','0','0','0','0');
INSERT INTO `profil_menu` (`IDPROFIL`, `IDMENU`, `VISIBLE`, `AJOUT`, `MODIF`, `SUPPR`, `ANNUL`, `VALID`) VALUES ('MAG', 'int_sme','0','0','0','0','0','0');
INSERT INTO `profil_menu` (`IDPROFIL`, `IDMENU`, `VISIBLE`, `AJOUT`, `MODIF`, `SUPPR`, `ANNUL`, `VALID`) VALUES ('MAG', 'int_stl','0','0','0','0','0','0');
INSERT INTO `profil_menu` (`IDPROFIL`, `IDMENU`, `VISIBLE`, `AJOUT`, `MODIF`, `SUPPR`, `ANNUL`, `VALID`) VALUES ('MAG', 'int_sto','0','0','0','0','0','0');
INSERT INTO `profil_menu` (`IDPROFIL`, `IDMENU`, `VISIBLE`, `AJOUT`, `MODIF`, `SUPPR`, `ANNUL`, `VALID`) VALUES ('MAG', 'par','0','0','0','0','0','0');
INSERT INTO `profil_menu` (`IDPROFIL`, `IDMENU`, `VISIBLE`, `AJOUT`, `MODIF`, `SUPPR`, `ANNUL`, `VALID`) VALUES ('MAG', 'par_aff','0','0','0','0','0','0');
INSERT INTO `profil_menu` (`IDPROFIL`, `IDMENU`, `VISIBLE`, `AJOUT`, `MODIF`, `SUPPR`, `ANNUL`, `VALID`) VALUES ('MAG', 'par_ben','0','0','0','0','0','0');
INSERT INTO `profil_menu` (`IDPROFIL`, `IDMENU`, `VISIBLE`, `AJOUT`, `MODIF`, `SUPPR`, `ANNUL`, `VALID`) VALUES ('MAG', 'par_bud','0','0','0','0','0','0');
INSERT INTO `profil_menu` (`IDPROFIL`, `IDMENU`, `VISIBLE`, `AJOUT`, `MODIF`, `SUPPR`, `ANNUL`, `VALID`) VALUES ('MAG', 'par_cat','0','0','0','0','0','0');
INSERT INTO `profil_menu` (`IDPROFIL`, `IDMENU`, `VISIBLE`, `AJOUT`, `MODIF`, `SUPPR`, `ANNUL`, `VALID`) VALUES ('MAG', 'par_cdt','0','0','0','0','0','0');
INSERT INTO `profil_menu` (`IDPROFIL`, `IDMENU`, `VISIBLE`, `AJOUT`, `MODIF`, `SUPPR`, `ANNUL`, `VALID`) VALUES ('MAG', 'par_con','0','0','0','0','0','0');
INSERT INTO `profil_menu` (`IDPROFIL`, `IDMENU`, `VISIBLE`, `AJOUT`, `MODIF`, `SUPPR`, `ANNUL`, `VALID`) VALUES ('MAG', 'par_ctr','0','0','0','0','0','0');
INSERT INTO `profil_menu` (`IDPROFIL`, `IDMENU`, `VISIBLE`, `AJOUT`, `MODIF`, `SUPPR`, `ANNUL`, `VALID`) VALUES ('MAG', 'par_dot','0','0','0','0','0','0');
INSERT INTO `profil_menu` (`IDPROFIL`, `IDMENU`, `VISIBLE`, `AJOUT`, `MODIF`, `SUPPR`, `ANNUL`, `VALID`) VALUES ('MAG', 'par_exe','0','0','0','0','0','0');
INSERT INTO `profil_menu` (`IDPROFIL`, `IDMENU`, `VISIBLE`, `AJOUT`, `MODIF`, `SUPPR`, `ANNUL`, `VALID`) VALUES ('MAG', 'par_fou','0','0','0','0','0','0');
INSERT INTO `profil_menu` (`IDPROFIL`, `IDMENU`, `VISIBLE`, `AJOUT`, `MODIF`, `SUPPR`, `ANNUL`, `VALID`) VALUES ('MAG', 'par_gen','0','0','0','0','0','0');
INSERT INTO `profil_menu` (`IDPROFIL`, `IDMENU`, `VISIBLE`, `AJOUT`, `MODIF`, `SUPPR`, `ANNUL`, `VALID`) VALUES ('MAG', 'par_grp','0','0','0','0','0','0');
INSERT INTO `profil_menu` (`IDPROFIL`, `IDMENU`, `VISIBLE`, `AJOUT`, `MODIF`, `SUPPR`, `ANNUL`, `VALID`) VALUES ('MAG', 'par_log','0','0','0','0','0','0');
INSERT INTO `profil_menu` (`IDPROFIL`, `IDMENU`, `VISIBLE`, `AJOUT`, `MODIF`, `SUPPR`, `ANNUL`, `VALID`) VALUES ('MAG', 'par_mag','0','0','0','0','0','0');
INSERT INTO `profil_menu` (`IDPROFIL`, `IDMENU`, `VISIBLE`, `AJOUT`, `MODIF`, `SUPPR`, `ANNUL`, `VALID`) VALUES ('MAG', 'par_men','0','0','0','0','0','0');
INSERT INTO `profil_menu` (`IDPROFIL`, `IDMENU`, `VISIBLE`, `AJOUT`, `MODIF`, `SUPPR`, `ANNUL`, `VALID`) VALUES ('MAG', 'par_ndcl','0','0','0','0','0','0');
INSERT INTO `profil_menu` (`IDPROFIL`, `IDMENU`, `VISIBLE`, `AJOUT`, `MODIF`, `SUPPR`, `ANNUL`, `VALID`) VALUES ('MAG', 'par_per','0','0','0','0','0','0');
INSERT INTO `profil_menu` (`IDPROFIL`, `IDMENU`, `VISIBLE`, `AJOUT`, `MODIF`, `SUPPR`, `ANNUL`, `VALID`) VALUES ('MAG', 'par_prd','0','0','0','0','0','0');
INSERT INTO `profil_menu` (`IDPROFIL`, `IDMENU`, `VISIBLE`, `AJOUT`, `MODIF`, `SUPPR`, `ANNUL`, `VALID`) VALUES ('MAG', 'par_prv','0','0','0','0','0','0');
INSERT INTO `profil_menu` (`IDPROFIL`, `IDMENU`, `VISIBLE`, `AJOUT`, `MODIF`, `SUPPR`, `ANNUL`, `VALID`) VALUES ('MAG', 'par_reg','0','0','0','0','0','0');
INSERT INTO `profil_menu` (`IDPROFIL`, `IDMENU`, `VISIBLE`, `AJOUT`, `MODIF`, `SUPPR`, `ANNUL`, `VALID`) VALUES ('MAG', 'par_sau','0','0','0','0','0','0');
INSERT INTO `profil_menu` (`IDPROFIL`, `IDMENU`, `VISIBLE`, `AJOUT`, `MODIF`, `SUPPR`, `ANNUL`, `VALID`) VALUES ('MAG', 'par_sscat','0','0','0','0','0','0');
INSERT INTO `profil_menu` (`IDPROFIL`, `IDMENU`, `VISIBLE`, `AJOUT`, `MODIF`, `SUPPR`, `ANNUL`, `VALID`) VALUES ('MAG', 'par_ssg','0','0','0','0','0','0');
INSERT INTO `profil_menu` (`IDPROFIL`, `IDMENU`, `VISIBLE`, `AJOUT`, `MODIF`, `SUPPR`, `ANNUL`, `VALID`) VALUES ('MAG', 'par_tbe','0','0','0','0','0','0');
INSERT INTO `profil_menu` (`IDPROFIL`, `IDMENU`, `VISIBLE`, `AJOUT`, `MODIF`, `SUPPR`, `ANNUL`, `VALID`) VALUES ('MAG', 'par_tfr','0','0','0','0','0','0');
INSERT INTO `profil_menu` (`IDPROFIL`, `IDMENU`, `VISIBLE`, `AJOUT`, `MODIF`, `SUPPR`, `ANNUL`, `VALID`) VALUES ('MAG', 'par_tse','0','0','0','0','0','0');
INSERT INTO `profil_menu` (`IDPROFIL`, `IDMENU`, `VISIBLE`, `AJOUT`, `MODIF`, `SUPPR`, `ANNUL`, `VALID`) VALUES ('MAG', 'par_uni','0','0','0','0','0','0');
INSERT INTO `profil_menu` (`IDPROFIL`, `IDMENU`, `VISIBLE`, `AJOUT`, `MODIF`, `SUPPR`, `ANNUL`, `VALID`) VALUES ('MAG', 'par_uti','0','0','0','0','0','0');
INSERT INTO `profil_menu` (`IDPROFIL`, `IDMENU`, `VISIBLE`, `AJOUT`, `MODIF`, `SUPPR`, `ANNUL`, `VALID`) VALUES ('MAG', 'par_vid','0','0','0','0','0','0');
INSERT INTO `profil_menu` (`IDPROFIL`, `IDMENU`, `VISIBLE`, `AJOUT`, `MODIF`, `SUPPR`, `ANNUL`, `VALID`) VALUES ('MAG', 'rap','0','0','0','0','0','0');
INSERT INTO `profil_menu` (`IDPROFIL`, `IDMENU`, `VISIBLE`, `AJOUT`, `MODIF`, `SUPPR`, `ANNUL`, `VALID`) VALUES ('MAG', 'rap_cons','0','0','0','0','0','0');
INSERT INTO `profil_menu` (`IDPROFIL`, `IDMENU`, `VISIBLE`, `AJOUT`, `MODIF`, `SUPPR`, `ANNUL`, `VALID`) VALUES ('MAG', 'rap_dec','0','0','0','0','0','0');
INSERT INTO `profil_menu` (`IDPROFIL`, `IDMENU`, `VISIBLE`, `AJOUT`, `MODIF`, `SUPPR`, `ANNUL`, `VALID`) VALUES ('MAG', 'rap_din','0','0','0','0','0','0');
INSERT INTO `profil_menu` (`IDPROFIL`, `IDMENU`, `VISIBLE`, `AJOUT`, `MODIF`, `SUPPR`, `ANNUL`, `VALID`) VALUES ('MAG', 'rap_fprd','0','0','0','0','0','0');
INSERT INTO `profil_menu` (`IDPROFIL`, `IDMENU`, `VISIBLE`, `AJOUT`, `MODIF`, `SUPPR`, `ANNUL`, `VALID`) VALUES ('MAG', 'rap_mde','0','0','0','0','0','0');
INSERT INTO `profil_menu` (`IDPROFIL`, `IDMENU`, `VISIBLE`, `AJOUT`, `MODIF`, `SUPPR`, `ANNUL`, `VALID`) VALUES ('MAG', 'rap_men','0','0','0','0','0','0');
INSERT INTO `profil_menu` (`IDPROFIL`, `IDMENU`, `VISIBLE`, `AJOUT`, `MODIF`, `SUPPR`, `ANNUL`, `VALID`) VALUES ('MAG', 'rap_mfr','0','0','0','0','0','0');
INSERT INTO `profil_menu` (`IDPROFIL`, `IDMENU`, `VISIBLE`, `AJOUT`, `MODIF`, `SUPPR`, `ANNUL`, `VALID`) VALUES ('MAG', 'rap_mst','0','0','0','0','0','0');
INSERT INTO `profil_menu` (`IDPROFIL`, `IDMENU`, `VISIBLE`, `AJOUT`, `MODIF`, `SUPPR`, `ANNUL`, `VALID`) VALUES ('MAG', 'rap_pac','0','0','0','0','0','0');
INSERT INTO `profil_menu` (`IDPROFIL`, `IDMENU`, `VISIBLE`, `AJOUT`, `MODIF`, `SUPPR`, `ANNUL`, `VALID`) VALUES ('MAG', 'rap_ppe','0','0','0','0','0','0');
INSERT INTO `profil_menu` (`IDPROFIL`, `IDMENU`, `VISIBLE`, `AJOUT`, `MODIF`, `SUPPR`, `ANNUL`, `VALID`) VALUES ('MAG', 'rap_prdp','0','0','0','0','0','0');
INSERT INTO `profil_menu` (`IDPROFIL`, `IDMENU`, `VISIBLE`, `AJOUT`, `MODIF`, `SUPPR`, `ANNUL`, `VALID`) VALUES ('MAG', 'rap_rds','0','0','0','0','0','0');
INSERT INTO `profil_menu` (`IDPROFIL`, `IDMENU`, `VISIBLE`, `AJOUT`, `MODIF`, `SUPPR`, `ANNUL`, `VALID`) VALUES ('MAG', 'rap_rst','0','0','0','0','0','0');
INSERT INTO `profil_menu` (`IDPROFIL`, `IDMENU`, `VISIBLE`, `AJOUT`, `MODIF`, `SUPPR`, `ANNUL`, `VALID`) VALUES ('MAG', 'rap_sin','0','0','0','0','0','0');
INSERT INTO `profil_menu` (`IDPROFIL`, `IDMENU`, `VISIBLE`, `AJOUT`, `MODIF`, `SUPPR`, `ANNUL`, `VALID`) VALUES ('MAG', 'rap_sssm','0','0','0','0','0','0');
INSERT INTO `profil_menu` (`IDPROFIL`, `IDMENU`, `VISIBLE`, `AJOUT`, `MODIF`, `SUPPR`, `ANNUL`, `VALID`) VALUES ('MAG', 'rap_sta','0','0','0','0','0','0');
INSERT INTO `profil_menu` (`IDPROFIL`, `IDMENU`, `VISIBLE`, `AJOUT`, `MODIF`, `SUPPR`, `ANNUL`, `VALID`) VALUES ('MAG', 'rap_tri','0','0','0','0','0','0');
INSERT INTO `profil_menu` (`IDPROFIL`, `IDMENU`, `VISIBLE`, `AJOUT`, `MODIF`, `SUPPR`, `ANNUL`, `VALID`) VALUES ('MAG', 'Re01','0','0','0','0','0','0');
INSERT INTO `personnel` (`NUM_MLLE`, `CODE_MAGASIN`, `PERS_NOM`, `PERS_PRENOMS`, `PERS_TEL`,`PERS_ADRESSE`, `PERS_EMAIL`, `PERS_FONCTION`) VALUES  ('0345Y','99999','M.', 	'XXXXXX',	'XXXXXX','Ouaga', 'x@yahoo.fr','Développeur de logiciels');
INSERT INTO `personnel` (`NUM_MLLE`, `CODE_MAGASIN`, `PERS_NOM`, `PERS_PRENOMS`, `PERS_TEL`,`PERS_ADRESSE`, `PERS_EMAIL`, `PERS_FONCTION`) VALUES  ('133','7010111','BRAH', 	'XXXXXX',	'98638503','Ouaga', 'brah@yahoo.fr','MAGASINIER');
INSERT INTO `personnel` (`NUM_MLLE`, `CODE_MAGASIN`, `PERS_NOM`, `PERS_PRENOMS`, `PERS_TEL`,`PERS_ADRESSE`, `PERS_EMAIL`, `PERS_FONCTION`) VALUES  ('144','7010111','BRAH', 	'',	'98638503','', 'brah@yahoo.fr','MAGASINIER');
INSERT INTO `personnel` (`NUM_MLLE`, `CODE_MAGASIN`, `PERS_NOM`, `PERS_PRENOMS`, `PERS_TEL`,`PERS_ADRESSE`, `PERS_EMAIL`, `PERS_FONCTION`) VALUES  ('24567','7010425','ISSA', 	'MASSI',	'90785634','MIRRIAH', 'magasincsimirriah@yahoo.fr','MAGASINIER');
INSERT INTO `personnel` (`NUM_MLLE`, `CODE_MAGASIN`, `PERS_NOM`, `PERS_PRENOMS`, `PERS_TEL`,`PERS_ADRESSE`, `PERS_EMAIL`, `PERS_FONCTION`) VALUES  ('78890','7010425','DR ALAIN', 	'PINARD',	'90909000','MIRRIAH', 'mcdmirriah@yahoo.fr','medecin');
INSERT INTO `personnel` (`NUM_MLLE`, `CODE_MAGASIN`, `PERS_NOM`, `PERS_PRENOMS`, `PERS_TEL`,`PERS_ADRESSE`, `PERS_EMAIL`, `PERS_FONCTION`) VALUES  ('78910','7010425','ALI', 	'HABOU',	'90012722','MIRRIAH', 'pointfocalcsimirriah@yahoo.fr','PF');
INSERT INTO `compte` (`LOGIN`, `NUM_MLLE`, `IDPROFIL`, `PWD`, `ACTIVATED`) VALUES ('ALAIN',	'78890','ADMIN','1ac16bdeef5668b806bf5a7790895989','1');
INSERT INTO `compte` (`LOGIN`, `NUM_MLLE`, `IDPROFIL`, `PWD`, `ACTIVATED`) VALUES ('ALI',	'78910','MAG','df5990d13480fba4d93fb9b369d90bc5','1');
INSERT INTO `compte` (`LOGIN`, `NUM_MLLE`, `IDPROFIL`, `PWD`, `ACTIVATED`) VALUES ('BRAH',	'144','MAG','86d3ef8c21d24de464ed75d1ff5ad80c','1');
INSERT INTO `compte` (`LOGIN`, `NUM_MLLE`, `IDPROFIL`, `PWD`, `ACTIVATED`) VALUES ('POINT FOCAL',	'24567','GEST','51165b07974a6915951c830c22f44506','1');
INSERT INTO `compte` (`LOGIN`, `NUM_MLLE`, `IDPROFIL`, `PWD`, `ACTIVATED`) VALUES ('root',	'0345Y','DEVEL','63a9f0ea7bb98050796b649e85481845','1');
INSERT INTO `commande` (`CODE_COMMANDE`, `CODE_FOUR`, `CODE_MAGASIN`, `ID_EXERCICE`, `REF_COMMANDE`,`ID_COMMANDE`, `CDE_LIBELLE`, `CDE_DATE`, `CDE_STATUT`, `CDE_DATEVALID`) VALUES ('1/70107004','70107','70107004','2015','CN°1', '1', 'COMMANDE 3EME TRIMESTRE',	'2015-06-24', '1', '2015-06-24 10:19:21');
INSERT INTO `commande` (`CODE_COMMANDE`, `CODE_FOUR`, `CODE_MAGASIN`, `ID_EXERCICE`, `REF_COMMANDE`,`ID_COMMANDE`, `CDE_LIBELLE`, `CDE_DATE`, `CDE_STATUT`, `CDE_DATEVALID`) VALUES ('2/70107004','70107','70107004','2015','COMMANDE N°1', '2', 'COMMANDE MENSUELLE',	'2015-05-01', '1', '2015-06-24 11:05:05');
INSERT INTO `commande` (`CODE_COMMANDE`, `CODE_FOUR`, `CODE_MAGASIN`, `ID_EXERCICE`, `REF_COMMANDE`,`ID_COMMANDE`, `CDE_LIBELLE`, `CDE_DATE`, `CDE_STATUT`, `CDE_DATEVALID`) VALUES ('3/70107004','70107','70107004','2015','COMMANDE N°2', '3', 'COMMANDE TRIMESTRIELLE',	'2015-05-03', '1', '2015-06-24 12:22:55');
INSERT INTO `commande` (`CODE_COMMANDE`, `CODE_FOUR`, `CODE_MAGASIN`, `ID_EXERCICE`, `REF_COMMANDE`,`ID_COMMANDE`, `CDE_LIBELLE`, `CDE_DATE`, `CDE_STATUT`, `CDE_DATEVALID`) VALUES ('4/70107004','70107','70107004','2015','COMMANDE N°3', '4', 'COMMANDE MENSUELLE',	'2015-05-05', '1', '2015-06-24 13:01:23');
INSERT INTO `commande` (`CODE_COMMANDE`, `CODE_FOUR`, `CODE_MAGASIN`, `ID_EXERCICE`, `REF_COMMANDE`,`ID_COMMANDE`, `CDE_LIBELLE`, `CDE_DATE`, `CDE_STATUT`, `CDE_DATEVALID`) VALUES ('5/70107004','70107','70107004','2015','COMMANDE N°4', '5', 'COMMANDE MENSUELLE',	'2015-05-15', '0', '0000-00-00 00:00:00');
INSERT INTO `prd_cde` (`CODE_COMMANDE`, `CODE_PRODUIT`, `CODE_MAGASIN`, `CDEPRD_QTE`, `CDEPRD_PRIX`,`CDEPRD_UNITE`, `CDEPRD_PA`) VALUES ('1/70107004','27039007','70107004', '456', NULL, 'UT', '0');
INSERT INTO `prd_cde` (`CODE_COMMANDE`, `CODE_PRODUIT`, `CODE_MAGASIN`, `CDEPRD_QTE`, `CDEPRD_PRIX`,`CDEPRD_UNITE`, `CDEPRD_PA`) VALUES ('1/70107004','27039012','70107004', '67', NULL, 'CY', '0');
INSERT INTO `prd_cde` (`CODE_COMMANDE`, `CODE_PRODUIT`, `CODE_MAGASIN`, `CDEPRD_QTE`, `CDEPRD_PRIX`,`CDEPRD_UNITE`, `CDEPRD_PA`) VALUES ('2/70107004','27039001','70107004', '16000', NULL, 'FL', '0');
INSERT INTO `prd_cde` (`CODE_COMMANDE`, `CODE_PRODUIT`, `CODE_MAGASIN`, `CDEPRD_QTE`, `CDEPRD_PRIX`,`CDEPRD_UNITE`, `CDEPRD_PA`) VALUES ('2/70107004','27039007','70107004', '9000', NULL, 'UT', '0');
INSERT INTO `prd_cde` (`CODE_COMMANDE`, `CODE_PRODUIT`, `CODE_MAGASIN`, `CDEPRD_QTE`, `CDEPRD_PRIX`,`CDEPRD_UNITE`, `CDEPRD_PA`) VALUES ('2/70107004','27039012','70107004', '20000', NULL, 'CY', '0');
INSERT INTO `prd_cde` (`CODE_COMMANDE`, `CODE_PRODUIT`, `CODE_MAGASIN`, `CDEPRD_QTE`, `CDEPRD_PRIX`,`CDEPRD_UNITE`, `CDEPRD_PA`) VALUES ('3/70107004','0201002','70107004', '600', NULL, 'BT', '0');
INSERT INTO `prd_cde` (`CODE_COMMANDE`, `CODE_PRODUIT`, `CODE_MAGASIN`, `CDEPRD_QTE`, `CDEPRD_PRIX`,`CDEPRD_UNITE`, `CDEPRD_PA`) VALUES ('3/70107004','0201003','70107004', '300', NULL, 'BT', '0');
INSERT INTO `prd_cde` (`CODE_COMMANDE`, `CODE_PRODUIT`, `CODE_MAGASIN`, `CDEPRD_QTE`, `CDEPRD_PRIX`,`CDEPRD_UNITE`, `CDEPRD_PA`) VALUES ('3/70107004','0201004','70107004', '300', NULL, 'BT', '0');
INSERT INTO `prd_cde` (`CODE_COMMANDE`, `CODE_PRODUIT`, `CODE_MAGASIN`, `CDEPRD_QTE`, `CDEPRD_PRIX`,`CDEPRD_UNITE`, `CDEPRD_PA`) VALUES ('4/70107004','18004003','70107004', '12000', NULL, 'AM', '0');
INSERT INTO `prd_cde` (`CODE_COMMANDE`, `CODE_PRODUIT`, `CODE_MAGASIN`, `CDEPRD_QTE`, `CDEPRD_PRIX`,`CDEPRD_UNITE`, `CDEPRD_PA`) VALUES ('4/70107004','180040031','70107004', '9000', NULL, 'CP', '0');
INSERT INTO `prd_cde` (`CODE_COMMANDE`, `CODE_PRODUIT`, `CODE_MAGASIN`, `CDEPRD_QTE`, `CDEPRD_PRIX`,`CDEPRD_UNITE`, `CDEPRD_PA`) VALUES ('4/70107004','25014004','70107004', '18000', NULL, 'AM', '0');
INSERT INTO `prd_cde` (`CODE_COMMANDE`, `CODE_PRODUIT`, `CODE_MAGASIN`, `CDEPRD_QTE`, `CDEPRD_PRIX`,`CDEPRD_UNITE`, `CDEPRD_PA`) VALUES ('5/70107004','0201004','70107004', '400', NULL, 'BT', '0');
INSERT INTO livraison ( CODE_LIVRAISON, CODE_COMMANDE, CODE_FOUR, CODE_MAGASIN, ID_EXERCICE, REF_LIVRAISON, ID_LIVRAISON, LVR_LIBELLE, LVR_DATE, LVR_VALIDE, LVR_DATEVALID )	VALUES ('10/70107004', NULL, '70107', '70107004', '2015', '12345667', '10', 'LIVRAISON COMMANDE N°2', '2015-05-12', '1', '2015-06-25 08:01:04');
INSERT INTO livraison ( CODE_LIVRAISON, CODE_COMMANDE, CODE_FOUR, CODE_MAGASIN, ID_EXERCICE, REF_LIVRAISON, ID_LIVRAISON, LVR_LIBELLE, LVR_DATE, LVR_VALIDE, LVR_DATEVALID )	VALUES ('2/70107004', '2/70107004', '70107', '70107004', '2015', 'RECEPTION DE LA COMMANDE N°1', '2', 'LIVRAISON COMMANDE N°I', '2015-05-06', '1', '2015-06-24 11:35:39');
INSERT INTO livraison ( CODE_LIVRAISON, CODE_COMMANDE, CODE_FOUR, CODE_MAGASIN, ID_EXERCICE, REF_LIVRAISON, ID_LIVRAISON, LVR_LIBELLE, LVR_DATE, LVR_VALIDE, LVR_DATEVALID )	VALUES ('3/70107004', '2/70107004', '70107', '70107004', '2015', 'RECEPTION COMPLEMENTAIRE DE LA COMMANDE N°1', '3', 'LIVRAISON COMPLMENTAIRE DE LA COMMANDE N°1', '2015-05-15', '1', '2015-06-24 11:35:28');
INSERT INTO livraison ( CODE_LIVRAISON, CODE_COMMANDE, CODE_FOUR, CODE_MAGASIN, ID_EXERCICE, REF_LIVRAISON, ID_LIVRAISON, LVR_LIBELLE, LVR_DATE, LVR_VALIDE, LVR_DATEVALID )	VALUES ('4/70107004', '3/70107004', '70107', '70107004', '2015', 'RECEPTION DE LA COMMANDE N°2', '4', 'LIVRAISON COMMANDE N°2', '2015-05-04', '1', '2015-06-24 12:29:10');
INSERT INTO livraison ( CODE_LIVRAISON, CODE_COMMANDE, CODE_FOUR, CODE_MAGASIN, ID_EXERCICE, REF_LIVRAISON, ID_LIVRAISON, LVR_LIBELLE, LVR_DATE, LVR_VALIDE, LVR_DATEVALID )	VALUES ('6/70107004', '4/70107004', '70107', '70107004', '2015', 'RECEPTION DE LA COMMANDE MENSUELLE', '6', 'LIVRAISON COMMANDE N°3', '2015-05-09', '1', '2015-06-24 13:11:53');
INSERT INTO livraison ( CODE_LIVRAISON, CODE_COMMANDE, CODE_FOUR, CODE_MAGASIN, ID_EXERCICE, REF_LIVRAISON, ID_LIVRAISON, LVR_LIBELLE, LVR_DATE, LVR_VALIDE, LVR_DATEVALID )	VALUES ('8/70107004', '3/70107004', '70107', '70107004', '2015', 'LIVRAISON COMPLMENTAIRE', '8', 'LIVRAISON COMPLEMENT COMMANDE N°2', '2015-05-09', '1', '2015-06-24 13:26:46');
INSERT INTO livraison ( CODE_LIVRAISON, CODE_COMMANDE, CODE_FOUR, CODE_MAGASIN, ID_EXERCICE, REF_LIVRAISON, ID_LIVRAISON, LVR_LIBELLE, LVR_DATE, LVR_VALIDE, LVR_DATEVALID )	VALUES ('9/70107004', NULL, '70107', '70107004', '2015', 'LIVRAISON COMPLEMENT COMMANDE N°3', '9', 'LIVRAISON AU DS DE MIRRIAH', '2015-05-17', '1', '2015-06-24 13:37:30');
INSERT INTO `detlivraison` (`CODE_DETLIVRAISON`, `CODE_PRODUIT`, `CODE_LIVRAISON`, `ID_DETLIVRAISON`, `LVR_PRDQTE`,`LVR_PRDRECU`, `LVR_QTESORTIE`,`LVR_UNITE`, `LVR_IDCOMMANDE`, `LVR_MAGASIN`, `LVR_PA`, `LVR_PR`, `LVRLOT_VALID`, `LVRLOT_DATEVALID`, `LVR_REFLOT`, `LVR_DATEPEREMP`, `LVR_MONLOT`, `CODE_MAGASIN`) VALUES ('10/70107004','0201002','4/70107004','10', '600','250',NULL,'BT','3/70107004' ,'70107004','0.00',NULL,'0','0000-00-00 00:00:00','SLM','2017-12-01','LOT/10/1','70107004');
INSERT INTO `detlivraison` (`CODE_DETLIVRAISON`, `CODE_PRODUIT`, `CODE_LIVRAISON`, `ID_DETLIVRAISON`, `LVR_PRDQTE`,`LVR_PRDRECU`, `LVR_QTESORTIE`,`LVR_UNITE`, `LVR_IDCOMMANDE`, `LVR_MAGASIN`, `LVR_PA`, `LVR_PR`, `LVRLOT_VALID`, `LVRLOT_DATEVALID`, `LVR_REFLOT`, `LVR_DATEPEREMP`, `LVR_MONLOT`, `CODE_MAGASIN`) VALUES ('11/70107004','0201003','4/70107004','11', '300','200',NULL,'BT','3/70107004' ,'70107004','0.00',NULL,'0','0000-00-00 00:00:00','RHS','2016-05-01','LOT/11/2','70107004');
INSERT INTO `detlivraison` (`CODE_DETLIVRAISON`, `CODE_PRODUIT`, `CODE_LIVRAISON`, `ID_DETLIVRAISON`, `LVR_PRDQTE`,`LVR_PRDRECU`, `LVR_QTESORTIE`,`LVR_UNITE`, `LVR_IDCOMMANDE`, `LVR_MAGASIN`, `LVR_PA`, `LVR_PR`, `LVRLOT_VALID`, `LVRLOT_DATEVALID`, `LVR_REFLOT`, `LVR_DATEPEREMP`, `LVR_MONLOT`, `CODE_MAGASIN`) VALUES ('12/70107004','0201004','4/70107004','12', '300','150',NULL,'BT','3/70107004' ,'70107004','0.00',NULL,'0','0000-00-00 00:00:00','DDO','2016-07-01','LOT/12/3','70107004');
INSERT INTO `detlivraison` (`CODE_DETLIVRAISON`, `CODE_PRODUIT`, `CODE_LIVRAISON`, `ID_DETLIVRAISON`, `LVR_PRDQTE`,`LVR_PRDRECU`, `LVR_QTESORTIE`,`LVR_UNITE`, `LVR_IDCOMMANDE`, `LVR_MAGASIN`, `LVR_PA`, `LVR_PR`, `LVRLOT_VALID`, `LVRLOT_DATEVALID`, `LVR_REFLOT`, `LVR_DATEPEREMP`, `LVR_MONLOT`, `CODE_MAGASIN`) VALUES ('13/70107004','0201002','4/70107004','13', '0','50',NULL,'BT','3/70107004' ,'70107004','0.00',NULL,'0','0000-00-00 00:00:00','LMD','2019-01-01','LOT/13/4','70107004');
INSERT INTO `detlivraison` (`CODE_DETLIVRAISON`, `CODE_PRODUIT`, `CODE_LIVRAISON`, `ID_DETLIVRAISON`, `LVR_PRDQTE`,`LVR_PRDRECU`, `LVR_QTESORTIE`,`LVR_UNITE`, `LVR_IDCOMMANDE`, `LVR_MAGASIN`, `LVR_PA`, `LVR_PR`, `LVRLOT_VALID`, `LVRLOT_DATEVALID`, `LVR_REFLOT`, `LVR_DATEPEREMP`, `LVR_MONLOT`, `CODE_MAGASIN`) VALUES ('14/70107004','0201004','4/70107004','14', '0','50',NULL,'BT','3/70107004' ,'70107004','0.00',NULL,'0','0000-00-00 00:00:00','HBR','2018-08-01','LOT/14/5','70107004');
INSERT INTO `detlivraison` (`CODE_DETLIVRAISON`, `CODE_PRODUIT`, `CODE_LIVRAISON`, `ID_DETLIVRAISON`, `LVR_PRDQTE`,`LVR_PRDRECU`, `LVR_QTESORTIE`,`LVR_UNITE`, `LVR_IDCOMMANDE`, `LVR_MAGASIN`, `LVR_PA`, `LVR_PR`, `LVRLOT_VALID`, `LVRLOT_DATEVALID`, `LVR_REFLOT`, `LVR_DATEPEREMP`, `LVR_MONLOT`, `CODE_MAGASIN`) VALUES ('18/70107004','18004003','6/70107004','18', '12000','2000',NULL,'AM','4/70107004' ,'70107004','0.00',NULL,'0','0000-00-00 00:00:00','AAAA','2017-12-01','LOT/18/1','70107004');
INSERT INTO `detlivraison` (`CODE_DETLIVRAISON`, `CODE_PRODUIT`, `CODE_LIVRAISON`, `ID_DETLIVRAISON`, `LVR_PRDQTE`,`LVR_PRDRECU`, `LVR_QTESORTIE`,`LVR_UNITE`, `LVR_IDCOMMANDE`, `LVR_MAGASIN`, `LVR_PA`, `LVR_PR`, `LVRLOT_VALID`, `LVRLOT_DATEVALID`, `LVR_REFLOT`, `LVR_DATEPEREMP`, `LVR_MONLOT`, `CODE_MAGASIN`) VALUES ('19/70107004','180040031','6/70107004','19', '9000','12000',NULL,'CP','4/70107004' ,'70107004','0.00',NULL,'0','0000-00-00 00:00:00','FFFFF','2019-01-01','LOT/19/2','70107004');
INSERT INTO `detlivraison` (`CODE_DETLIVRAISON`, `CODE_PRODUIT`, `CODE_LIVRAISON`, `ID_DETLIVRAISON`, `LVR_PRDQTE`,`LVR_PRDRECU`, `LVR_QTESORTIE`,`LVR_UNITE`, `LVR_IDCOMMANDE`, `LVR_MAGASIN`, `LVR_PA`, `LVR_PR`, `LVRLOT_VALID`, `LVRLOT_DATEVALID`, `LVR_REFLOT`, `LVR_DATEPEREMP`, `LVR_MONLOT`, `CODE_MAGASIN`) VALUES ('20/70107004','25014004','6/70107004','20', '18000','6000',NULL,'AM','4/70107004' ,'70107004','0.00',NULL,'0','0000-00-00 00:00:00','LG3404','2016-12-01','LOT/20/3','70107004');
INSERT INTO `detlivraison` (`CODE_DETLIVRAISON`, `CODE_PRODUIT`, `CODE_LIVRAISON`, `ID_DETLIVRAISON`, `LVR_PRDQTE`,`LVR_PRDRECU`, `LVR_QTESORTIE`,`LVR_UNITE`, `LVR_IDCOMMANDE`, `LVR_MAGASIN`, `LVR_PA`, `LVR_PR`, `LVRLOT_VALID`, `LVRLOT_DATEVALID`, `LVR_REFLOT`, `LVR_DATEPEREMP`, `LVR_MONLOT`, `CODE_MAGASIN`) VALUES ('22/70107004','0201002','8/70107004','22', '300','150',NULL,'BT','3/70107004' ,'70107004','0.00',NULL,'0','0000-00-00 00:00:00','LMD','2019-01-01','LOT/22/1','70107004');
INSERT INTO `detlivraison` (`CODE_DETLIVRAISON`, `CODE_PRODUIT`, `CODE_LIVRAISON`, `ID_DETLIVRAISON`, `LVR_PRDQTE`,`LVR_PRDRECU`, `LVR_QTESORTIE`,`LVR_UNITE`, `LVR_IDCOMMANDE`, `LVR_MAGASIN`, `LVR_PA`, `LVR_PR`, `LVRLOT_VALID`, `LVRLOT_DATEVALID`, `LVR_REFLOT`, `LVR_DATEPEREMP`, `LVR_MONLOT`, `CODE_MAGASIN`) VALUES ('23/70107004','0201003','8/70107004','23', '100','100',NULL,'BT','3/70107004' ,'70107004','0.00',NULL,'0','0000-00-00 00:00:00','HBR','2018-08-01','LOT/23/2','70107004');
INSERT INTO `detlivraison` (`CODE_DETLIVRAISON`, `CODE_PRODUIT`, `CODE_LIVRAISON`, `ID_DETLIVRAISON`, `LVR_PRDQTE`,`LVR_PRDRECU`, `LVR_QTESORTIE`,`LVR_UNITE`, `LVR_IDCOMMANDE`, `LVR_MAGASIN`, `LVR_PA`, `LVR_PR`, `LVRLOT_VALID`, `LVRLOT_DATEVALID`, `LVR_REFLOT`, `LVR_DATEPEREMP`, `LVR_MONLOT`, `CODE_MAGASIN`) VALUES ('24/70107004','0201004','8/70107004','24', '100','100',NULL,'BT','3/70107004' ,'70107004','0.00',NULL,'0','0000-00-00 00:00:00','LLLMS','2019-05-01','LOT/24/3','70107004');
INSERT INTO `detlivraison` (`CODE_DETLIVRAISON`, `CODE_PRODUIT`, `CODE_LIVRAISON`, `ID_DETLIVRAISON`, `LVR_PRDQTE`,`LVR_PRDRECU`, `LVR_QTESORTIE`,`LVR_UNITE`, `LVR_IDCOMMANDE`, `LVR_MAGASIN`, `LVR_PA`, `LVR_PR`, `LVRLOT_VALID`, `LVRLOT_DATEVALID`, `LVR_REFLOT`, `LVR_DATEPEREMP`, `LVR_MONLOT`, `CODE_MAGASIN`) VALUES ('25/70107004','18004003','9/70107004','25', '0','2000',NULL,'AM','' ,'70107004','0.00',NULL,'0','0000-00-00 00:00:00','GG1204','2016-05-01','LOT/25/1','70107004');
INSERT INTO `detlivraison` (`CODE_DETLIVRAISON`, `CODE_PRODUIT`, `CODE_LIVRAISON`, `ID_DETLIVRAISON`, `LVR_PRDQTE`,`LVR_PRDRECU`, `LVR_QTESORTIE`,`LVR_UNITE`, `LVR_IDCOMMANDE`, `LVR_MAGASIN`, `LVR_PA`, `LVR_PR`, `LVRLOT_VALID`, `LVRLOT_DATEVALID`, `LVR_REFLOT`, `LVR_DATEPEREMP`, `LVR_MONLOT`, `CODE_MAGASIN`) VALUES ('26/70107004','20039008','10/70107004','26', '0','700',NULL,'UT','' ,'70107004','0.00',NULL,'0','0000-00-00 00:00:00','97856DT21','2016-09-01','LOT/26/1','70107004');
INSERT INTO `detlivraison` (`CODE_DETLIVRAISON`, `CODE_PRODUIT`, `CODE_LIVRAISON`, `ID_DETLIVRAISON`, `LVR_PRDQTE`,`LVR_PRDRECU`, `LVR_QTESORTIE`,`LVR_UNITE`, `LVR_IDCOMMANDE`, `LVR_MAGASIN`, `LVR_PA`, `LVR_PR`, `LVRLOT_VALID`, `LVRLOT_DATEVALID`, `LVR_REFLOT`, `LVR_DATEPEREMP`, `LVR_MONLOT`, `CODE_MAGASIN`) VALUES ('3/70107004','27039001','2/70107004','3', '16000','7000',NULL,'FL','2/70107004' ,'70107004','0.00',NULL,'0','0000-00-00 00:00:00','203675RH','2016-08-01','LOT/3/1','70107004');
INSERT INTO `detlivraison` (`CODE_DETLIVRAISON`, `CODE_PRODUIT`, `CODE_LIVRAISON`, `ID_DETLIVRAISON`, `LVR_PRDQTE`,`LVR_PRDRECU`, `LVR_QTESORTIE`,`LVR_UNITE`, `LVR_IDCOMMANDE`, `LVR_MAGASIN`, `LVR_PA`, `LVR_PR`, `LVRLOT_VALID`, `LVRLOT_DATEVALID`, `LVR_REFLOT`, `LVR_DATEPEREMP`, `LVR_MONLOT`, `CODE_MAGASIN`) VALUES ('4/70107004','27039007','2/70107004','4', '9000','9000',NULL,'UT','2/70107004' ,'70107004','0.00',NULL,'0','0000-00-00 00:00:00','NP','2017-03-01','LOT/4/2','70107004');
INSERT INTO `detlivraison` (`CODE_DETLIVRAISON`, `CODE_PRODUIT`, `CODE_LIVRAISON`, `ID_DETLIVRAISON`, `LVR_PRDQTE`,`LVR_PRDRECU`, `LVR_QTESORTIE`,`LVR_UNITE`, `LVR_IDCOMMANDE`, `LVR_MAGASIN`, `LVR_PA`, `LVR_PR`, `LVRLOT_VALID`, `LVRLOT_DATEVALID`, `LVR_REFLOT`, `LVR_DATEPEREMP`, `LVR_MONLOT`, `CODE_MAGASIN`) VALUES ('5/70107004','27039012','2/70107004','5', '20000','14000',NULL,'CY','2/70107004' ,'70107004','0.00',NULL,'0','0000-00-00 00:00:00','SW','2018-10-01','LOT/5/3','70107004');
INSERT INTO `detlivraison` (`CODE_DETLIVRAISON`, `CODE_PRODUIT`, `CODE_LIVRAISON`, `ID_DETLIVRAISON`, `LVR_PRDQTE`,`LVR_PRDRECU`, `LVR_QTESORTIE`,`LVR_UNITE`, `LVR_IDCOMMANDE`, `LVR_MAGASIN`, `LVR_PA`, `LVR_PR`, `LVRLOT_VALID`, `LVRLOT_DATEVALID`, `LVR_REFLOT`, `LVR_DATEPEREMP`, `LVR_MONLOT`, `CODE_MAGASIN`) VALUES ('6/70107004','27039012','2/70107004','6', '0','14000',NULL,'CY','2/70107004' ,'70107004','0.00',NULL,'0','0000-00-00 00:00:00','DL','2015-10-01','LOT/6/4','70107004');
INSERT INTO `detlivraison` (`CODE_DETLIVRAISON`, `CODE_PRODUIT`, `CODE_LIVRAISON`, `ID_DETLIVRAISON`, `LVR_PRDQTE`,`LVR_PRDRECU`, `LVR_QTESORTIE`,`LVR_UNITE`, `LVR_IDCOMMANDE`, `LVR_MAGASIN`, `LVR_PA`, `LVR_PR`, `LVRLOT_VALID`, `LVRLOT_DATEVALID`, `LVR_REFLOT`, `LVR_DATEPEREMP`, `LVR_MONLOT`, `CODE_MAGASIN`) VALUES ('7/70107004','27039001','3/70107004','7', '9000','2000',NULL,'FL','2/70107004' ,'70107004','0.00',NULL,'0','0000-00-00 00:00:00','203675RH','2016-08-01','LOT/7/1','70107004');
INSERT INTO `detlivraison` (`CODE_DETLIVRAISON`, `CODE_PRODUIT`, `CODE_LIVRAISON`, `ID_DETLIVRAISON`, `LVR_PRDQTE`,`LVR_PRDRECU`, `LVR_QTESORTIE`,`LVR_UNITE`, `LVR_IDCOMMANDE`, `LVR_MAGASIN`, `LVR_PA`, `LVR_PR`, `LVRLOT_VALID`, `LVRLOT_DATEVALID`, `LVR_REFLOT`, `LVR_DATEPEREMP`, `LVR_MONLOT`, `CODE_MAGASIN`) VALUES ('8/70107004','27039012','3/70107004','8', '0','4000',NULL,'CY','2/70107004' ,'70107004','0.00',NULL,'0','0000-00-00 00:00:00','SW','2017-02-01','LOT/8/2','70107004');
INSERT INTO `detlivraison` (`CODE_DETLIVRAISON`, `CODE_PRODUIT`, `CODE_LIVRAISON`, `ID_DETLIVRAISON`, `LVR_PRDQTE`,`LVR_PRDRECU`, `LVR_QTESORTIE`,`LVR_UNITE`, `LVR_IDCOMMANDE`, `LVR_MAGASIN`, `LVR_PA`, `LVR_PR`, `LVRLOT_VALID`, `LVRLOT_DATEVALID`, `LVR_REFLOT`, `LVR_DATEPEREMP`, `LVR_MONLOT`, `CODE_MAGASIN`) VALUES ('9/70107004','27039002','3/70107004','9', '0','2000',NULL,'UT','2/70107004' ,'70107004','0.00',NULL,'0','0000-00-00 00:00:00','GMLMOPQ','2018-05-01','LOT/9/3','70107004');
INSERT INTO `transfert` (`CODE_TRANSFERT`, `CODE_MAGASIN`, `ID_EXERCICE`, `REF_TRANSFERT`, `ID_TRANSFERT`,`MAG_CODE_MAGASIN_SRCE`, `MAG_CODE_MAGASIN_DEST`, `TRS_DATE`, `TRS_NATURE`, `TRS_RAISON`, `TRS_VALIDE`, `TRS_DATEVALID`, `TRS_LIBELLE`, `MAG_NP`, `MAG_CIB`, `MAG_DATE`,`PRE_NP`, `PRE_CIB`, `PRE_DATE`) VALUES ('1/7010405','7010405',	'2015','N°1','1','70107004','7010405','2015-06-24' , '2','', '1','2015-06-24 14:42:43','TRANSFERT MENSUEL DES PRODUITS','','','0000-00-00','','','0000-00-00');
INSERT INTO `transfert` (`CODE_TRANSFERT`, `CODE_MAGASIN`, `ID_EXERCICE`, `REF_TRANSFERT`, `ID_TRANSFERT`,`MAG_CODE_MAGASIN_SRCE`, `MAG_CODE_MAGASIN_DEST`, `TRS_DATE`, `TRS_NATURE`, `TRS_RAISON`, `TRS_VALIDE`, `TRS_DATEVALID`, `TRS_LIBELLE`, `MAG_NP`, `MAG_CIB`, `MAG_DATE`,`PRE_NP`, `PRE_CIB`, `PRE_DATE`) VALUES ('1/7010410','7010410',	'2015','TRANSFERT N°2','1','70107004','7010410','2015-06-25' , '2','', '1','2015-06-25 04:17:26','','','','0000-00-00','','','0000-00-00');
INSERT INTO `transfert` (`CODE_TRANSFERT`, `CODE_MAGASIN`, `ID_EXERCICE`, `REF_TRANSFERT`, `ID_TRANSFERT`,`MAG_CODE_MAGASIN_SRCE`, `MAG_CODE_MAGASIN_DEST`, `TRS_DATE`, `TRS_NATURE`, `TRS_RAISON`, `TRS_VALIDE`, `TRS_DATEVALID`, `TRS_LIBELLE`, `MAG_NP`, `MAG_CIB`, `MAG_DATE`,`PRE_NP`, `PRE_CIB`, `PRE_DATE`) VALUES ('1/7010412','7010412',	'2015','TRANSFERT N°6','1','70107004','7010412','2015-05-23' , '2','', '1','2015-06-25 07:18:39','','','','0000-00-00','','','0000-00-00');
INSERT INTO `transfert` (`CODE_TRANSFERT`, `CODE_MAGASIN`, `ID_EXERCICE`, `REF_TRANSFERT`, `ID_TRANSFERT`,`MAG_CODE_MAGASIN_SRCE`, `MAG_CODE_MAGASIN_DEST`, `TRS_DATE`, `TRS_NATURE`, `TRS_RAISON`, `TRS_VALIDE`, `TRS_DATEVALID`, `TRS_LIBELLE`, `MAG_NP`, `MAG_CIB`, `MAG_DATE`,`PRE_NP`, `PRE_CIB`, `PRE_DATE`) VALUES ('1/7010432','7010432',	'2015','TRANSFERT N°4','1','70107004','7010432','2015-05-22' , '2','', '1','2015-06-25 04:33:26','','','','0000-00-00','','','0000-00-00');
INSERT INTO `transfert` (`CODE_TRANSFERT`, `CODE_MAGASIN`, `ID_EXERCICE`, `REF_TRANSFERT`, `ID_TRANSFERT`,`MAG_CODE_MAGASIN_SRCE`, `MAG_CODE_MAGASIN_DEST`, `TRS_DATE`, `TRS_NATURE`, `TRS_RAISON`, `TRS_VALIDE`, `TRS_DATEVALID`, `TRS_LIBELLE`, `MAG_NP`, `MAG_CIB`, `MAG_DATE`,`PRE_NP`, `PRE_CIB`, `PRE_DATE`) VALUES ('1/7010433','7010433',	'2015','TRANSFERT N°7','1','70107004','7010433','2015-05-23' , '2','', '1','2015-06-25 07:27:03','','','','0000-00-00','','','0000-00-00');
INSERT INTO `transfert` (`CODE_TRANSFERT`, `CODE_MAGASIN`, `ID_EXERCICE`, `REF_TRANSFERT`, `ID_TRANSFERT`,`MAG_CODE_MAGASIN_SRCE`, `MAG_CODE_MAGASIN_DEST`, `TRS_DATE`, `TRS_NATURE`, `TRS_RAISON`, `TRS_VALIDE`, `TRS_DATEVALID`, `TRS_LIBELLE`, `MAG_NP`, `MAG_CIB`, `MAG_DATE`,`PRE_NP`, `PRE_CIB`, `PRE_DATE`) VALUES ('1/70107004','70107004',	'2015','N°1','1','70107004','7010405','2015-06-24' , '1','', '1','2015-06-24 14:42:43','TRANSFERT MENSUEL DES PRODUITS','','','0000-00-00','','','0000-00-00');
INSERT INTO `transfert` (`CODE_TRANSFERT`, `CODE_MAGASIN`, `ID_EXERCICE`, `REF_TRANSFERT`, `ID_TRANSFERT`,`MAG_CODE_MAGASIN_SRCE`, `MAG_CODE_MAGASIN_DEST`, `TRS_DATE`, `TRS_NATURE`, `TRS_RAISON`, `TRS_VALIDE`, `TRS_DATEVALID`, `TRS_LIBELLE`, `MAG_NP`, `MAG_CIB`, `MAG_DATE`,`PRE_NP`, `PRE_CIB`, `PRE_DATE`) VALUES ('2/7010405','7010405',	'2015','N°1','2','70107004','7010405','2015-05-20' , '2','', '1','2015-06-25 03:51:55','','','','0000-00-00','','','0000-00-00');
INSERT INTO `transfert` (`CODE_TRANSFERT`, `CODE_MAGASIN`, `ID_EXERCICE`, `REF_TRANSFERT`, `ID_TRANSFERT`,`MAG_CODE_MAGASIN_SRCE`, `MAG_CODE_MAGASIN_DEST`, `TRS_DATE`, `TRS_NATURE`, `TRS_RAISON`, `TRS_VALIDE`, `TRS_DATEVALID`, `TRS_LIBELLE`, `MAG_NP`, `MAG_CIB`, `MAG_DATE`,`PRE_NP`, `PRE_CIB`, `PRE_DATE`) VALUES ('2/7010410','7010410',	'2015','TRANSFERT N°3','2','70107004','7010410','2015-05-22' , '2','', '1','2015-06-25 04:25:56','','','','0000-00-00','','','0000-00-00');
INSERT INTO `transfert` (`CODE_TRANSFERT`, `CODE_MAGASIN`, `ID_EXERCICE`, `REF_TRANSFERT`, `ID_TRANSFERT`,`MAG_CODE_MAGASIN_SRCE`, `MAG_CODE_MAGASIN_DEST`, `TRS_DATE`, `TRS_NATURE`, `TRS_RAISON`, `TRS_VALIDE`, `TRS_DATEVALID`, `TRS_LIBELLE`, `MAG_NP`, `MAG_CIB`, `MAG_DATE`,`PRE_NP`, `PRE_CIB`, `PRE_DATE`) VALUES ('2/70107004','70107004',	'2015','N°1','2','70107004','7010405','2015-05-20' , '1','', '1','2015-06-25 03:51:54','','','','0000-00-00','','','0000-00-00');
INSERT INTO `transfert` (`CODE_TRANSFERT`, `CODE_MAGASIN`, `ID_EXERCICE`, `REF_TRANSFERT`, `ID_TRANSFERT`,`MAG_CODE_MAGASIN_SRCE`, `MAG_CODE_MAGASIN_DEST`, `TRS_DATE`, `TRS_NATURE`, `TRS_RAISON`, `TRS_VALIDE`, `TRS_DATEVALID`, `TRS_LIBELLE`, `MAG_NP`, `MAG_CIB`, `MAG_DATE`,`PRE_NP`, `PRE_CIB`, `PRE_DATE`) VALUES ('3/7010405','7010405',	'2015','TRANSFERT N°1','3','70107004','7010405','2015-05-20' , '2','', '1','2015-06-25 08:05:35','','','','0000-00-00','','','0000-00-00');
INSERT INTO `transfert` (`CODE_TRANSFERT`, `CODE_MAGASIN`, `ID_EXERCICE`, `REF_TRANSFERT`, `ID_TRANSFERT`,`MAG_CODE_MAGASIN_SRCE`, `MAG_CODE_MAGASIN_DEST`, `TRS_DATE`, `TRS_NATURE`, `TRS_RAISON`, `TRS_VALIDE`, `TRS_DATEVALID`, `TRS_LIBELLE`, `MAG_NP`, `MAG_CIB`, `MAG_DATE`,`PRE_NP`, `PRE_CIB`, `PRE_DATE`) VALUES ('3/70107004','70107004',	'2015','TRANSFERT N°2','3','70107004','7010410','2015-06-25' , '1','', '1','2015-06-26 22:27:34','','','','0000-00-00','','','0000-00-00');
INSERT INTO `transfert` (`CODE_TRANSFERT`, `CODE_MAGASIN`, `ID_EXERCICE`, `REF_TRANSFERT`, `ID_TRANSFERT`,`MAG_CODE_MAGASIN_SRCE`, `MAG_CODE_MAGASIN_DEST`, `TRS_DATE`, `TRS_NATURE`, `TRS_RAISON`, `TRS_VALIDE`, `TRS_DATEVALID`, `TRS_LIBELLE`, `MAG_NP`, `MAG_CIB`, `MAG_DATE`,`PRE_NP`, `PRE_CIB`, `PRE_DATE`) VALUES ('4/7010405','7010405',	'2015','TRANSFERT N°5','4','70107004','7010405','2015-05-20' , '2','', '1','2015-06-25 08:19:12','','','','0000-00-00','','','0000-00-00');
INSERT INTO `transfert` (`CODE_TRANSFERT`, `CODE_MAGASIN`, `ID_EXERCICE`, `REF_TRANSFERT`, `ID_TRANSFERT`,`MAG_CODE_MAGASIN_SRCE`, `MAG_CODE_MAGASIN_DEST`, `TRS_DATE`, `TRS_NATURE`, `TRS_RAISON`, `TRS_VALIDE`, `TRS_DATEVALID`, `TRS_LIBELLE`, `MAG_NP`, `MAG_CIB`, `MAG_DATE`,`PRE_NP`, `PRE_CIB`, `PRE_DATE`) VALUES ('4/70107004','70107004',	'2015','TRANSFERT N°3','4','70107004','7010410','2015-05-22' , '1','', '1','2015-06-25 04:25:56','','','','0000-00-00','','','0000-00-00');
INSERT INTO `transfert` (`CODE_TRANSFERT`, `CODE_MAGASIN`, `ID_EXERCICE`, `REF_TRANSFERT`, `ID_TRANSFERT`,`MAG_CODE_MAGASIN_SRCE`, `MAG_CODE_MAGASIN_DEST`, `TRS_DATE`, `TRS_NATURE`, `TRS_RAISON`, `TRS_VALIDE`, `TRS_DATEVALID`, `TRS_LIBELLE`, `MAG_NP`, `MAG_CIB`, `MAG_DATE`,`PRE_NP`, `PRE_CIB`, `PRE_DATE`) VALUES ('5/70107004','70107004',	'2015','TRANSFERT N°4','5','70107004','7010432','2015-05-22' , '1','', '1','2015-06-25 04:33:26','','','','0000-00-00','','','0000-00-00');
INSERT INTO `transfert` (`CODE_TRANSFERT`, `CODE_MAGASIN`, `ID_EXERCICE`, `REF_TRANSFERT`, `ID_TRANSFERT`,`MAG_CODE_MAGASIN_SRCE`, `MAG_CODE_MAGASIN_DEST`, `TRS_DATE`, `TRS_NATURE`, `TRS_RAISON`, `TRS_VALIDE`, `TRS_DATEVALID`, `TRS_LIBELLE`, `MAG_NP`, `MAG_CIB`, `MAG_DATE`,`PRE_NP`, `PRE_CIB`, `PRE_DATE`) VALUES ('6/70107004','70107004',	'2015','TRANSFERT N°6','6','70107004','7010412','2015-05-23' , '1','', '1','2015-06-25 07:18:39','','','','0000-00-00','','','0000-00-00');
INSERT INTO `transfert` (`CODE_TRANSFERT`, `CODE_MAGASIN`, `ID_EXERCICE`, `REF_TRANSFERT`, `ID_TRANSFERT`,`MAG_CODE_MAGASIN_SRCE`, `MAG_CODE_MAGASIN_DEST`, `TRS_DATE`, `TRS_NATURE`, `TRS_RAISON`, `TRS_VALIDE`, `TRS_DATEVALID`, `TRS_LIBELLE`, `MAG_NP`, `MAG_CIB`, `MAG_DATE`,`PRE_NP`, `PRE_CIB`, `PRE_DATE`) VALUES ('7/70107004','70107004',	'2015','TRANSFERT N°7','7','70107004','7010433','2015-05-23' , '1','', '1','2015-06-25 07:27:03','','','','0000-00-00','','','0000-00-00');
INSERT INTO `transfert` (`CODE_TRANSFERT`, `CODE_MAGASIN`, `ID_EXERCICE`, `REF_TRANSFERT`, `ID_TRANSFERT`,`MAG_CODE_MAGASIN_SRCE`, `MAG_CODE_MAGASIN_DEST`, `TRS_DATE`, `TRS_NATURE`, `TRS_RAISON`, `TRS_VALIDE`, `TRS_DATEVALID`, `TRS_LIBELLE`, `MAG_NP`, `MAG_CIB`, `MAG_DATE`,`PRE_NP`, `PRE_CIB`, `PRE_DATE`) VALUES ('8/70107004','70107004',	'2015','TRANSFERT N°1','8','70107004','7010405','2015-05-20' , '1','', '1','2015-06-25 08:05:34','','','','0000-00-00','','','0000-00-00');
INSERT INTO `transfert` (`CODE_TRANSFERT`, `CODE_MAGASIN`, `ID_EXERCICE`, `REF_TRANSFERT`, `ID_TRANSFERT`,`MAG_CODE_MAGASIN_SRCE`, `MAG_CODE_MAGASIN_DEST`, `TRS_DATE`, `TRS_NATURE`, `TRS_RAISON`, `TRS_VALIDE`, `TRS_DATEVALID`, `TRS_LIBELLE`, `MAG_NP`, `MAG_CIB`, `MAG_DATE`,`PRE_NP`, `PRE_CIB`, `PRE_DATE`) VALUES ('9/70107004','70107004',	'2015','TRANSFERT N°5','9','70107004','7010405','2015-05-20' , '1','', '1','2015-06-25 08:19:12','','','','0000-00-00','','','0000-00-00');
INSERT INTO `dettransfert` (`CODE_DETTRANSFERT`, `CODE_PRODUIT`, `CODE_TRANSFERT`, `CODE_MAGASIN`,`ID_DETTRANSFERT`, `TRS_PRDQTE`, `TRS_PRDRECU`,`TRS_UNITE`, `TRS_REFLOT`, `TRS_DATEPEREMP`, `TRS_PV`, `TRS_MONLOT`) VALUES ('1/7010405',	'27039012','2/7010405', '7010405', '1','110','110', 'CY','DL','2015-10-01','0.00','LOT/6/4');
INSERT INTO `dettransfert` (`CODE_DETTRANSFERT`, `CODE_PRODUIT`, `CODE_TRANSFERT`, `CODE_MAGASIN`,`ID_DETTRANSFERT`, `TRS_PRDQTE`, `TRS_PRDRECU`,`TRS_UNITE`, `TRS_REFLOT`, `TRS_DATEPEREMP`, `TRS_PV`, `TRS_MONLOT`) VALUES ('1/7010410',	'27039012','1/7010410', '7010410', '1','110','110', 'CY','DL','2015-10-01','0.00','LOT/6/4');
INSERT INTO `dettransfert` (`CODE_DETTRANSFERT`, `CODE_PRODUIT`, `CODE_TRANSFERT`, `CODE_MAGASIN`,`ID_DETTRANSFERT`, `TRS_PRDQTE`, `TRS_PRDRECU`,`TRS_UNITE`, `TRS_REFLOT`, `TRS_DATEPEREMP`, `TRS_PV`, `TRS_MONLOT`) VALUES ('1/7010412',	'0201002','1/7010412', '7010412', '1','130','127', 'BT','LMD','2019-01-01','0.00','LOT/13/4');
INSERT INTO `dettransfert` (`CODE_DETTRANSFERT`, `CODE_PRODUIT`, `CODE_TRANSFERT`, `CODE_MAGASIN`,`ID_DETTRANSFERT`, `TRS_PRDQTE`, `TRS_PRDRECU`,`TRS_UNITE`, `TRS_REFLOT`, `TRS_DATEPEREMP`, `TRS_PV`, `TRS_MONLOT`) VALUES ('1/7010432',	'0201004','1/7010432', '7010432', '1','30','30', 'BT','HBR','2018-08-01','0.00','LOT/14/5');
INSERT INTO `dettransfert` (`CODE_DETTRANSFERT`, `CODE_PRODUIT`, `CODE_TRANSFERT`, `CODE_MAGASIN`,`ID_DETTRANSFERT`, `TRS_PRDQTE`, `TRS_PRDRECU`,`TRS_UNITE`, `TRS_REFLOT`, `TRS_DATEPEREMP`, `TRS_PV`, `TRS_MONLOT`) VALUES ('1/70107004',	'27039012','2/70107004', '70107004', '1','110','110', 'CY','DL','2015-10-01','0.00','LOT/6/4');
INSERT INTO `dettransfert` (`CODE_DETTRANSFERT`, `CODE_PRODUIT`, `CODE_TRANSFERT`, `CODE_MAGASIN`,`ID_DETTRANSFERT`, `TRS_PRDQTE`, `TRS_PRDRECU`,`TRS_UNITE`, `TRS_REFLOT`, `TRS_DATEPEREMP`, `TRS_PV`, `TRS_MONLOT`) VALUES ('10/7010405',	'25014004','4/7010405', '7010405', '10','1000','127', 'AM','LG3404','2016-12-01','0.00','LOT/20/3');
INSERT INTO `dettransfert` (`CODE_DETTRANSFERT`, `CODE_PRODUIT`, `CODE_TRANSFERT`, `CODE_MAGASIN`,`ID_DETTRANSFERT`, `TRS_PRDQTE`, `TRS_PRDRECU`,`TRS_UNITE`, `TRS_REFLOT`, `TRS_DATEPEREMP`, `TRS_PV`, `TRS_MONLOT`) VALUES ('10/70107004',	'0201004','5/70107004', '70107004', '10','30','30', 'BT','HBR','2018-08-01','0.00','LOT/14/5');
INSERT INTO `dettransfert` (`CODE_DETTRANSFERT`, `CODE_PRODUIT`, `CODE_TRANSFERT`, `CODE_MAGASIN`,`ID_DETTRANSFERT`, `TRS_PRDQTE`, `TRS_PRDRECU`,`TRS_UNITE`, `TRS_REFLOT`, `TRS_DATEPEREMP`, `TRS_PV`, `TRS_MONLOT`) VALUES ('11/7010405',	'180040031','4/7010405', '7010405', '11','4000','127', 'CP','FFFFF','2019-01-01','0.00','LOT/19/2');
INSERT INTO `dettransfert` (`CODE_DETTRANSFERT`, `CODE_PRODUIT`, `CODE_TRANSFERT`, `CODE_MAGASIN`,`ID_DETTRANSFERT`, `TRS_PRDQTE`, `TRS_PRDRECU`,`TRS_UNITE`, `TRS_REFLOT`, `TRS_DATEPEREMP`, `TRS_PV`, `TRS_MONLOT`) VALUES ('11/70107004',	'0201003','5/70107004', '70107004', '11','30','30', 'BT','RHS','2016-05-01','0.00','LOT/11/2');
INSERT INTO `dettransfert` (`CODE_DETTRANSFERT`, `CODE_PRODUIT`, `CODE_TRANSFERT`, `CODE_MAGASIN`,`ID_DETTRANSFERT`, `TRS_PRDQTE`, `TRS_PRDRECU`,`TRS_UNITE`, `TRS_REFLOT`, `TRS_DATEPEREMP`, `TRS_PV`, `TRS_MONLOT`) VALUES ('12/7010405',	'18004003','4/7010405', '7010405', '12','200','127', 'AM','GG1204','2016-05-01','0.00','LOT/25/1');
INSERT INTO `dettransfert` (`CODE_DETTRANSFERT`, `CODE_PRODUIT`, `CODE_TRANSFERT`, `CODE_MAGASIN`,`ID_DETTRANSFERT`, `TRS_PRDQTE`, `TRS_PRDRECU`,`TRS_UNITE`, `TRS_REFLOT`, `TRS_DATEPEREMP`, `TRS_PV`, `TRS_MONLOT`) VALUES ('12/70107004',	'0201002','6/70107004', '70107004', '12','130','127', 'BT','LMD','2019-01-01','0.00','LOT/13/4');
INSERT INTO `dettransfert` (`CODE_DETTRANSFERT`, `CODE_PRODUIT`, `CODE_TRANSFERT`, `CODE_MAGASIN`,`ID_DETTRANSFERT`, `TRS_PRDQTE`, `TRS_PRDRECU`,`TRS_UNITE`, `TRS_REFLOT`, `TRS_DATEPEREMP`, `TRS_PV`, `TRS_MONLOT`) VALUES ('13/70107004',	'0201004','6/70107004', '70107004', '13','50','50', 'BT','DDO','2016-07-01','0.00','LOT/12/3');
INSERT INTO `dettransfert` (`CODE_DETTRANSFERT`, `CODE_PRODUIT`, `CODE_TRANSFERT`, `CODE_MAGASIN`,`ID_DETTRANSFERT`, `TRS_PRDQTE`, `TRS_PRDRECU`,`TRS_UNITE`, `TRS_REFLOT`, `TRS_DATEPEREMP`, `TRS_PV`, `TRS_MONLOT`) VALUES ('14/70107004',	'0201003','6/70107004', '70107004', '14','80','80', 'BT','HBR','2018-08-01','0.00','LOT/23/2');
INSERT INTO `dettransfert` (`CODE_DETTRANSFERT`, `CODE_PRODUIT`, `CODE_TRANSFERT`, `CODE_MAGASIN`,`ID_DETTRANSFERT`, `TRS_PRDQTE`, `TRS_PRDRECU`,`TRS_UNITE`, `TRS_REFLOT`, `TRS_DATEPEREMP`, `TRS_PV`, `TRS_MONLOT`) VALUES ('15/70107004',	'27039012','8/70107004', '70107004', '15','110','110', 'CY','DL','2015-10-01','0.00','LOT/6/4');
INSERT INTO `dettransfert` (`CODE_DETTRANSFERT`, `CODE_PRODUIT`, `CODE_TRANSFERT`, `CODE_MAGASIN`,`ID_DETTRANSFERT`, `TRS_PRDQTE`, `TRS_PRDRECU`,`TRS_UNITE`, `TRS_REFLOT`, `TRS_DATEPEREMP`, `TRS_PV`, `TRS_MONLOT`) VALUES ('16/70107004',	'27039001','8/70107004', '70107004', '16','1300','127', 'FL','203675RH','2016-08-01','0.00','LOT/3/1');
INSERT INTO `dettransfert` (`CODE_DETTRANSFERT`, `CODE_PRODUIT`, `CODE_TRANSFERT`, `CODE_MAGASIN`,`ID_DETTRANSFERT`, `TRS_PRDQTE`, `TRS_PRDRECU`,`TRS_UNITE`, `TRS_REFLOT`, `TRS_DATEPEREMP`, `TRS_PV`, `TRS_MONLOT`) VALUES ('17/70107004',	'27039002','8/70107004', '70107004', '17','400','127', 'UT','GMLMOPQ','2018-05-01','0.00','LOT/9/3');
INSERT INTO `dettransfert` (`CODE_DETTRANSFERT`, `CODE_PRODUIT`, `CODE_TRANSFERT`, `CODE_MAGASIN`,`ID_DETTRANSFERT`, `TRS_PRDQTE`, `TRS_PRDRECU`,`TRS_UNITE`, `TRS_REFLOT`, `TRS_DATEPEREMP`, `TRS_PV`, `TRS_MONLOT`) VALUES ('18/70107004',	'27039007','8/70107004', '70107004', '18','100','100', 'UT','NP','2017-03-01','0.00','LOT/4/2');
INSERT INTO `dettransfert` (`CODE_DETTRANSFERT`, `CODE_PRODUIT`, `CODE_TRANSFERT`, `CODE_MAGASIN`,`ID_DETTRANSFERT`, `TRS_PRDQTE`, `TRS_PRDRECU`,`TRS_UNITE`, `TRS_REFLOT`, `TRS_DATEPEREMP`, `TRS_PV`, `TRS_MONLOT`) VALUES ('19/70107004',	'20039008','8/70107004', '70107004', '19','100','100', 'UT','97856DT21','2016-09-01','0.00','LOT/26/1');
INSERT INTO `dettransfert` (`CODE_DETTRANSFERT`, `CODE_PRODUIT`, `CODE_TRANSFERT`, `CODE_MAGASIN`,`ID_DETTRANSFERT`, `TRS_PRDQTE`, `TRS_PRDRECU`,`TRS_UNITE`, `TRS_REFLOT`, `TRS_DATEPEREMP`, `TRS_PV`, `TRS_MONLOT`) VALUES ('2/7010405',	'27039001','2/7010405', '7010405', '2','1300','127', 'FL','203675RH','2016-08-01','0.00','LOT/3/1');
INSERT INTO `dettransfert` (`CODE_DETTRANSFERT`, `CODE_PRODUIT`, `CODE_TRANSFERT`, `CODE_MAGASIN`,`ID_DETTRANSFERT`, `TRS_PRDQTE`, `TRS_PRDRECU`,`TRS_UNITE`, `TRS_REFLOT`, `TRS_DATEPEREMP`, `TRS_PV`, `TRS_MONLOT`) VALUES ('2/7010410',	'27039001','1/7010410', '7010410', '2','1300','127', 'FL','203675RH','2016-08-01','0.00','LOT/3/1');
INSERT INTO `dettransfert` (`CODE_DETTRANSFERT`, `CODE_PRODUIT`, `CODE_TRANSFERT`, `CODE_MAGASIN`,`ID_DETTRANSFERT`, `TRS_PRDQTE`, `TRS_PRDRECU`,`TRS_UNITE`, `TRS_REFLOT`, `TRS_DATEPEREMP`, `TRS_PV`, `TRS_MONLOT`) VALUES ('2/7010412',	'0201004','1/7010412', '7010412', '2','50','50', 'BT','DDO','2016-07-01','0.00','LOT/12/3');
INSERT INTO `dettransfert` (`CODE_DETTRANSFERT`, `CODE_PRODUIT`, `CODE_TRANSFERT`, `CODE_MAGASIN`,`ID_DETTRANSFERT`, `TRS_PRDQTE`, `TRS_PRDRECU`,`TRS_UNITE`, `TRS_REFLOT`, `TRS_DATEPEREMP`, `TRS_PV`, `TRS_MONLOT`) VALUES ('2/7010432',	'0201003','1/7010432', '7010432', '2','30','30', 'BT','RHS','2016-05-01','0.00','LOT/11/2');
INSERT INTO `dettransfert` (`CODE_DETTRANSFERT`, `CODE_PRODUIT`, `CODE_TRANSFERT`, `CODE_MAGASIN`,`ID_DETTRANSFERT`, `TRS_PRDQTE`, `TRS_PRDRECU`,`TRS_UNITE`, `TRS_REFLOT`, `TRS_DATEPEREMP`, `TRS_PV`, `TRS_MONLOT`) VALUES ('2/70107004',	'27039001','2/70107004', '70107004', '2','1300','127', 'FL','203675RH','2016-08-01','0.00','LOT/3/1');
INSERT INTO `dettransfert` (`CODE_DETTRANSFERT`, `CODE_PRODUIT`, `CODE_TRANSFERT`, `CODE_MAGASIN`,`ID_DETTRANSFERT`, `TRS_PRDQTE`, `TRS_PRDRECU`,`TRS_UNITE`, `TRS_REFLOT`, `TRS_DATEPEREMP`, `TRS_PV`, `TRS_MONLOT`) VALUES ('20/70107004',	'25014004','9/70107004', '70107004', '20','1000','127', 'AM','LG3404','2016-12-01','0.00','LOT/20/3');
INSERT INTO `dettransfert` (`CODE_DETTRANSFERT`, `CODE_PRODUIT`, `CODE_TRANSFERT`, `CODE_MAGASIN`,`ID_DETTRANSFERT`, `TRS_PRDQTE`, `TRS_PRDRECU`,`TRS_UNITE`, `TRS_REFLOT`, `TRS_DATEPEREMP`, `TRS_PV`, `TRS_MONLOT`) VALUES ('21/70107004',	'180040031','9/70107004', '70107004', '21','4000','127', 'CP','FFFFF','2019-01-01','0.00','LOT/19/2');
INSERT INTO `dettransfert` (`CODE_DETTRANSFERT`, `CODE_PRODUIT`, `CODE_TRANSFERT`, `CODE_MAGASIN`,`ID_DETTRANSFERT`, `TRS_PRDQTE`, `TRS_PRDRECU`,`TRS_UNITE`, `TRS_REFLOT`, `TRS_DATEPEREMP`, `TRS_PV`, `TRS_MONLOT`) VALUES ('22/70107004',	'18004003','9/70107004', '70107004', '22','200','127', 'AM','GG1204','2016-05-01','0.00','LOT/25/1');
INSERT INTO `dettransfert` (`CODE_DETTRANSFERT`, `CODE_PRODUIT`, `CODE_TRANSFERT`, `CODE_MAGASIN`,`ID_DETTRANSFERT`, `TRS_PRDQTE`, `TRS_PRDRECU`,`TRS_UNITE`, `TRS_REFLOT`, `TRS_DATEPEREMP`, `TRS_PV`, `TRS_MONLOT`) VALUES ('3/7010405',	'27039002','2/7010405', '7010405', '3','400','127', 'UT','GMLMOPQ','2018-05-01','0.00','LOT/9/3');
INSERT INTO `dettransfert` (`CODE_DETTRANSFERT`, `CODE_PRODUIT`, `CODE_TRANSFERT`, `CODE_MAGASIN`,`ID_DETTRANSFERT`, `TRS_PRDQTE`, `TRS_PRDRECU`,`TRS_UNITE`, `TRS_REFLOT`, `TRS_DATEPEREMP`, `TRS_PV`, `TRS_MONLOT`) VALUES ('3/7010410',	'27039002','1/7010410', '7010410', '3','40','40', 'UT','GMLMOPQ','2018-05-01','0.00','LOT/9/3');
INSERT INTO `dettransfert` (`CODE_DETTRANSFERT`, `CODE_PRODUIT`, `CODE_TRANSFERT`, `CODE_MAGASIN`,`ID_DETTRANSFERT`, `TRS_PRDQTE`, `TRS_PRDRECU`,`TRS_UNITE`, `TRS_REFLOT`, `TRS_DATEPEREMP`, `TRS_PV`, `TRS_MONLOT`) VALUES ('3/7010412',	'0201003','1/7010412', '7010412', '3','80','80', 'BT','HBR','2018-08-01','0.00','LOT/23/2');
INSERT INTO `dettransfert` (`CODE_DETTRANSFERT`, `CODE_PRODUIT`, `CODE_TRANSFERT`, `CODE_MAGASIN`,`ID_DETTRANSFERT`, `TRS_PRDQTE`, `TRS_PRDRECU`,`TRS_UNITE`, `TRS_REFLOT`, `TRS_DATEPEREMP`, `TRS_PV`, `TRS_MONLOT`) VALUES ('3/70107004',	'27039002','2/70107004', '70107004', '3','400','127', 'UT','GMLMOPQ','2018-05-01','0.00','LOT/9/3');
INSERT INTO `dettransfert` (`CODE_DETTRANSFERT`, `CODE_PRODUIT`, `CODE_TRANSFERT`, `CODE_MAGASIN`,`ID_DETTRANSFERT`, `TRS_PRDQTE`, `TRS_PRDRECU`,`TRS_UNITE`, `TRS_REFLOT`, `TRS_DATEPEREMP`, `TRS_PV`, `TRS_MONLOT`) VALUES ('4/7010405',	'27039007','2/7010405', '7010405', '4','100','100', 'UT','NP','2017-03-01','0.00','LOT/4/2');
INSERT INTO `dettransfert` (`CODE_DETTRANSFERT`, `CODE_PRODUIT`, `CODE_TRANSFERT`, `CODE_MAGASIN`,`ID_DETTRANSFERT`, `TRS_PRDQTE`, `TRS_PRDRECU`,`TRS_UNITE`, `TRS_REFLOT`, `TRS_DATEPEREMP`, `TRS_PV`, `TRS_MONLOT`) VALUES ('4/7010410',	'0201002','2/7010410', '7010410', '4','240','127', 'BT','SLM','2017-12-01','0.00','LOT/10/1');
INSERT INTO `dettransfert` (`CODE_DETTRANSFERT`, `CODE_PRODUIT`, `CODE_TRANSFERT`, `CODE_MAGASIN`,`ID_DETTRANSFERT`, `TRS_PRDQTE`, `TRS_PRDRECU`,`TRS_UNITE`, `TRS_REFLOT`, `TRS_DATEPEREMP`, `TRS_PV`, `TRS_MONLOT`) VALUES ('4/70107004',	'27039007','2/70107004', '70107004', '4','100','100', 'UT','NP','2017-03-01','0.00','LOT/4/2');
INSERT INTO `dettransfert` (`CODE_DETTRANSFERT`, `CODE_PRODUIT`, `CODE_TRANSFERT`, `CODE_MAGASIN`,`ID_DETTRANSFERT`, `TRS_PRDQTE`, `TRS_PRDRECU`,`TRS_UNITE`, `TRS_REFLOT`, `TRS_DATEPEREMP`, `TRS_PV`, `TRS_MONLOT`) VALUES ('5/7010405',	'27039012','3/7010405', '7010405', '5','110','110', 'CY','DL','2015-10-01','0.00','LOT/6/4');
INSERT INTO `dettransfert` (`CODE_DETTRANSFERT`, `CODE_PRODUIT`, `CODE_TRANSFERT`, `CODE_MAGASIN`,`ID_DETTRANSFERT`, `TRS_PRDQTE`, `TRS_PRDRECU`,`TRS_UNITE`, `TRS_REFLOT`, `TRS_DATEPEREMP`, `TRS_PV`, `TRS_MONLOT`) VALUES ('5/7010410',	'0201003','2/7010410', '7010410', '5','170','127', 'BT','RHS','2016-05-01','0.00','LOT/11/2');
INSERT INTO `dettransfert` (`CODE_DETTRANSFERT`, `CODE_PRODUIT`, `CODE_TRANSFERT`, `CODE_MAGASIN`,`ID_DETTRANSFERT`, `TRS_PRDQTE`, `TRS_PRDRECU`,`TRS_UNITE`, `TRS_REFLOT`, `TRS_DATEPEREMP`, `TRS_PV`, `TRS_MONLOT`) VALUES ('5/70107004',	'27039012','3/70107004', '70107004', '5','110','110', 'CY','DL','2015-10-01','0.00','LOT/6/4');
INSERT INTO `dettransfert` (`CODE_DETTRANSFERT`, `CODE_PRODUIT`, `CODE_TRANSFERT`, `CODE_MAGASIN`,`ID_DETTRANSFERT`, `TRS_PRDQTE`, `TRS_PRDRECU`,`TRS_UNITE`, `TRS_REFLOT`, `TRS_DATEPEREMP`, `TRS_PV`, `TRS_MONLOT`) VALUES ('6/7010405',	'27039001','3/7010405', '7010405', '6','1300','127', 'FL','203675RH','2016-08-01','0.00','LOT/3/1');
INSERT INTO `dettransfert` (`CODE_DETTRANSFERT`, `CODE_PRODUIT`, `CODE_TRANSFERT`, `CODE_MAGASIN`,`ID_DETTRANSFERT`, `TRS_PRDQTE`, `TRS_PRDRECU`,`TRS_UNITE`, `TRS_REFLOT`, `TRS_DATEPEREMP`, `TRS_PV`, `TRS_MONLOT`) VALUES ('6/70107004',	'27039001','3/70107004', '70107004', '6','1300','127', 'FL','203675RH','2016-08-01','0.00','LOT/3/1');
INSERT INTO `dettransfert` (`CODE_DETTRANSFERT`, `CODE_PRODUIT`, `CODE_TRANSFERT`, `CODE_MAGASIN`,`ID_DETTRANSFERT`, `TRS_PRDQTE`, `TRS_PRDRECU`,`TRS_UNITE`, `TRS_REFLOT`, `TRS_DATEPEREMP`, `TRS_PV`, `TRS_MONLOT`) VALUES ('7/7010405',	'27039002','3/7010405', '7010405', '7','400','127', 'UT','GMLMOPQ','2018-05-01','0.00','LOT/9/3');
INSERT INTO `dettransfert` (`CODE_DETTRANSFERT`, `CODE_PRODUIT`, `CODE_TRANSFERT`, `CODE_MAGASIN`,`ID_DETTRANSFERT`, `TRS_PRDQTE`, `TRS_PRDRECU`,`TRS_UNITE`, `TRS_REFLOT`, `TRS_DATEPEREMP`, `TRS_PV`, `TRS_MONLOT`) VALUES ('7/70107004',	'27039002','3/70107004', '70107004', '7','40','40', 'UT','GMLMOPQ','2018-05-01','0.00','LOT/9/3');
INSERT INTO `dettransfert` (`CODE_DETTRANSFERT`, `CODE_PRODUIT`, `CODE_TRANSFERT`, `CODE_MAGASIN`,`ID_DETTRANSFERT`, `TRS_PRDQTE`, `TRS_PRDRECU`,`TRS_UNITE`, `TRS_REFLOT`, `TRS_DATEPEREMP`, `TRS_PV`, `TRS_MONLOT`) VALUES ('8/7010405',	'27039007','3/7010405', '7010405', '8','100','100', 'UT','NP','2017-03-01','0.00','LOT/4/2');
INSERT INTO `dettransfert` (`CODE_DETTRANSFERT`, `CODE_PRODUIT`, `CODE_TRANSFERT`, `CODE_MAGASIN`,`ID_DETTRANSFERT`, `TRS_PRDQTE`, `TRS_PRDRECU`,`TRS_UNITE`, `TRS_REFLOT`, `TRS_DATEPEREMP`, `TRS_PV`, `TRS_MONLOT`) VALUES ('8/70107004',	'0201002','4/70107004', '70107004', '8','240','127', 'BT','SLM','2017-12-01','0.00','LOT/10/1');
INSERT INTO `dettransfert` (`CODE_DETTRANSFERT`, `CODE_PRODUIT`, `CODE_TRANSFERT`, `CODE_MAGASIN`,`ID_DETTRANSFERT`, `TRS_PRDQTE`, `TRS_PRDRECU`,`TRS_UNITE`, `TRS_REFLOT`, `TRS_DATEPEREMP`, `TRS_PV`, `TRS_MONLOT`) VALUES ('9/7010405',	'20039008','3/7010405', '7010405', '9','100','100', 'UT','97856DT21','2016-09-01','0.00','LOT/26/1');
INSERT INTO `dettransfert` (`CODE_DETTRANSFERT`, `CODE_PRODUIT`, `CODE_TRANSFERT`, `CODE_MAGASIN`,`ID_DETTRANSFERT`, `TRS_PRDQTE`, `TRS_PRDRECU`,`TRS_UNITE`, `TRS_REFLOT`, `TRS_DATEPEREMP`, `TRS_PV`, `TRS_MONLOT`) VALUES ('9/70107004',	'0201003','4/70107004', '70107004', '9','170','127', 'BT','RHS','2016-05-01','0.00','LOT/11/2');
INSERT INTO `bonsortie` (`CODE_BONSORTIE`, `CODE_BENEF`, `CODE_MAGASIN`, `ID_EXERCICE`, `REF_BONSORTIE`, `ID_BONSORTIE`,`SOR_LIBELLE`, `SOR_DATE`, `SOR_VALIDE`, `SOR_DATEVALID`) VALUES ('1/7010405',	'0102','7010405','2015','PERTE N°2', '1', 'RAPPRT MENSUEL DE DOGO','2015-06-25', '1', '2015-06-25 11:55:11');
INSERT INTO `bonsortie` (`CODE_BONSORTIE`, `CODE_BENEF`, `CODE_MAGASIN`, `ID_EXERCICE`, `REF_BONSORTIE`, `ID_BONSORTIE`,`SOR_LIBELLE`, `SOR_DATE`, `SOR_VALIDE`, `SOR_DATEVALID`) VALUES ('1/7010410',	'0102','7010410','2015','RAPPORT MENSUEL DE GOUNA', '1', 'CONSOMMATION MENSUELLE','2015-06-25', '1', '2015-06-25 11:43:53');
INSERT INTO `bonsortie` (`CODE_BONSORTIE`, `CODE_BENEF`, `CODE_MAGASIN`, `ID_EXERCICE`, `REF_BONSORTIE`, `ID_BONSORTIE`,`SOR_LIBELLE`, `SOR_DATE`, `SOR_VALIDE`, `SOR_DATEVALID`) VALUES ('1/7010432',	'0102','7010432','2015','RAPPORT MENSUEL DE TAKIETA', '1', 'CONSOMMATION MENSUELLE','2015-06-25', '1', '2015-06-25 11:51:04');
INSERT INTO `bonsortie` (`CODE_BONSORTIE`, `CODE_BENEF`, `CODE_MAGASIN`, `ID_EXERCICE`, `REF_BONSORTIE`, `ID_BONSORTIE`,`SOR_LIBELLE`, `SOR_DATE`, `SOR_VALIDE`, `SOR_DATEVALID`) VALUES ('2/7010410',	'0102','7010410','2015','RAPPORT MENSUEL', '2', 'CONSOMMATION MENSUELLE','2015-06-25', '1', '2015-06-25 11:46:41');
INSERT INTO `detbonsortie` (`CODE_DETBONSORTIE`, `CODE_PRODUIT`, `CODE_BONSORTIE`, `CODE_MAGASIN`, `ID_DETBONSORTIE`,`BSPRD_QTE`, `BSPRD_RECU`,`BSPRD_UNITE`, `BSPRD_REFLOT`, `BSPRD_DATEPEREMP`, `BSPRD_PV`, `BSPRD_MONLOT`) VALUES ('1/7010405','27039012','1/7010405','7010405', '1','80', '80','CY','DL','2015-10-01','0.00','LOT/6/4');
INSERT INTO `detbonsortie` (`CODE_DETBONSORTIE`, `CODE_PRODUIT`, `CODE_BONSORTIE`, `CODE_MAGASIN`, `ID_DETBONSORTIE`,`BSPRD_QTE`, `BSPRD_RECU`,`BSPRD_UNITE`, `BSPRD_REFLOT`, `BSPRD_DATEPEREMP`, `BSPRD_PV`, `BSPRD_MONLOT`) VALUES ('1/7010410','27039012','1/7010410','7010410', '1','10', '10','CY','DL','2015-10-01','0.00','LOT/6/4');
INSERT INTO `detbonsortie` (`CODE_DETBONSORTIE`, `CODE_PRODUIT`, `CODE_BONSORTIE`, `CODE_MAGASIN`, `ID_DETBONSORTIE`,`BSPRD_QTE`, `BSPRD_RECU`,`BSPRD_UNITE`, `BSPRD_REFLOT`, `BSPRD_DATEPEREMP`, `BSPRD_PV`, `BSPRD_MONLOT`) VALUES ('1/7010432','0201004','1/7010432','7010432', '1','4', '4','BT','HBR','2018-08-01','0.00','LOT/14/5');
INSERT INTO `detbonsortie` (`CODE_DETBONSORTIE`, `CODE_PRODUIT`, `CODE_BONSORTIE`, `CODE_MAGASIN`, `ID_DETBONSORTIE`,`BSPRD_QTE`, `BSPRD_RECU`,`BSPRD_UNITE`, `BSPRD_REFLOT`, `BSPRD_DATEPEREMP`, `BSPRD_PV`, `BSPRD_MONLOT`) VALUES ('2/7010405','27039002','1/7010405','7010405', '2','110', '110','UT','GMLMOPQ','2018-05-01','0.00','LOT/9/3');
INSERT INTO `detbonsortie` (`CODE_DETBONSORTIE`, `CODE_PRODUIT`, `CODE_BONSORTIE`, `CODE_MAGASIN`, `ID_DETBONSORTIE`,`BSPRD_QTE`, `BSPRD_RECU`,`BSPRD_UNITE`, `BSPRD_REFLOT`, `BSPRD_DATEPEREMP`, `BSPRD_PV`, `BSPRD_MONLOT`) VALUES ('2/7010410','27039001','1/7010410','7010410', '2','125', '125','FL','203675RH','2016-08-01','0.00','LOT/3/1');
INSERT INTO `detbonsortie` (`CODE_DETBONSORTIE`, `CODE_PRODUIT`, `CODE_BONSORTIE`, `CODE_MAGASIN`, `ID_DETBONSORTIE`,`BSPRD_QTE`, `BSPRD_RECU`,`BSPRD_UNITE`, `BSPRD_REFLOT`, `BSPRD_DATEPEREMP`, `BSPRD_PV`, `BSPRD_MONLOT`) VALUES ('2/7010432','0201003','1/7010432','7010432', '2','4', '4','BT','RHS','2016-05-01','0.00','LOT/11/2');
INSERT INTO `detbonsortie` (`CODE_DETBONSORTIE`, `CODE_PRODUIT`, `CODE_BONSORTIE`, `CODE_MAGASIN`, `ID_DETBONSORTIE`,`BSPRD_QTE`, `BSPRD_RECU`,`BSPRD_UNITE`, `BSPRD_REFLOT`, `BSPRD_DATEPEREMP`, `BSPRD_PV`, `BSPRD_MONLOT`) VALUES ('3/7010405','27039001','1/7010405','7010405', '3','199', '127','FL','203675RH','2016-08-01','0.00','LOT/3/1');
INSERT INTO `detbonsortie` (`CODE_DETBONSORTIE`, `CODE_PRODUIT`, `CODE_BONSORTIE`, `CODE_MAGASIN`, `ID_DETBONSORTIE`,`BSPRD_QTE`, `BSPRD_RECU`,`BSPRD_UNITE`, `BSPRD_REFLOT`, `BSPRD_DATEPEREMP`, `BSPRD_PV`, `BSPRD_MONLOT`) VALUES ('3/7010410','27039002','1/7010410','7010410', '3','38', '38','UT','GMLMOPQ','2018-05-01','0.00','LOT/9/3');
INSERT INTO `detbonsortie` (`CODE_DETBONSORTIE`, `CODE_PRODUIT`, `CODE_BONSORTIE`, `CODE_MAGASIN`, `ID_DETBONSORTIE`,`BSPRD_QTE`, `BSPRD_RECU`,`BSPRD_UNITE`, `BSPRD_REFLOT`, `BSPRD_DATEPEREMP`, `BSPRD_PV`, `BSPRD_MONLOT`) VALUES ('4/7010410','0201002','2/7010410','7010410', '4','16', '16','BT','SLM','2017-12-01','0.00','LOT/10/1');
INSERT INTO `detbonsortie` (`CODE_DETBONSORTIE`, `CODE_PRODUIT`, `CODE_BONSORTIE`, `CODE_MAGASIN`, `ID_DETBONSORTIE`,`BSPRD_QTE`, `BSPRD_RECU`,`BSPRD_UNITE`, `BSPRD_REFLOT`, `BSPRD_DATEPEREMP`, `BSPRD_PV`, `BSPRD_MONLOT`) VALUES ('5/7010410','0201003','2/7010410','7010410', '5','8', '8','BT','RHS','2016-05-01','0.00','LOT/11/2');
INSERT INTO `mouvement` (`CODE_MOUVEMENT`, `ID_EXERCICE`, `CODE_PRODUIT`, `CODE_MAGASIN`, `ID_MOUVEMENT`,`ID_SOURCE`,`MVT_DATE`, `MVT_TIME`, `MVT_QUANTITE`, `MVT_UNITE`, `MVT_NATURE`, `MVT_VALID`, `MVT_DATEVALID`,`MVT_TYPE`, `MVT_REFLOT`, `MVT_DATEPEREMP`, `MVT_PV`, `MVT_PA`, `MVT_PR`, `MVT_MONLOT`) VALUES	('1/7010405', '2015', '27039012','7010405', '1', '2/7010405','2015-05-20', '03:51:55', '110','CY', 'TRANSFERT ENTRANT', '1', '2015-06-25 03:51:55', 'E', 'DL','2015-10-01', '0.00', NULL,NULL, 'LOT/6/4');
INSERT INTO `mouvement` (`CODE_MOUVEMENT`, `ID_EXERCICE`, `CODE_PRODUIT`, `CODE_MAGASIN`, `ID_MOUVEMENT`,`ID_SOURCE`,`MVT_DATE`, `MVT_TIME`, `MVT_QUANTITE`, `MVT_UNITE`, `MVT_NATURE`, `MVT_VALID`, `MVT_DATEVALID`,`MVT_TYPE`, `MVT_REFLOT`, `MVT_DATEPEREMP`, `MVT_PV`, `MVT_PA`, `MVT_PR`, `MVT_MONLOT`) VALUES	('1/7010410', '2015', '27039012','7010410', '1', '1/7010410','2015-06-25', '04:17:26', '110','CY', 'TRANSFERT ENTRANT', '1', '2015-06-25 04:17:26', 'E', 'DL','2015-10-01', '0.00', NULL,NULL, 'LOT/6/4');
INSERT INTO `mouvement` (`CODE_MOUVEMENT`, `ID_EXERCICE`, `CODE_PRODUIT`, `CODE_MAGASIN`, `ID_MOUVEMENT`,`ID_SOURCE`,`MVT_DATE`, `MVT_TIME`, `MVT_QUANTITE`, `MVT_UNITE`, `MVT_NATURE`, `MVT_VALID`, `MVT_DATEVALID`,`MVT_TYPE`, `MVT_REFLOT`, `MVT_DATEPEREMP`, `MVT_PV`, `MVT_PA`, `MVT_PR`, `MVT_MONLOT`) VALUES	('1/7010412', '2015', '0201002','7010412', '1', '1/7010412','2015-05-23', '07:18:39', '130','BT', 'TRANSFERT ENTRANT', '1', '2015-06-25 07:18:39', 'E', 'LMD','2019-01-01', '0.00', NULL,NULL, 'LOT/13/4');
INSERT INTO `mouvement` (`CODE_MOUVEMENT`, `ID_EXERCICE`, `CODE_PRODUIT`, `CODE_MAGASIN`, `ID_MOUVEMENT`,`ID_SOURCE`,`MVT_DATE`, `MVT_TIME`, `MVT_QUANTITE`, `MVT_UNITE`, `MVT_NATURE`, `MVT_VALID`, `MVT_DATEVALID`,`MVT_TYPE`, `MVT_REFLOT`, `MVT_DATEPEREMP`, `MVT_PV`, `MVT_PA`, `MVT_PR`, `MVT_MONLOT`) VALUES	('1/7010432', '2015', '0201004','7010432', '1', '1/7010432','2015-05-22', '04:33:26', '30','BT', 'TRANSFERT ENTRANT', '1', '2015-06-25 04:33:26', 'E', 'HBR','2018-08-01', '0.00', NULL,NULL, 'LOT/14/5');
INSERT INTO `mouvement` (`CODE_MOUVEMENT`, `ID_EXERCICE`, `CODE_PRODUIT`, `CODE_MAGASIN`, `ID_MOUVEMENT`,`ID_SOURCE`,`MVT_DATE`, `MVT_TIME`, `MVT_QUANTITE`, `MVT_UNITE`, `MVT_NATURE`, `MVT_VALID`, `MVT_DATEVALID`,`MVT_TYPE`, `MVT_REFLOT`, `MVT_DATEPEREMP`, `MVT_PV`, `MVT_PA`, `MVT_PR`, `MVT_MONLOT`) VALUES	('10/7010405', '2015', '25014004','7010405', '10', '4/7010405','2015-05-20', '08:19:12', '1000','AM', 'TRANSFERT ENTRANT', '1', '2015-06-25 08:19:12', 'E', 'LG3404','2016-12-01', '0.00', NULL,NULL, 'LOT/20/3');
INSERT INTO `mouvement` (`CODE_MOUVEMENT`, `ID_EXERCICE`, `CODE_PRODUIT`, `CODE_MAGASIN`, `ID_MOUVEMENT`,`ID_SOURCE`,`MVT_DATE`, `MVT_TIME`, `MVT_QUANTITE`, `MVT_UNITE`, `MVT_NATURE`, `MVT_VALID`, `MVT_DATEVALID`,`MVT_TYPE`, `MVT_REFLOT`, `MVT_DATEPEREMP`, `MVT_PV`, `MVT_PA`, `MVT_PR`, `MVT_MONLOT`) VALUES	('10/7010410', '2015', '27039001','7010410', '10', '1/7010410','2015-06-25', '11:34:04', '2','FL', 'DECLASSEMENT', '1', '2015-06-25 11:47:10', 'S', '203675RH','2016-08-01', '0.00', NULL,NULL, 'LOT/3/1');
INSERT INTO `mouvement` (`CODE_MOUVEMENT`, `ID_EXERCICE`, `CODE_PRODUIT`, `CODE_MAGASIN`, `ID_MOUVEMENT`,`ID_SOURCE`,`MVT_DATE`, `MVT_TIME`, `MVT_QUANTITE`, `MVT_UNITE`, `MVT_NATURE`, `MVT_VALID`, `MVT_DATEVALID`,`MVT_TYPE`, `MVT_REFLOT`, `MVT_DATEPEREMP`, `MVT_PV`, `MVT_PA`, `MVT_PR`, `MVT_MONLOT`) VALUES	('10/7010700', '2015', '0201002','70107004', '10', '4/70107004','2015-05-04', '12:28:34', '250','BT', 'LIVRAISON', '1', '2015-06-24 12:29:10', 'E', 'SLM','2017-12-01', NULL, '0.00',NULL, 'LOT/10/1');
INSERT INTO `mouvement` (`CODE_MOUVEMENT`, `ID_EXERCICE`, `CODE_PRODUIT`, `CODE_MAGASIN`, `ID_MOUVEMENT`,`ID_SOURCE`,`MVT_DATE`, `MVT_TIME`, `MVT_QUANTITE`, `MVT_UNITE`, `MVT_NATURE`, `MVT_VALID`, `MVT_DATEVALID`,`MVT_TYPE`, `MVT_REFLOT`, `MVT_DATEPEREMP`, `MVT_PV`, `MVT_PA`, `MVT_PR`, `MVT_MONLOT`) VALUES	('11/7010405', '2015', '180040031','7010405', '11', '4/7010405','2015-05-20', '08:19:12', '4000','CP', 'TRANSFERT ENTRANT', '1', '2015-06-25 08:19:12', 'E', 'FFFFF','2019-01-01', '0.00', NULL,NULL, 'LOT/19/2');
INSERT INTO `mouvement` (`CODE_MOUVEMENT`, `ID_EXERCICE`, `CODE_PRODUIT`, `CODE_MAGASIN`, `ID_MOUVEMENT`,`ID_SOURCE`,`MVT_DATE`, `MVT_TIME`, `MVT_QUANTITE`, `MVT_UNITE`, `MVT_NATURE`, `MVT_VALID`, `MVT_DATEVALID`,`MVT_TYPE`, `MVT_REFLOT`, `MVT_DATEPEREMP`, `MVT_PV`, `MVT_PA`, `MVT_PR`, `MVT_MONLOT`) VALUES	('11/7010410', '2015', '27039002','7010410', '11', '1/7010410','2015-06-25', '11:34:04', '2','UT', 'DECLASSEMENT', '1', '2015-06-25 11:47:10', 'S', 'GMLMOPQ','2018-05-01', '0.00', NULL,NULL, 'LOT/9/3');
INSERT INTO `mouvement` (`CODE_MOUVEMENT`, `ID_EXERCICE`, `CODE_PRODUIT`, `CODE_MAGASIN`, `ID_MOUVEMENT`,`ID_SOURCE`,`MVT_DATE`, `MVT_TIME`, `MVT_QUANTITE`, `MVT_UNITE`, `MVT_NATURE`, `MVT_VALID`, `MVT_DATEVALID`,`MVT_TYPE`, `MVT_REFLOT`, `MVT_DATEPEREMP`, `MVT_PV`, `MVT_PA`, `MVT_PR`, `MVT_MONLOT`) VALUES	('11/7010700', '2015', '0201003','70107004', '11', '4/70107004','2015-05-04', '12:28:34', '200','BT', 'LIVRAISON', '1', '2015-06-24 12:29:10', 'E', 'RHS','2016-05-01', NULL, '0.00',NULL, 'LOT/11/2');
INSERT INTO `mouvement` (`CODE_MOUVEMENT`, `ID_EXERCICE`, `CODE_PRODUIT`, `CODE_MAGASIN`, `ID_MOUVEMENT`,`ID_SOURCE`,`MVT_DATE`, `MVT_TIME`, `MVT_QUANTITE`, `MVT_UNITE`, `MVT_NATURE`, `MVT_VALID`, `MVT_DATEVALID`,`MVT_TYPE`, `MVT_REFLOT`, `MVT_DATEPEREMP`, `MVT_PV`, `MVT_PA`, `MVT_PR`, `MVT_MONLOT`) VALUES	('12/7010405', '2015', '18004003','7010405', '12', '4/7010405','2015-05-20', '08:19:12', '200','AM', 'TRANSFERT ENTRANT', '1', '2015-06-25 08:19:12', 'E', 'GG1204','2016-05-01', '0.00', NULL,NULL, 'LOT/25/1');
INSERT INTO `mouvement` (`CODE_MOUVEMENT`, `ID_EXERCICE`, `CODE_PRODUIT`, `CODE_MAGASIN`, `ID_MOUVEMENT`,`ID_SOURCE`,`MVT_DATE`, `MVT_TIME`, `MVT_QUANTITE`, `MVT_UNITE`, `MVT_NATURE`, `MVT_VALID`, `MVT_DATEVALID`,`MVT_TYPE`, `MVT_REFLOT`, `MVT_DATEPEREMP`, `MVT_PV`, `MVT_PA`, `MVT_PR`, `MVT_MONLOT`) VALUES	('12/7010410', '2015', '0201002','7010410', '12', '2/7010410','2015-06-25', '11:46:32', '16','BT', 'BON DE SORTIE', '1', '2015-06-25 11:46:41', 'S', 'SLM','2017-12-01', '0.00', NULL,NULL, 'LOT/10/1');
INSERT INTO `mouvement` (`CODE_MOUVEMENT`, `ID_EXERCICE`, `CODE_PRODUIT`, `CODE_MAGASIN`, `ID_MOUVEMENT`,`ID_SOURCE`,`MVT_DATE`, `MVT_TIME`, `MVT_QUANTITE`, `MVT_UNITE`, `MVT_NATURE`, `MVT_VALID`, `MVT_DATEVALID`,`MVT_TYPE`, `MVT_REFLOT`, `MVT_DATEPEREMP`, `MVT_PV`, `MVT_PA`, `MVT_PR`, `MVT_MONLOT`) VALUES	('12/7010700', '2015', '0201004','70107004', '12', '4/70107004','2015-05-04', '12:28:34', '150','BT', 'LIVRAISON', '1', '2015-06-24 12:29:10', 'E', 'DDO','2016-07-01', NULL, '0.00',NULL, 'LOT/12/3');
INSERT INTO `mouvement` (`CODE_MOUVEMENT`, `ID_EXERCICE`, `CODE_PRODUIT`, `CODE_MAGASIN`, `ID_MOUVEMENT`,`ID_SOURCE`,`MVT_DATE`, `MVT_TIME`, `MVT_QUANTITE`, `MVT_UNITE`, `MVT_NATURE`, `MVT_VALID`, `MVT_DATEVALID`,`MVT_TYPE`, `MVT_REFLOT`, `MVT_DATEPEREMP`, `MVT_PV`, `MVT_PA`, `MVT_PR`, `MVT_MONLOT`) VALUES	('13/7010405', '2015', '27039012','7010405', '13', '1/7010405','2015-06-25', '11:37:50', '80','CY', 'BON DE SORTIE', '1', '2015-06-25 11:55:11', 'S', 'DL','2015-10-01', '0.00', NULL,NULL, 'LOT/6/4');
INSERT INTO `mouvement` (`CODE_MOUVEMENT`, `ID_EXERCICE`, `CODE_PRODUIT`, `CODE_MAGASIN`, `ID_MOUVEMENT`,`ID_SOURCE`,`MVT_DATE`, `MVT_TIME`, `MVT_QUANTITE`, `MVT_UNITE`, `MVT_NATURE`, `MVT_VALID`, `MVT_DATEVALID`,`MVT_TYPE`, `MVT_REFLOT`, `MVT_DATEPEREMP`, `MVT_PV`, `MVT_PA`, `MVT_PR`, `MVT_MONLOT`) VALUES	('13/7010410', '2015', '0201003','7010410', '13', '2/7010410','2015-06-25', '11:46:32', '8','BT', 'BON DE SORTIE', '1', '2015-06-25 11:46:41', 'S', 'RHS','2016-05-01', '0.00', NULL,NULL, 'LOT/11/2');
INSERT INTO `mouvement` (`CODE_MOUVEMENT`, `ID_EXERCICE`, `CODE_PRODUIT`, `CODE_MAGASIN`, `ID_MOUVEMENT`,`ID_SOURCE`,`MVT_DATE`, `MVT_TIME`, `MVT_QUANTITE`, `MVT_UNITE`, `MVT_NATURE`, `MVT_VALID`, `MVT_DATEVALID`,`MVT_TYPE`, `MVT_REFLOT`, `MVT_DATEPEREMP`, `MVT_PV`, `MVT_PA`, `MVT_PR`, `MVT_MONLOT`) VALUES	('13/7010700', '2015', '0201002','70107004', '13', '4/70107004','2015-05-04', '12:28:34', '50','BT', 'LIVRAISON', '1', '2015-06-24 12:29:10', 'E', 'LMD','2019-01-01', NULL, '0.00',NULL, 'LOT/13/4');
INSERT INTO `mouvement` (`CODE_MOUVEMENT`, `ID_EXERCICE`, `CODE_PRODUIT`, `CODE_MAGASIN`, `ID_MOUVEMENT`,`ID_SOURCE`,`MVT_DATE`, `MVT_TIME`, `MVT_QUANTITE`, `MVT_UNITE`, `MVT_NATURE`, `MVT_VALID`, `MVT_DATEVALID`,`MVT_TYPE`, `MVT_REFLOT`, `MVT_DATEPEREMP`, `MVT_PV`, `MVT_PA`, `MVT_PR`, `MVT_MONLOT`) VALUES	('14/7010405', '2015', '27039002','7010405', '14', '1/7010405','2015-06-25', '11:37:50', '110','UT', 'BON DE SORTIE', '1', '2015-06-25 11:55:11', 'S', 'GMLMOPQ','2018-05-01', '0.00', NULL,NULL, 'LOT/9/3');
INSERT INTO `mouvement` (`CODE_MOUVEMENT`, `ID_EXERCICE`, `CODE_PRODUIT`, `CODE_MAGASIN`, `ID_MOUVEMENT`,`ID_SOURCE`,`MVT_DATE`, `MVT_TIME`, `MVT_QUANTITE`, `MVT_UNITE`, `MVT_NATURE`, `MVT_VALID`, `MVT_DATEVALID`,`MVT_TYPE`, `MVT_REFLOT`, `MVT_DATEPEREMP`, `MVT_PV`, `MVT_PA`, `MVT_PR`, `MVT_MONLOT`) VALUES	('14/7010700', '2015', '0201004','70107004', '14', '4/70107004','2015-05-04', '12:28:34', '50','BT', 'LIVRAISON', '1', '2015-06-24 12:29:10', 'E', 'HBR','2018-08-01', NULL, '0.00',NULL, 'LOT/14/5');
INSERT INTO `mouvement` (`CODE_MOUVEMENT`, `ID_EXERCICE`, `CODE_PRODUIT`, `CODE_MAGASIN`, `ID_MOUVEMENT`,`ID_SOURCE`,`MVT_DATE`, `MVT_TIME`, `MVT_QUANTITE`, `MVT_UNITE`, `MVT_NATURE`, `MVT_VALID`, `MVT_DATEVALID`,`MVT_TYPE`, `MVT_REFLOT`, `MVT_DATEPEREMP`, `MVT_PV`, `MVT_PA`, `MVT_PR`, `MVT_MONLOT`) VALUES	('15/7010405', '2015', '27039001','7010405', '15', '1/7010405','2015-06-25', '11:37:50', '199','FL', 'BON DE SORTIE', '1', '2015-06-25 11:55:11', 'S', '203675RH','2016-08-01', '0.00', NULL,NULL, 'LOT/3/1');
INSERT INTO `mouvement` (`CODE_MOUVEMENT`, `ID_EXERCICE`, `CODE_PRODUIT`, `CODE_MAGASIN`, `ID_MOUVEMENT`,`ID_SOURCE`,`MVT_DATE`, `MVT_TIME`, `MVT_QUANTITE`, `MVT_UNITE`, `MVT_NATURE`, `MVT_VALID`, `MVT_DATEVALID`,`MVT_TYPE`, `MVT_REFLOT`, `MVT_DATEPEREMP`, `MVT_PV`, `MVT_PA`, `MVT_PR`, `MVT_MONLOT`) VALUES	('16/7010405', '2015', '27039012','7010405', '16', '1/7010405','2015-06-25', '11:40:06', '1','CY', 'DECLASSEMENT', '1', '2015-06-25 11:40:14', 'S', 'DL','2015-10-01', '0.00', NULL,NULL, 'LOT/6/4');
INSERT INTO `mouvement` (`CODE_MOUVEMENT`, `ID_EXERCICE`, `CODE_PRODUIT`, `CODE_MAGASIN`, `ID_MOUVEMENT`,`ID_SOURCE`,`MVT_DATE`, `MVT_TIME`, `MVT_QUANTITE`, `MVT_UNITE`, `MVT_NATURE`, `MVT_VALID`, `MVT_DATEVALID`,`MVT_TYPE`, `MVT_REFLOT`, `MVT_DATEPEREMP`, `MVT_PV`, `MVT_PA`, `MVT_PR`, `MVT_MONLOT`) VALUES	('17/7010405', '2015', '27039002','7010405', '17', '1/7010405','2015-06-25', '11:40:06', '5','UT', 'DECLASSEMENT', '1', '2015-06-25 11:40:14', 'S', 'GMLMOPQ','2018-05-01', '0.00', NULL,NULL, 'LOT/9/3');
INSERT INTO `mouvement` (`CODE_MOUVEMENT`, `ID_EXERCICE`, `CODE_PRODUIT`, `CODE_MAGASIN`, `ID_MOUVEMENT`,`ID_SOURCE`,`MVT_DATE`, `MVT_TIME`, `MVT_QUANTITE`, `MVT_UNITE`, `MVT_NATURE`, `MVT_VALID`, `MVT_DATEVALID`,`MVT_TYPE`, `MVT_REFLOT`, `MVT_DATEPEREMP`, `MVT_PV`, `MVT_PA`, `MVT_PR`, `MVT_MONLOT`) VALUES	('18/7010405', '2015', '27039001','7010405', '18', '1/7010405','2015-06-25', '11:40:06', '2','FL', 'DECLASSEMENT', '1', '2015-06-25 11:40:14', 'S', '203675RH','2016-08-01', '0.00', NULL,NULL, 'LOT/3/1');
INSERT INTO `mouvement` (`CODE_MOUVEMENT`, `ID_EXERCICE`, `CODE_PRODUIT`, `CODE_MAGASIN`, `ID_MOUVEMENT`,`ID_SOURCE`,`MVT_DATE`, `MVT_TIME`, `MVT_QUANTITE`, `MVT_UNITE`, `MVT_NATURE`, `MVT_VALID`, `MVT_DATEVALID`,`MVT_TYPE`, `MVT_REFLOT`, `MVT_DATEPEREMP`, `MVT_PV`, `MVT_PA`, `MVT_PR`, `MVT_MONLOT`) VALUES	('18/7010700', '2015', '18004003','70107004', '18', '6/70107004','2015-05-09', '13:07:00', '2000','AM', 'LIVRAISON', '1', '2015-06-24 13:11:53', 'E', 'AAAA','2017-12-01', NULL, '0.00',NULL, 'LOT/18/1');
INSERT INTO `mouvement` (`CODE_MOUVEMENT`, `ID_EXERCICE`, `CODE_PRODUIT`, `CODE_MAGASIN`, `ID_MOUVEMENT`,`ID_SOURCE`,`MVT_DATE`, `MVT_TIME`, `MVT_QUANTITE`, `MVT_UNITE`, `MVT_NATURE`, `MVT_VALID`, `MVT_DATEVALID`,`MVT_TYPE`, `MVT_REFLOT`, `MVT_DATEPEREMP`, `MVT_PV`, `MVT_PA`, `MVT_PR`, `MVT_MONLOT`) VALUES	('19/7010700', '2015', '180040031','70107004', '19', '6/70107004','2015-05-09', '13:07:00', '12000','CP', 'LIVRAISON', '1', '2015-06-24 13:11:53', 'E', 'FFFFF','2019-01-01', NULL, '0.00',NULL, 'LOT/19/2');
INSERT INTO `mouvement` (`CODE_MOUVEMENT`, `ID_EXERCICE`, `CODE_PRODUIT`, `CODE_MAGASIN`, `ID_MOUVEMENT`,`ID_SOURCE`,`MVT_DATE`, `MVT_TIME`, `MVT_QUANTITE`, `MVT_UNITE`, `MVT_NATURE`, `MVT_VALID`, `MVT_DATEVALID`,`MVT_TYPE`, `MVT_REFLOT`, `MVT_DATEPEREMP`, `MVT_PV`, `MVT_PA`, `MVT_PR`, `MVT_MONLOT`) VALUES	('2/7010405', '2015', '27039001','7010405', '2', '2/7010405','2015-05-20', '03:51:55', '1300','FL', 'TRANSFERT ENTRANT', '1', '2015-06-25 03:51:55', 'E', '203675RH','2016-08-01', '0.00', NULL,NULL, 'LOT/3/1');
INSERT INTO `mouvement` (`CODE_MOUVEMENT`, `ID_EXERCICE`, `CODE_PRODUIT`, `CODE_MAGASIN`, `ID_MOUVEMENT`,`ID_SOURCE`,`MVT_DATE`, `MVT_TIME`, `MVT_QUANTITE`, `MVT_UNITE`, `MVT_NATURE`, `MVT_VALID`, `MVT_DATEVALID`,`MVT_TYPE`, `MVT_REFLOT`, `MVT_DATEPEREMP`, `MVT_PV`, `MVT_PA`, `MVT_PR`, `MVT_MONLOT`) VALUES	('2/7010410', '2015', '27039001','7010410', '2', '1/7010410','2015-06-25', '04:17:26', '1300','FL', 'TRANSFERT ENTRANT', '1', '2015-06-25 04:17:26', 'E', '203675RH','2016-08-01', '0.00', NULL,NULL, 'LOT/3/1');
INSERT INTO `mouvement` (`CODE_MOUVEMENT`, `ID_EXERCICE`, `CODE_PRODUIT`, `CODE_MAGASIN`, `ID_MOUVEMENT`,`ID_SOURCE`,`MVT_DATE`, `MVT_TIME`, `MVT_QUANTITE`, `MVT_UNITE`, `MVT_NATURE`, `MVT_VALID`, `MVT_DATEVALID`,`MVT_TYPE`, `MVT_REFLOT`, `MVT_DATEPEREMP`, `MVT_PV`, `MVT_PA`, `MVT_PR`, `MVT_MONLOT`) VALUES	('2/7010412', '2015', '0201004','7010412', '2', '1/7010412','2015-05-23', '07:18:39', '50','BT', 'TRANSFERT ENTRANT', '1', '2015-06-25 07:18:39', 'E', 'DDO','2016-07-01', '0.00', NULL,NULL, 'LOT/12/3');
INSERT INTO `mouvement` (`CODE_MOUVEMENT`, `ID_EXERCICE`, `CODE_PRODUIT`, `CODE_MAGASIN`, `ID_MOUVEMENT`,`ID_SOURCE`,`MVT_DATE`, `MVT_TIME`, `MVT_QUANTITE`, `MVT_UNITE`, `MVT_NATURE`, `MVT_VALID`, `MVT_DATEVALID`,`MVT_TYPE`, `MVT_REFLOT`, `MVT_DATEPEREMP`, `MVT_PV`, `MVT_PA`, `MVT_PR`, `MVT_MONLOT`) VALUES	('2/7010432', '2015', '0201003','7010432', '2', '1/7010432','2015-05-22', '04:33:26', '30','BT', 'TRANSFERT ENTRANT', '1', '2015-06-25 04:33:26', 'E', 'RHS','2016-05-01', '0.00', NULL,NULL, 'LOT/11/2');
INSERT INTO `mouvement` (`CODE_MOUVEMENT`, `ID_EXERCICE`, `CODE_PRODUIT`, `CODE_MAGASIN`, `ID_MOUVEMENT`,`ID_SOURCE`,`MVT_DATE`, `MVT_TIME`, `MVT_QUANTITE`, `MVT_UNITE`, `MVT_NATURE`, `MVT_VALID`, `MVT_DATEVALID`,`MVT_TYPE`, `MVT_REFLOT`, `MVT_DATEPEREMP`, `MVT_PV`, `MVT_PA`, `MVT_PR`, `MVT_MONLOT`) VALUES	('20/7010700', '2015', '25014004','70107004', '20', '6/70107004','2015-05-09', '13:07:00', '6000','AM', 'LIVRAISON', '1', '2015-06-24 13:11:53', 'E', 'LG3404','2016-12-01', NULL, '0.00',NULL, 'LOT/20/3');
INSERT INTO `mouvement` (`CODE_MOUVEMENT`, `ID_EXERCICE`, `CODE_PRODUIT`, `CODE_MAGASIN`, `ID_MOUVEMENT`,`ID_SOURCE`,`MVT_DATE`, `MVT_TIME`, `MVT_QUANTITE`, `MVT_UNITE`, `MVT_NATURE`, `MVT_VALID`, `MVT_DATEVALID`,`MVT_TYPE`, `MVT_REFLOT`, `MVT_DATEPEREMP`, `MVT_PV`, `MVT_PA`, `MVT_PR`, `MVT_MONLOT`) VALUES	('22/7010700', '2015', '0201002','70107004', '22', '8/70107004','2015-05-09', '13:26:22', '150','BT', 'LIVRAISON', '1', '2015-06-24 13:26:46', 'E', 'LMD','2019-01-01', NULL, '0.00',NULL, 'LOT/22/1');
INSERT INTO `mouvement` (`CODE_MOUVEMENT`, `ID_EXERCICE`, `CODE_PRODUIT`, `CODE_MAGASIN`, `ID_MOUVEMENT`,`ID_SOURCE`,`MVT_DATE`, `MVT_TIME`, `MVT_QUANTITE`, `MVT_UNITE`, `MVT_NATURE`, `MVT_VALID`, `MVT_DATEVALID`,`MVT_TYPE`, `MVT_REFLOT`, `MVT_DATEPEREMP`, `MVT_PV`, `MVT_PA`, `MVT_PR`, `MVT_MONLOT`) VALUES	('23/7010700', '2015', '0201003','70107004', '23', '8/70107004','2015-05-09', '13:26:22', '100','BT', 'LIVRAISON', '1', '2015-06-24 13:26:46', 'E', 'HBR','2018-08-01', NULL, '0.00',NULL, 'LOT/23/2');
INSERT INTO `mouvement` (`CODE_MOUVEMENT`, `ID_EXERCICE`, `CODE_PRODUIT`, `CODE_MAGASIN`, `ID_MOUVEMENT`,`ID_SOURCE`,`MVT_DATE`, `MVT_TIME`, `MVT_QUANTITE`, `MVT_UNITE`, `MVT_NATURE`, `MVT_VALID`, `MVT_DATEVALID`,`MVT_TYPE`, `MVT_REFLOT`, `MVT_DATEPEREMP`, `MVT_PV`, `MVT_PA`, `MVT_PR`, `MVT_MONLOT`) VALUES	('24/7010700', '2015', '0201004','70107004', '24', '8/70107004','2015-05-09', '13:26:22', '100','BT', 'LIVRAISON', '1', '2015-06-24 13:26:46', 'E', 'LLLMS','2019-05-01', NULL, '0.00',NULL, 'LOT/24/3');
INSERT INTO `mouvement` (`CODE_MOUVEMENT`, `ID_EXERCICE`, `CODE_PRODUIT`, `CODE_MAGASIN`, `ID_MOUVEMENT`,`ID_SOURCE`,`MVT_DATE`, `MVT_TIME`, `MVT_QUANTITE`, `MVT_UNITE`, `MVT_NATURE`, `MVT_VALID`, `MVT_DATEVALID`,`MVT_TYPE`, `MVT_REFLOT`, `MVT_DATEPEREMP`, `MVT_PV`, `MVT_PA`, `MVT_PR`, `MVT_MONLOT`) VALUES	('25/7010700', '2015', '18004003','70107004', '25', '9/70107004','2015-05-17', '13:37:21', '2000','AM', 'LIVRAISON', '1', '2015-06-24 13:37:30', 'E', 'GG1204','2016-05-01', NULL, '0.00',NULL, 'LOT/25/1');
INSERT INTO `mouvement` (`CODE_MOUVEMENT`, `ID_EXERCICE`, `CODE_PRODUIT`, `CODE_MAGASIN`, `ID_MOUVEMENT`,`ID_SOURCE`,`MVT_DATE`, `MVT_TIME`, `MVT_QUANTITE`, `MVT_UNITE`, `MVT_NATURE`, `MVT_VALID`, `MVT_DATEVALID`,`MVT_TYPE`, `MVT_REFLOT`, `MVT_DATEPEREMP`, `MVT_PV`, `MVT_PA`, `MVT_PR`, `MVT_MONLOT`) VALUES	('26/7010700', '2015', '27039012','70107004', '26', '2/70107004','2015-05-20', '03:51:55', '110','CY', 'TRANSFERT SORTANT', '1', '2015-06-25 03:51:55', 'S', 'DL','2015-10-01', '0.00', NULL,NULL, 'LOT/6/4');
INSERT INTO `mouvement` (`CODE_MOUVEMENT`, `ID_EXERCICE`, `CODE_PRODUIT`, `CODE_MAGASIN`, `ID_MOUVEMENT`,`ID_SOURCE`,`MVT_DATE`, `MVT_TIME`, `MVT_QUANTITE`, `MVT_UNITE`, `MVT_NATURE`, `MVT_VALID`, `MVT_DATEVALID`,`MVT_TYPE`, `MVT_REFLOT`, `MVT_DATEPEREMP`, `MVT_PV`, `MVT_PA`, `MVT_PR`, `MVT_MONLOT`) VALUES	('27/7010700', '2015', '27039001','70107004', '27', '2/70107004','2015-05-20', '03:51:55', '1300','FL', 'TRANSFERT SORTANT', '1', '2015-06-25 03:51:55', 'S', '203675RH','2016-08-01', '0.00', NULL,NULL, 'LOT/3/1');
INSERT INTO `mouvement` (`CODE_MOUVEMENT`, `ID_EXERCICE`, `CODE_PRODUIT`, `CODE_MAGASIN`, `ID_MOUVEMENT`,`ID_SOURCE`,`MVT_DATE`, `MVT_TIME`, `MVT_QUANTITE`, `MVT_UNITE`, `MVT_NATURE`, `MVT_VALID`, `MVT_DATEVALID`,`MVT_TYPE`, `MVT_REFLOT`, `MVT_DATEPEREMP`, `MVT_PV`, `MVT_PA`, `MVT_PR`, `MVT_MONLOT`) VALUES	('28/7010700', '2015', '27039002','70107004', '28', '2/70107004','2015-05-20', '03:51:55', '400','UT', 'TRANSFERT SORTANT', '1', '2015-06-25 03:51:55', 'S', 'GMLMOPQ','2018-05-01', '0.00', NULL,NULL, 'LOT/9/3');
INSERT INTO `mouvement` (`CODE_MOUVEMENT`, `ID_EXERCICE`, `CODE_PRODUIT`, `CODE_MAGASIN`, `ID_MOUVEMENT`,`ID_SOURCE`,`MVT_DATE`, `MVT_TIME`, `MVT_QUANTITE`, `MVT_UNITE`, `MVT_NATURE`, `MVT_VALID`, `MVT_DATEVALID`,`MVT_TYPE`, `MVT_REFLOT`, `MVT_DATEPEREMP`, `MVT_PV`, `MVT_PA`, `MVT_PR`, `MVT_MONLOT`) VALUES	('29/7010700', '2015', '27039007','70107004', '29', '2/70107004','2015-05-20', '03:51:55', '100','UT', 'TRANSFERT SORTANT', '1', '2015-06-25 03:51:55', 'S', 'NP','2017-03-01', '0.00', NULL,NULL, 'LOT/4/2');
INSERT INTO `mouvement` (`CODE_MOUVEMENT`, `ID_EXERCICE`, `CODE_PRODUIT`, `CODE_MAGASIN`, `ID_MOUVEMENT`,`ID_SOURCE`,`MVT_DATE`, `MVT_TIME`, `MVT_QUANTITE`, `MVT_UNITE`, `MVT_NATURE`, `MVT_VALID`, `MVT_DATEVALID`,`MVT_TYPE`, `MVT_REFLOT`, `MVT_DATEPEREMP`, `MVT_PV`, `MVT_PA`, `MVT_PR`, `MVT_MONLOT`) VALUES	('3/7010405', '2015', '27039002','7010405', '3', '2/7010405','2015-05-20', '03:51:55', '400','UT', 'TRANSFERT ENTRANT', '1', '2015-06-25 03:51:55', 'E', 'GMLMOPQ','2018-05-01', '0.00', NULL,NULL, 'LOT/9/3');
INSERT INTO `mouvement` (`CODE_MOUVEMENT`, `ID_EXERCICE`, `CODE_PRODUIT`, `CODE_MAGASIN`, `ID_MOUVEMENT`,`ID_SOURCE`,`MVT_DATE`, `MVT_TIME`, `MVT_QUANTITE`, `MVT_UNITE`, `MVT_NATURE`, `MVT_VALID`, `MVT_DATEVALID`,`MVT_TYPE`, `MVT_REFLOT`, `MVT_DATEPEREMP`, `MVT_PV`, `MVT_PA`, `MVT_PR`, `MVT_MONLOT`) VALUES	('3/7010410', '2015', '27039002','7010410', '3', '1/7010410','2015-06-25', '04:17:26', '40','UT', 'TRANSFERT ENTRANT', '1', '2015-06-25 04:17:26', 'E', 'GMLMOPQ','2018-05-01', '0.00', NULL,NULL, 'LOT/9/3');
INSERT INTO `mouvement` (`CODE_MOUVEMENT`, `ID_EXERCICE`, `CODE_PRODUIT`, `CODE_MAGASIN`, `ID_MOUVEMENT`,`ID_SOURCE`,`MVT_DATE`, `MVT_TIME`, `MVT_QUANTITE`, `MVT_UNITE`, `MVT_NATURE`, `MVT_VALID`, `MVT_DATEVALID`,`MVT_TYPE`, `MVT_REFLOT`, `MVT_DATEPEREMP`, `MVT_PV`, `MVT_PA`, `MVT_PR`, `MVT_MONLOT`) VALUES	('3/7010412', '2015', '0201003','7010412', '3', '1/7010412','2015-05-23', '07:18:39', '80','BT', 'TRANSFERT ENTRANT', '1', '2015-06-25 07:18:39', 'E', 'HBR','2018-08-01', '0.00', NULL,NULL, 'LOT/23/2');
INSERT INTO `mouvement` (`CODE_MOUVEMENT`, `ID_EXERCICE`, `CODE_PRODUIT`, `CODE_MAGASIN`, `ID_MOUVEMENT`,`ID_SOURCE`,`MVT_DATE`, `MVT_TIME`, `MVT_QUANTITE`, `MVT_UNITE`, `MVT_NATURE`, `MVT_VALID`, `MVT_DATEVALID`,`MVT_TYPE`, `MVT_REFLOT`, `MVT_DATEPEREMP`, `MVT_PV`, `MVT_PA`, `MVT_PR`, `MVT_MONLOT`) VALUES	('3/7010432', '2015', '0201004','7010432', '3', '1/7010432','2015-06-25', '11:50:56', '4','BT', 'BON DE SORTIE', '1', '2015-06-25 11:51:04', 'S', 'HBR','2018-08-01', '0.00', NULL,NULL, 'LOT/14/5');
INSERT INTO `mouvement` (`CODE_MOUVEMENT`, `ID_EXERCICE`, `CODE_PRODUIT`, `CODE_MAGASIN`, `ID_MOUVEMENT`,`ID_SOURCE`,`MVT_DATE`, `MVT_TIME`, `MVT_QUANTITE`, `MVT_UNITE`, `MVT_NATURE`, `MVT_VALID`, `MVT_DATEVALID`,`MVT_TYPE`, `MVT_REFLOT`, `MVT_DATEPEREMP`, `MVT_PV`, `MVT_PA`, `MVT_PR`, `MVT_MONLOT`) VALUES	('3/70107004', '2015', '27039001','70107004', '3', '2/70107004','2015-05-06', '11:14:59', '7000','FL', 'LIVRAISON', '1', '2015-06-24 11:35:39', 'E', '203675RH','2016-08-01', NULL, '0.00',NULL, 'LOT/3/1');
INSERT INTO `mouvement` (`CODE_MOUVEMENT`, `ID_EXERCICE`, `CODE_PRODUIT`, `CODE_MAGASIN`, `ID_MOUVEMENT`,`ID_SOURCE`,`MVT_DATE`, `MVT_TIME`, `MVT_QUANTITE`, `MVT_UNITE`, `MVT_NATURE`, `MVT_VALID`, `MVT_DATEVALID`,`MVT_TYPE`, `MVT_REFLOT`, `MVT_DATEPEREMP`, `MVT_PV`, `MVT_PA`, `MVT_PR`, `MVT_MONLOT`) VALUES	('30/7010700', '2015', '27039012','70107004', '30', '3/70107004','2015-06-25', '04:17:26', '110','CY', 'TRANSFERT SORTANT', '1', '2015-06-25 04:17:26', 'S', 'DL','2015-10-01', '0.00', NULL,NULL, 'LOT/6/4');
INSERT INTO `mouvement` (`CODE_MOUVEMENT`, `ID_EXERCICE`, `CODE_PRODUIT`, `CODE_MAGASIN`, `ID_MOUVEMENT`,`ID_SOURCE`,`MVT_DATE`, `MVT_TIME`, `MVT_QUANTITE`, `MVT_UNITE`, `MVT_NATURE`, `MVT_VALID`, `MVT_DATEVALID`,`MVT_TYPE`, `MVT_REFLOT`, `MVT_DATEPEREMP`, `MVT_PV`, `MVT_PA`, `MVT_PR`, `MVT_MONLOT`) VALUES	('31/7010700', '2015', '27039001','70107004', '31', '3/70107004','2015-06-25', '04:17:26', '1300','FL', 'TRANSFERT SORTANT', '1', '2015-06-25 04:17:26', 'S', '203675RH','2016-08-01', '0.00', NULL,NULL, 'LOT/3/1');
INSERT INTO `mouvement` (`CODE_MOUVEMENT`, `ID_EXERCICE`, `CODE_PRODUIT`, `CODE_MAGASIN`, `ID_MOUVEMENT`,`ID_SOURCE`,`MVT_DATE`, `MVT_TIME`, `MVT_QUANTITE`, `MVT_UNITE`, `MVT_NATURE`, `MVT_VALID`, `MVT_DATEVALID`,`MVT_TYPE`, `MVT_REFLOT`, `MVT_DATEPEREMP`, `MVT_PV`, `MVT_PA`, `MVT_PR`, `MVT_MONLOT`) VALUES	('32/7010700', '2015', '27039002','70107004', '32', '3/70107004','2015-06-25', '04:17:26', '40','UT', 'TRANSFERT SORTANT', '1', '2015-06-25 04:17:26', 'S', 'GMLMOPQ','2018-05-01', '0.00', NULL,NULL, 'LOT/9/3');
INSERT INTO `mouvement` (`CODE_MOUVEMENT`, `ID_EXERCICE`, `CODE_PRODUIT`, `CODE_MAGASIN`, `ID_MOUVEMENT`,`ID_SOURCE`,`MVT_DATE`, `MVT_TIME`, `MVT_QUANTITE`, `MVT_UNITE`, `MVT_NATURE`, `MVT_VALID`, `MVT_DATEVALID`,`MVT_TYPE`, `MVT_REFLOT`, `MVT_DATEPEREMP`, `MVT_PV`, `MVT_PA`, `MVT_PR`, `MVT_MONLOT`) VALUES	('33/7010700', '2015', '0201002','70107004', '33', '4/70107004','2015-05-22', '04:25:56', '240','BT', 'TRANSFERT SORTANT', '1', '2015-06-25 04:25:56', 'S', 'SLM','2017-12-01', '0.00', NULL,NULL, 'LOT/10/1');
INSERT INTO `mouvement` (`CODE_MOUVEMENT`, `ID_EXERCICE`, `CODE_PRODUIT`, `CODE_MAGASIN`, `ID_MOUVEMENT`,`ID_SOURCE`,`MVT_DATE`, `MVT_TIME`, `MVT_QUANTITE`, `MVT_UNITE`, `MVT_NATURE`, `MVT_VALID`, `MVT_DATEVALID`,`MVT_TYPE`, `MVT_REFLOT`, `MVT_DATEPEREMP`, `MVT_PV`, `MVT_PA`, `MVT_PR`, `MVT_MONLOT`) VALUES	('34/7010700', '2015', '0201003','70107004', '34', '4/70107004','2015-05-22', '04:25:56', '170','BT', 'TRANSFERT SORTANT', '1', '2015-06-25 04:25:56', 'S', 'RHS','2016-05-01', '0.00', NULL,NULL, 'LOT/11/2');
INSERT INTO `mouvement` (`CODE_MOUVEMENT`, `ID_EXERCICE`, `CODE_PRODUIT`, `CODE_MAGASIN`, `ID_MOUVEMENT`,`ID_SOURCE`,`MVT_DATE`, `MVT_TIME`, `MVT_QUANTITE`, `MVT_UNITE`, `MVT_NATURE`, `MVT_VALID`, `MVT_DATEVALID`,`MVT_TYPE`, `MVT_REFLOT`, `MVT_DATEPEREMP`, `MVT_PV`, `MVT_PA`, `MVT_PR`, `MVT_MONLOT`) VALUES	('35/7010700', '2015', '0201004','70107004', '35', '5/70107004','2015-05-22', '04:33:26', '30','BT', 'TRANSFERT SORTANT', '1', '2015-06-25 04:33:26', 'S', 'HBR','2018-08-01', '0.00', NULL,NULL, 'LOT/14/5');
INSERT INTO `mouvement` (`CODE_MOUVEMENT`, `ID_EXERCICE`, `CODE_PRODUIT`, `CODE_MAGASIN`, `ID_MOUVEMENT`,`ID_SOURCE`,`MVT_DATE`, `MVT_TIME`, `MVT_QUANTITE`, `MVT_UNITE`, `MVT_NATURE`, `MVT_VALID`, `MVT_DATEVALID`,`MVT_TYPE`, `MVT_REFLOT`, `MVT_DATEPEREMP`, `MVT_PV`, `MVT_PA`, `MVT_PR`, `MVT_MONLOT`) VALUES	('36/7010700', '2015', '0201003','70107004', '36', '5/70107004','2015-05-22', '04:33:26', '30','BT', 'TRANSFERT SORTANT', '1', '2015-06-25 04:33:26', 'S', 'RHS','2016-05-01', '0.00', NULL,NULL, 'LOT/11/2');
INSERT INTO `mouvement` (`CODE_MOUVEMENT`, `ID_EXERCICE`, `CODE_PRODUIT`, `CODE_MAGASIN`, `ID_MOUVEMENT`,`ID_SOURCE`,`MVT_DATE`, `MVT_TIME`, `MVT_QUANTITE`, `MVT_UNITE`, `MVT_NATURE`, `MVT_VALID`, `MVT_DATEVALID`,`MVT_TYPE`, `MVT_REFLOT`, `MVT_DATEPEREMP`, `MVT_PV`, `MVT_PA`, `MVT_PR`, `MVT_MONLOT`) VALUES	('37/7010700', '2015', '0201002','70107004', '37', '6/70107004','2015-05-23', '07:18:39', '130','BT', 'TRANSFERT SORTANT', '1', '2015-06-25 07:18:39', 'S', 'LMD','2019-01-01', '0.00', NULL,NULL, 'LOT/13/4');
INSERT INTO `mouvement` (`CODE_MOUVEMENT`, `ID_EXERCICE`, `CODE_PRODUIT`, `CODE_MAGASIN`, `ID_MOUVEMENT`,`ID_SOURCE`,`MVT_DATE`, `MVT_TIME`, `MVT_QUANTITE`, `MVT_UNITE`, `MVT_NATURE`, `MVT_VALID`, `MVT_DATEVALID`,`MVT_TYPE`, `MVT_REFLOT`, `MVT_DATEPEREMP`, `MVT_PV`, `MVT_PA`, `MVT_PR`, `MVT_MONLOT`) VALUES	('38/7010700', '2015', '0201004','70107004', '38', '6/70107004','2015-05-23', '07:18:39', '50','BT', 'TRANSFERT SORTANT', '1', '2015-06-25 07:18:39', 'S', 'DDO','2016-07-01', '0.00', NULL,NULL, 'LOT/12/3');
INSERT INTO `mouvement` (`CODE_MOUVEMENT`, `ID_EXERCICE`, `CODE_PRODUIT`, `CODE_MAGASIN`, `ID_MOUVEMENT`,`ID_SOURCE`,`MVT_DATE`, `MVT_TIME`, `MVT_QUANTITE`, `MVT_UNITE`, `MVT_NATURE`, `MVT_VALID`, `MVT_DATEVALID`,`MVT_TYPE`, `MVT_REFLOT`, `MVT_DATEPEREMP`, `MVT_PV`, `MVT_PA`, `MVT_PR`, `MVT_MONLOT`) VALUES	('39/7010700', '2015', '0201003','70107004', '39', '6/70107004','2015-05-23', '07:18:39', '80','BT', 'TRANSFERT SORTANT', '1', '2015-06-25 07:18:39', 'S', 'HBR','2018-08-01', '0.00', NULL,NULL, 'LOT/23/2');
INSERT INTO `mouvement` (`CODE_MOUVEMENT`, `ID_EXERCICE`, `CODE_PRODUIT`, `CODE_MAGASIN`, `ID_MOUVEMENT`,`ID_SOURCE`,`MVT_DATE`, `MVT_TIME`, `MVT_QUANTITE`, `MVT_UNITE`, `MVT_NATURE`, `MVT_VALID`, `MVT_DATEVALID`,`MVT_TYPE`, `MVT_REFLOT`, `MVT_DATEPEREMP`, `MVT_PV`, `MVT_PA`, `MVT_PR`, `MVT_MONLOT`) VALUES	('4/7010405', '2015', '27039007','7010405', '4', '2/7010405','2015-05-20', '03:51:55', '100','UT', 'TRANSFERT ENTRANT', '1', '2015-06-25 03:51:55', 'E', 'NP','2017-03-01', '0.00', NULL,NULL, 'LOT/4/2');
INSERT INTO `mouvement` (`CODE_MOUVEMENT`, `ID_EXERCICE`, `CODE_PRODUIT`, `CODE_MAGASIN`, `ID_MOUVEMENT`,`ID_SOURCE`,`MVT_DATE`, `MVT_TIME`, `MVT_QUANTITE`, `MVT_UNITE`, `MVT_NATURE`, `MVT_VALID`, `MVT_DATEVALID`,`MVT_TYPE`, `MVT_REFLOT`, `MVT_DATEPEREMP`, `MVT_PV`, `MVT_PA`, `MVT_PR`, `MVT_MONLOT`) VALUES	('4/7010410', '2015', '0201002','7010410', '4', '2/7010410','2015-05-22', '04:25:56', '240','BT', 'TRANSFERT ENTRANT', '1', '2015-06-25 04:25:56', 'E', 'SLM','2017-12-01', '0.00', NULL,NULL, 'LOT/10/1');
INSERT INTO `mouvement` (`CODE_MOUVEMENT`, `ID_EXERCICE`, `CODE_PRODUIT`, `CODE_MAGASIN`, `ID_MOUVEMENT`,`ID_SOURCE`,`MVT_DATE`, `MVT_TIME`, `MVT_QUANTITE`, `MVT_UNITE`, `MVT_NATURE`, `MVT_VALID`, `MVT_DATEVALID`,`MVT_TYPE`, `MVT_REFLOT`, `MVT_DATEPEREMP`, `MVT_PV`, `MVT_PA`, `MVT_PR`, `MVT_MONLOT`) VALUES	('4/7010432', '2015', '0201003','7010432', '4', '1/7010432','2015-06-25', '11:50:56', '4','BT', 'BON DE SORTIE', '1', '2015-06-25 11:51:04', 'S', 'RHS','2016-05-01', '0.00', NULL,NULL, 'LOT/11/2');
INSERT INTO `mouvement` (`CODE_MOUVEMENT`, `ID_EXERCICE`, `CODE_PRODUIT`, `CODE_MAGASIN`, `ID_MOUVEMENT`,`ID_SOURCE`,`MVT_DATE`, `MVT_TIME`, `MVT_QUANTITE`, `MVT_UNITE`, `MVT_NATURE`, `MVT_VALID`, `MVT_DATEVALID`,`MVT_TYPE`, `MVT_REFLOT`, `MVT_DATEPEREMP`, `MVT_PV`, `MVT_PA`, `MVT_PR`, `MVT_MONLOT`) VALUES	('4/70107004', '2015', '27039007','70107004', '4', '2/70107004','2015-05-06', '11:14:59', '9000','UT', 'LIVRAISON', '1', '2015-06-24 11:35:39', 'E', 'NP','2017-03-01', NULL, '0.00',NULL, 'LOT/4/2');
INSERT INTO `mouvement` (`CODE_MOUVEMENT`, `ID_EXERCICE`, `CODE_PRODUIT`, `CODE_MAGASIN`, `ID_MOUVEMENT`,`ID_SOURCE`,`MVT_DATE`, `MVT_TIME`, `MVT_QUANTITE`, `MVT_UNITE`, `MVT_NATURE`, `MVT_VALID`, `MVT_DATEVALID`,`MVT_TYPE`, `MVT_REFLOT`, `MVT_DATEPEREMP`, `MVT_PV`, `MVT_PA`, `MVT_PR`, `MVT_MONLOT`) VALUES	('40/7010700', '2015', '27039012','70107004', '40', '2/70107004','2015-06-25', '08:46:12', '10','CY', 'DECLASSEMENT', '1', '2015-06-25 08:48:39', 'S', 'DL','2015-10-01', '0.00', NULL,NULL, 'LOT/6/4');
INSERT INTO `mouvement` (`CODE_MOUVEMENT`, `ID_EXERCICE`, `CODE_PRODUIT`, `CODE_MAGASIN`, `ID_MOUVEMENT`,`ID_SOURCE`,`MVT_DATE`, `MVT_TIME`, `MVT_QUANTITE`, `MVT_UNITE`, `MVT_NATURE`, `MVT_VALID`, `MVT_DATEVALID`,`MVT_TYPE`, `MVT_REFLOT`, `MVT_DATEPEREMP`, `MVT_PV`, `MVT_PA`, `MVT_PR`, `MVT_MONLOT`) VALUES	('41/7010700', '2015', '27039007','70107004', '41', '2/70107004','2015-06-25', '08:46:12', '10','UT', 'DECLASSEMENT', '1', '2015-06-25 08:48:39', 'S', 'NP','2017-03-01', '0.00', NULL,NULL, 'LOT/4/2');
INSERT INTO `mouvement` (`CODE_MOUVEMENT`, `ID_EXERCICE`, `CODE_PRODUIT`, `CODE_MAGASIN`, `ID_MOUVEMENT`,`ID_SOURCE`,`MVT_DATE`, `MVT_TIME`, `MVT_QUANTITE`, `MVT_UNITE`, `MVT_NATURE`, `MVT_VALID`, `MVT_DATEVALID`,`MVT_TYPE`, `MVT_REFLOT`, `MVT_DATEPEREMP`, `MVT_PV`, `MVT_PA`, `MVT_PR`, `MVT_MONLOT`) VALUES	('42/7010700', '2015', '27039012','70107004', '42', '3/70107004','2015-06-25', '07:46:14', '10','CY', 'DECLASSEMENT', '1', '2015-06-25 08:48:31', 'S', 'DL','2015-10-01', '0.00', NULL,NULL, 'LOT/6/4');
INSERT INTO `mouvement` (`CODE_MOUVEMENT`, `ID_EXERCICE`, `CODE_PRODUIT`, `CODE_MAGASIN`, `ID_MOUVEMENT`,`ID_SOURCE`,`MVT_DATE`, `MVT_TIME`, `MVT_QUANTITE`, `MVT_UNITE`, `MVT_NATURE`, `MVT_VALID`, `MVT_DATEVALID`,`MVT_TYPE`, `MVT_REFLOT`, `MVT_DATEPEREMP`, `MVT_PV`, `MVT_PA`, `MVT_PR`, `MVT_MONLOT`) VALUES	('43/7010700', '2015', '27039001','70107004', '43', '3/70107004','2015-06-25', '07:46:14', '5','FL', 'DECLASSEMENT', '1', '2015-06-25 08:48:31', 'S', '203675RH','2016-08-01', '0.00', NULL,NULL, 'LOT/3/1');
INSERT INTO `mouvement` (`CODE_MOUVEMENT`, `ID_EXERCICE`, `CODE_PRODUIT`, `CODE_MAGASIN`, `ID_MOUVEMENT`,`ID_SOURCE`,`MVT_DATE`, `MVT_TIME`, `MVT_QUANTITE`, `MVT_UNITE`, `MVT_NATURE`, `MVT_VALID`, `MVT_DATEVALID`,`MVT_TYPE`, `MVT_REFLOT`, `MVT_DATEPEREMP`, `MVT_PV`, `MVT_PA`, `MVT_PR`, `MVT_MONLOT`) VALUES	('44/7010700', '2015', '27039001','70107004', '44', '4/70107004','2015-06-25', '08:48:07', '2','FL', 'DECLASSEMENT', '1', '2015-06-25 08:48:22', 'S', '203675RH','2016-08-01', '0.00', NULL,NULL, 'LOT/3/1');
INSERT INTO `mouvement` (`CODE_MOUVEMENT`, `ID_EXERCICE`, `CODE_PRODUIT`, `CODE_MAGASIN`, `ID_MOUVEMENT`,`ID_SOURCE`,`MVT_DATE`, `MVT_TIME`, `MVT_QUANTITE`, `MVT_UNITE`, `MVT_NATURE`, `MVT_VALID`, `MVT_DATEVALID`,`MVT_TYPE`, `MVT_REFLOT`, `MVT_DATEPEREMP`, `MVT_PV`, `MVT_PA`, `MVT_PR`, `MVT_MONLOT`) VALUES	('45/7010700', '2015', '20039008','70107004', '45', '10/70107004','2015-05-12', '08:00:52', '700','UT', 'LIVRAISON', '1', '2015-06-25 08:01:04', 'E', '97856DT21','2016-09-01', NULL, '0.00',NULL, 'LOT/26/1');
INSERT INTO `mouvement` (`CODE_MOUVEMENT`, `ID_EXERCICE`, `CODE_PRODUIT`, `CODE_MAGASIN`, `ID_MOUVEMENT`,`ID_SOURCE`,`MVT_DATE`, `MVT_TIME`, `MVT_QUANTITE`, `MVT_UNITE`, `MVT_NATURE`, `MVT_VALID`, `MVT_DATEVALID`,`MVT_TYPE`, `MVT_REFLOT`, `MVT_DATEPEREMP`, `MVT_PV`, `MVT_PA`, `MVT_PR`, `MVT_MONLOT`) VALUES	('46/7010700', '2015', '27039012','70107004', '46', '8/70107004','2015-05-20', '08:05:34', '110','CY', 'TRANSFERT SORTANT', '1', '2015-06-25 08:05:34', 'S', 'DL','2015-10-01', '0.00', NULL,NULL, 'LOT/6/4');
INSERT INTO `mouvement` (`CODE_MOUVEMENT`, `ID_EXERCICE`, `CODE_PRODUIT`, `CODE_MAGASIN`, `ID_MOUVEMENT`,`ID_SOURCE`,`MVT_DATE`, `MVT_TIME`, `MVT_QUANTITE`, `MVT_UNITE`, `MVT_NATURE`, `MVT_VALID`, `MVT_DATEVALID`,`MVT_TYPE`, `MVT_REFLOT`, `MVT_DATEPEREMP`, `MVT_PV`, `MVT_PA`, `MVT_PR`, `MVT_MONLOT`) VALUES	('47/7010700', '2015', '27039001','70107004', '47', '8/70107004','2015-05-20', '08:05:34', '1300','FL', 'TRANSFERT SORTANT', '1', '2015-06-25 08:05:34', 'S', '203675RH','2016-08-01', '0.00', NULL,NULL, 'LOT/3/1');
INSERT INTO `mouvement` (`CODE_MOUVEMENT`, `ID_EXERCICE`, `CODE_PRODUIT`, `CODE_MAGASIN`, `ID_MOUVEMENT`,`ID_SOURCE`,`MVT_DATE`, `MVT_TIME`, `MVT_QUANTITE`, `MVT_UNITE`, `MVT_NATURE`, `MVT_VALID`, `MVT_DATEVALID`,`MVT_TYPE`, `MVT_REFLOT`, `MVT_DATEPEREMP`, `MVT_PV`, `MVT_PA`, `MVT_PR`, `MVT_MONLOT`) VALUES	('48/7010700', '2015', '27039002','70107004', '48', '8/70107004','2015-05-20', '08:05:34', '400','UT', 'TRANSFERT SORTANT', '1', '2015-06-25 08:05:34', 'S', 'GMLMOPQ','2018-05-01', '0.00', NULL,NULL, 'LOT/9/3');
INSERT INTO `mouvement` (`CODE_MOUVEMENT`, `ID_EXERCICE`, `CODE_PRODUIT`, `CODE_MAGASIN`, `ID_MOUVEMENT`,`ID_SOURCE`,`MVT_DATE`, `MVT_TIME`, `MVT_QUANTITE`, `MVT_UNITE`, `MVT_NATURE`, `MVT_VALID`, `MVT_DATEVALID`,`MVT_TYPE`, `MVT_REFLOT`, `MVT_DATEPEREMP`, `MVT_PV`, `MVT_PA`, `MVT_PR`, `MVT_MONLOT`) VALUES	('49/7010700', '2015', '27039007','70107004', '49', '8/70107004','2015-05-20', '08:05:34', '100','UT', 'TRANSFERT SORTANT', '1', '2015-06-25 08:05:34', 'S', 'NP','2017-03-01', '0.00', NULL,NULL, 'LOT/4/2');
INSERT INTO `mouvement` (`CODE_MOUVEMENT`, `ID_EXERCICE`, `CODE_PRODUIT`, `CODE_MAGASIN`, `ID_MOUVEMENT`,`ID_SOURCE`,`MVT_DATE`, `MVT_TIME`, `MVT_QUANTITE`, `MVT_UNITE`, `MVT_NATURE`, `MVT_VALID`, `MVT_DATEVALID`,`MVT_TYPE`, `MVT_REFLOT`, `MVT_DATEPEREMP`, `MVT_PV`, `MVT_PA`, `MVT_PR`, `MVT_MONLOT`) VALUES	('5/7010405', '2015', '27039012','7010405', '5', '3/7010405','2015-05-20', '08:05:35', '110','CY', 'TRANSFERT ENTRANT', '1', '2015-06-25 08:05:35', 'E', 'DL','2015-10-01', '0.00', NULL,NULL, 'LOT/6/4');
INSERT INTO `mouvement` (`CODE_MOUVEMENT`, `ID_EXERCICE`, `CODE_PRODUIT`, `CODE_MAGASIN`, `ID_MOUVEMENT`,`ID_SOURCE`,`MVT_DATE`, `MVT_TIME`, `MVT_QUANTITE`, `MVT_UNITE`, `MVT_NATURE`, `MVT_VALID`, `MVT_DATEVALID`,`MVT_TYPE`, `MVT_REFLOT`, `MVT_DATEPEREMP`, `MVT_PV`, `MVT_PA`, `MVT_PR`, `MVT_MONLOT`) VALUES	('5/7010410', '2015', '0201003','7010410', '5', '2/7010410','2015-05-22', '04:25:56', '170','BT', 'TRANSFERT ENTRANT', '1', '2015-06-25 04:25:56', 'E', 'RHS','2016-05-01', '0.00', NULL,NULL, 'LOT/11/2');
INSERT INTO `mouvement` (`CODE_MOUVEMENT`, `ID_EXERCICE`, `CODE_PRODUIT`, `CODE_MAGASIN`, `ID_MOUVEMENT`,`ID_SOURCE`,`MVT_DATE`, `MVT_TIME`, `MVT_QUANTITE`, `MVT_UNITE`, `MVT_NATURE`, `MVT_VALID`, `MVT_DATEVALID`,`MVT_TYPE`, `MVT_REFLOT`, `MVT_DATEPEREMP`, `MVT_PV`, `MVT_PA`, `MVT_PR`, `MVT_MONLOT`) VALUES	('5/70107004', '2015', '27039012','70107004', '5', '2/70107004','2015-05-06', '11:14:59', '14000','CY', 'LIVRAISON', '1', '2015-06-24 11:35:39', 'E', 'SW','2018-10-01', NULL, '0.00',NULL, 'LOT/5/3');
INSERT INTO `mouvement` (`CODE_MOUVEMENT`, `ID_EXERCICE`, `CODE_PRODUIT`, `CODE_MAGASIN`, `ID_MOUVEMENT`,`ID_SOURCE`,`MVT_DATE`, `MVT_TIME`, `MVT_QUANTITE`, `MVT_UNITE`, `MVT_NATURE`, `MVT_VALID`, `MVT_DATEVALID`,`MVT_TYPE`, `MVT_REFLOT`, `MVT_DATEPEREMP`, `MVT_PV`, `MVT_PA`, `MVT_PR`, `MVT_MONLOT`) VALUES	('50/7010700', '2015', '20039008','70107004', '50', '8/70107004','2015-05-20', '08:05:34', '100','UT', 'TRANSFERT SORTANT', '1', '2015-06-25 08:05:34', 'S', '97856DT21','2016-09-01', '0.00', NULL,NULL, 'LOT/26/1');
INSERT INTO `mouvement` (`CODE_MOUVEMENT`, `ID_EXERCICE`, `CODE_PRODUIT`, `CODE_MAGASIN`, `ID_MOUVEMENT`,`ID_SOURCE`,`MVT_DATE`, `MVT_TIME`, `MVT_QUANTITE`, `MVT_UNITE`, `MVT_NATURE`, `MVT_VALID`, `MVT_DATEVALID`,`MVT_TYPE`, `MVT_REFLOT`, `MVT_DATEPEREMP`, `MVT_PV`, `MVT_PA`, `MVT_PR`, `MVT_MONLOT`) VALUES	('51/7010700', '2015', '25014004','70107004', '51', '9/70107004','2015-05-20', '08:19:12', '1000','AM', 'TRANSFERT SORTANT', '1', '2015-06-25 08:19:12', 'S', 'LG3404','2016-12-01', '0.00', NULL,NULL, 'LOT/20/3');
INSERT INTO `mouvement` (`CODE_MOUVEMENT`, `ID_EXERCICE`, `CODE_PRODUIT`, `CODE_MAGASIN`, `ID_MOUVEMENT`,`ID_SOURCE`,`MVT_DATE`, `MVT_TIME`, `MVT_QUANTITE`, `MVT_UNITE`, `MVT_NATURE`, `MVT_VALID`, `MVT_DATEVALID`,`MVT_TYPE`, `MVT_REFLOT`, `MVT_DATEPEREMP`, `MVT_PV`, `MVT_PA`, `MVT_PR`, `MVT_MONLOT`) VALUES	('52/7010700', '2015', '180040031','70107004', '52', '9/70107004','2015-05-20', '08:19:12', '4000','CP', 'TRANSFERT SORTANT', '1', '2015-06-25 08:19:12', 'S', 'FFFFF','2019-01-01', '0.00', NULL,NULL, 'LOT/19/2');
INSERT INTO `mouvement` (`CODE_MOUVEMENT`, `ID_EXERCICE`, `CODE_PRODUIT`, `CODE_MAGASIN`, `ID_MOUVEMENT`,`ID_SOURCE`,`MVT_DATE`, `MVT_TIME`, `MVT_QUANTITE`, `MVT_UNITE`, `MVT_NATURE`, `MVT_VALID`, `MVT_DATEVALID`,`MVT_TYPE`, `MVT_REFLOT`, `MVT_DATEPEREMP`, `MVT_PV`, `MVT_PA`, `MVT_PR`, `MVT_MONLOT`) VALUES	('53/7010700', '2015', '18004003','70107004', '53', '9/70107004','2015-05-20', '08:19:12', '200','AM', 'TRANSFERT SORTANT', '1', '2015-06-25 08:19:12', 'S', 'GG1204','2016-05-01', '0.00', NULL,NULL, 'LOT/25/1');
INSERT INTO `mouvement` (`CODE_MOUVEMENT`, `ID_EXERCICE`, `CODE_PRODUIT`, `CODE_MAGASIN`, `ID_MOUVEMENT`,`ID_SOURCE`,`MVT_DATE`, `MVT_TIME`, `MVT_QUANTITE`, `MVT_UNITE`, `MVT_NATURE`, `MVT_VALID`, `MVT_DATEVALID`,`MVT_TYPE`, `MVT_REFLOT`, `MVT_DATEPEREMP`, `MVT_PV`, `MVT_PA`, `MVT_PR`, `MVT_MONLOT`) VALUES	('6/7010405', '2015', '27039001','7010405', '6', '3/7010405','2015-05-20', '08:05:35', '1300','FL', 'TRANSFERT ENTRANT', '1', '2015-06-25 08:05:35', 'E', '203675RH','2016-08-01', '0.00', NULL,NULL, 'LOT/3/1');
INSERT INTO `mouvement` (`CODE_MOUVEMENT`, `ID_EXERCICE`, `CODE_PRODUIT`, `CODE_MAGASIN`, `ID_MOUVEMENT`,`ID_SOURCE`,`MVT_DATE`, `MVT_TIME`, `MVT_QUANTITE`, `MVT_UNITE`, `MVT_NATURE`, `MVT_VALID`, `MVT_DATEVALID`,`MVT_TYPE`, `MVT_REFLOT`, `MVT_DATEPEREMP`, `MVT_PV`, `MVT_PA`, `MVT_PR`, `MVT_MONLOT`) VALUES	('6/7010410', '2015', '27039012','7010410', '6', '1/7010410','2015-06-25', '11:28:36', '10','CY', 'BON DE SORTIE', '1', '2015-06-25 11:43:53', 'S', 'DL','2015-10-01', '0.00', NULL,NULL, 'LOT/6/4');
INSERT INTO `mouvement` (`CODE_MOUVEMENT`, `ID_EXERCICE`, `CODE_PRODUIT`, `CODE_MAGASIN`, `ID_MOUVEMENT`,`ID_SOURCE`,`MVT_DATE`, `MVT_TIME`, `MVT_QUANTITE`, `MVT_UNITE`, `MVT_NATURE`, `MVT_VALID`, `MVT_DATEVALID`,`MVT_TYPE`, `MVT_REFLOT`, `MVT_DATEPEREMP`, `MVT_PV`, `MVT_PA`, `MVT_PR`, `MVT_MONLOT`) VALUES	('6/70107004', '2015', '27039012','70107004', '6', '2/70107004','2015-05-06', '11:14:59', '14000','CY', 'LIVRAISON', '1', '2015-06-24 11:35:39', 'E', 'DL','2015-10-01', NULL, '0.00',NULL, 'LOT/6/4');
INSERT INTO `mouvement` (`CODE_MOUVEMENT`, `ID_EXERCICE`, `CODE_PRODUIT`, `CODE_MAGASIN`, `ID_MOUVEMENT`,`ID_SOURCE`,`MVT_DATE`, `MVT_TIME`, `MVT_QUANTITE`, `MVT_UNITE`, `MVT_NATURE`, `MVT_VALID`, `MVT_DATEVALID`,`MVT_TYPE`, `MVT_REFLOT`, `MVT_DATEPEREMP`, `MVT_PV`, `MVT_PA`, `MVT_PR`, `MVT_MONLOT`) VALUES	('7/7010405', '2015', '27039002','7010405', '7', '3/7010405','2015-05-20', '08:05:35', '400','UT', 'TRANSFERT ENTRANT', '1', '2015-06-25 08:05:35', 'E', 'GMLMOPQ','2018-05-01', '0.00', NULL,NULL, 'LOT/9/3');
INSERT INTO `mouvement` (`CODE_MOUVEMENT`, `ID_EXERCICE`, `CODE_PRODUIT`, `CODE_MAGASIN`, `ID_MOUVEMENT`,`ID_SOURCE`,`MVT_DATE`, `MVT_TIME`, `MVT_QUANTITE`, `MVT_UNITE`, `MVT_NATURE`, `MVT_VALID`, `MVT_DATEVALID`,`MVT_TYPE`, `MVT_REFLOT`, `MVT_DATEPEREMP`, `MVT_PV`, `MVT_PA`, `MVT_PR`, `MVT_MONLOT`) VALUES	('7/7010410', '2015', '27039001','7010410', '7', '1/7010410','2015-06-25', '11:28:36', '125','FL', 'BON DE SORTIE', '1', '2015-06-25 11:43:53', 'S', '203675RH','2016-08-01', '0.00', NULL,NULL, 'LOT/3/1');
INSERT INTO `mouvement` (`CODE_MOUVEMENT`, `ID_EXERCICE`, `CODE_PRODUIT`, `CODE_MAGASIN`, `ID_MOUVEMENT`,`ID_SOURCE`,`MVT_DATE`, `MVT_TIME`, `MVT_QUANTITE`, `MVT_UNITE`, `MVT_NATURE`, `MVT_VALID`, `MVT_DATEVALID`,`MVT_TYPE`, `MVT_REFLOT`, `MVT_DATEPEREMP`, `MVT_PV`, `MVT_PA`, `MVT_PR`, `MVT_MONLOT`) VALUES	('7/70107004', '2015', '27039001','70107004', '7', '3/70107004','2015-05-15', '11:23:53', '2000','FL', 'LIVRAISON', '1', '2015-06-24 11:35:28', 'E', '203675RH','2016-08-01', NULL, '0.00',NULL, 'LOT/7/1');
INSERT INTO `mouvement` (`CODE_MOUVEMENT`, `ID_EXERCICE`, `CODE_PRODUIT`, `CODE_MAGASIN`, `ID_MOUVEMENT`,`ID_SOURCE`,`MVT_DATE`, `MVT_TIME`, `MVT_QUANTITE`, `MVT_UNITE`, `MVT_NATURE`, `MVT_VALID`, `MVT_DATEVALID`,`MVT_TYPE`, `MVT_REFLOT`, `MVT_DATEPEREMP`, `MVT_PV`, `MVT_PA`, `MVT_PR`, `MVT_MONLOT`) VALUES	('8/7010405', '2015', '27039007','7010405', '8', '3/7010405','2015-05-20', '08:05:35', '100','UT', 'TRANSFERT ENTRANT', '1', '2015-06-25 08:05:35', 'E', 'NP','2017-03-01', '0.00', NULL,NULL, 'LOT/4/2');
INSERT INTO `mouvement` (`CODE_MOUVEMENT`, `ID_EXERCICE`, `CODE_PRODUIT`, `CODE_MAGASIN`, `ID_MOUVEMENT`,`ID_SOURCE`,`MVT_DATE`, `MVT_TIME`, `MVT_QUANTITE`, `MVT_UNITE`, `MVT_NATURE`, `MVT_VALID`, `MVT_DATEVALID`,`MVT_TYPE`, `MVT_REFLOT`, `MVT_DATEPEREMP`, `MVT_PV`, `MVT_PA`, `MVT_PR`, `MVT_MONLOT`) VALUES	('8/7010410', '2015', '27039002','7010410', '8', '1/7010410','2015-06-25', '11:28:36', '38','UT', 'BON DE SORTIE', '1', '2015-06-25 11:43:53', 'S', 'GMLMOPQ','2018-05-01', '0.00', NULL,NULL, 'LOT/9/3');
INSERT INTO `mouvement` (`CODE_MOUVEMENT`, `ID_EXERCICE`, `CODE_PRODUIT`, `CODE_MAGASIN`, `ID_MOUVEMENT`,`ID_SOURCE`,`MVT_DATE`, `MVT_TIME`, `MVT_QUANTITE`, `MVT_UNITE`, `MVT_NATURE`, `MVT_VALID`, `MVT_DATEVALID`,`MVT_TYPE`, `MVT_REFLOT`, `MVT_DATEPEREMP`, `MVT_PV`, `MVT_PA`, `MVT_PR`, `MVT_MONLOT`) VALUES	('8/70107004', '2015', '27039012','70107004', '8', '3/70107004','2015-05-15', '11:23:53', '4000','CY', 'LIVRAISON', '1', '2015-06-24 11:35:28', 'E', 'SW','2017-02-01', NULL, '0.00',NULL, 'LOT/8/2');
INSERT INTO `mouvement` (`CODE_MOUVEMENT`, `ID_EXERCICE`, `CODE_PRODUIT`, `CODE_MAGASIN`, `ID_MOUVEMENT`,`ID_SOURCE`,`MVT_DATE`, `MVT_TIME`, `MVT_QUANTITE`, `MVT_UNITE`, `MVT_NATURE`, `MVT_VALID`, `MVT_DATEVALID`,`MVT_TYPE`, `MVT_REFLOT`, `MVT_DATEPEREMP`, `MVT_PV`, `MVT_PA`, `MVT_PR`, `MVT_MONLOT`) VALUES	('9/7010405', '2015', '20039008','7010405', '9', '3/7010405','2015-05-20', '08:05:35', '100','UT', 'TRANSFERT ENTRANT', '1', '2015-06-25 08:05:35', 'E', '97856DT21','2016-09-01', '0.00', NULL,NULL, 'LOT/26/1');
INSERT INTO `mouvement` (`CODE_MOUVEMENT`, `ID_EXERCICE`, `CODE_PRODUIT`, `CODE_MAGASIN`, `ID_MOUVEMENT`,`ID_SOURCE`,`MVT_DATE`, `MVT_TIME`, `MVT_QUANTITE`, `MVT_UNITE`, `MVT_NATURE`, `MVT_VALID`, `MVT_DATEVALID`,`MVT_TYPE`, `MVT_REFLOT`, `MVT_DATEPEREMP`, `MVT_PV`, `MVT_PA`, `MVT_PR`, `MVT_MONLOT`) VALUES	('9/7010410', '2015', '27039012','7010410', '9', '1/7010410','2015-06-25', '11:34:04', '1','CY', 'DECLASSEMENT', '1', '2015-06-25 11:47:10', 'S', 'DL','2015-10-01', '0.00', NULL,NULL, 'LOT/6/4');
INSERT INTO `mouvement` (`CODE_MOUVEMENT`, `ID_EXERCICE`, `CODE_PRODUIT`, `CODE_MAGASIN`, `ID_MOUVEMENT`,`ID_SOURCE`,`MVT_DATE`, `MVT_TIME`, `MVT_QUANTITE`, `MVT_UNITE`, `MVT_NATURE`, `MVT_VALID`, `MVT_DATEVALID`,`MVT_TYPE`, `MVT_REFLOT`, `MVT_DATEPEREMP`, `MVT_PV`, `MVT_PA`, `MVT_PR`, `MVT_MONLOT`) VALUES	('9/70107004', '2015', '27039002','70107004', '9', '3/70107004','2015-05-15', '11:23:53', '2000','UT', 'LIVRAISON', '1', '2015-06-24 11:35:28', 'E', 'GMLMOPQ','2018-05-01', NULL, '0.00',NULL, 'LOT/9/3');
INSERT INTO `logs` (`CODE_LOG`, `LOGIN`, `ID_LOG`, `LOG_DATE`, `LOG_DESCRIP`, `MLLE`) VALUES ('1/', 'root', '1', '2015-06-26 17:27:36', 'Connexion au système', '0345Y');
INSERT INTO `logs` (`CODE_LOG`, `LOGIN`, `ID_LOG`, `LOG_DATE`, `LOG_DESCRIP`, `MLLE`) VALUES ('1/7010104', 'root', '1', '2015-06-26 14:24:33', 'Changement de l\'exercice budgétaire (2015, 2015 / , 7010104)', '0345Y');
INSERT INTO `logs` (`CODE_LOG`, `LOGIN`, `ID_LOG`, `LOG_DATE`, `LOG_DESCRIP`, `MLLE`) VALUES ('1/7010111', 'root', '1', '2015-06-26 17:32:16', 'Changement de l\'exercice budgétaire (2015, 2015 / 7010425, 7010111)', '0345Y');
INSERT INTO `logs` (`CODE_LOG`, `LOGIN`, `ID_LOG`, `LOG_DATE`, `LOG_DESCRIP`, `MLLE`) VALUES ('1/7010405', 'root', '1', '2015-06-24 14:17:40', 'Changement de l\'exercice budgétaire (2015, 2015 / 70107004, 7010405)', '0345Y');
INSERT INTO `logs` (`CODE_LOG`, `LOGIN`, `ID_LOG`, `LOG_DATE`, `LOG_DESCRIP`, `MLLE`) VALUES ('1/7010410', 'root', '1', '2015-06-25 11:20:07', 'Changement de l\'exercice budgétaire (2015, 2015 / 70107004, 7010410)', '0345Y');
INSERT INTO `logs` (`CODE_LOG`, `LOGIN`, `ID_LOG`, `LOG_DATE`, `LOG_DESCRIP`, `MLLE`) VALUES ('1/7010425', 'root', '1', '2015-06-26 17:30:22', 'Changement de l\'exercice budgétaire (2015, 2015 / , 7010425)', '0345Y');
INSERT INTO `logs` (`CODE_LOG`, `LOGIN`, `ID_LOG`, `LOG_DATE`, `LOG_DESCRIP`, `MLLE`) VALUES ('1/7010432', 'root', '1', '2015-06-25 11:47:28', 'Changement de l\'exercice budgétaire (2015, 2015 / 7010410, 7010432)', '0345Y');
INSERT INTO `logs` (`CODE_LOG`, `LOGIN`, `ID_LOG`, `LOG_DATE`, `LOG_DESCRIP`, `MLLE`) VALUES ('1/7010433', 'root', '1', '2015-06-25 11:52:10', 'Changement de l\'exercice budgétaire (2015, 2015 / 7010432, 7010433)', '0345Y');
INSERT INTO `logs` (`CODE_LOG`, `LOGIN`, `ID_LOG`, `LOG_DATE`, `LOG_DESCRIP`, `MLLE`) VALUES ('1/70107004', 'root', '1', '2015-06-24 09:00:31', 'Changement de l\'exercice budgétaire (2015, 2015 / , 70107004)', '0345Y');
INSERT INTO `logs` (`CODE_LOG`, `LOGIN`, `ID_LOG`, `LOG_DATE`, `LOG_DESCRIP`, `MLLE`) VALUES ('1/70107005', 'root', '1', '2015-06-26 17:32:38', 'Changement de l\'exercice budgétaire (2015, 2015 / 7010111, 70107005)', '0345Y');
INSERT INTO `logs` (`CODE_LOG`, `LOGIN`, `ID_LOG`, `LOG_DATE`, `LOG_DESCRIP`, `MLLE`) VALUES ('1/99999', 'root', '1', '2015-06-26 17:27:31', 'Déconnexion du système échouée', '0521');
INSERT INTO `logs` (`CODE_LOG`, `LOGIN`, `ID_LOG`, `LOG_DATE`, `LOG_DESCRIP`, `MLLE`) VALUES ('10/', 'root', '10', '2015-06-23 07:47:27', 'Connexion au système', '0345Y');
INSERT INTO `logs` (`CODE_LOG`, `LOGIN`, `ID_LOG`, `LOG_DATE`, `LOG_DESCRIP`, `MLLE`) VALUES ('10/7010405', 'root', '10', '2015-06-25 11:40:06', 'Ajout des lignes de déclassement (1/7010405, RAPPORT MENSUEL DE DOGO)', '0345Y');
INSERT INTO `logs` (`CODE_LOG`, `LOGIN`, `ID_LOG`, `LOG_DATE`, `LOG_DESCRIP`, `MLLE`) VALUES ('10/7010410', 'root', '10', '2015-06-25 11:43:53', 'Validation d\'un mouvement(1/7010410, Bénéficiaire COSOMMATEUR Q / RAPPORT MENSUEL DE GOUNA)', '0345Y');
INSERT INTO `logs` (`CODE_LOG`, `LOGIN`, `ID_LOG`, `LOG_DATE`, `LOG_DESCRIP`, `MLLE`) VALUES ('10/70107004', 'root', '10', '2015-06-24 10:25:44', 'Ajout d\'un mouvement(1/70107004, commande n°1/70107004)', '0345Y');
INSERT INTO `logs` (`CODE_LOG`, `LOGIN`, `ID_LOG`, `LOG_DATE`, `LOG_DESCRIP`, `MLLE`) VALUES ('100/', 'root', '100', '2015-06-23 11:28:51', 'Modification d\'un produit (0201002, ZIDOVIDINE/LAMIVUDINE/NEVIRAPINE)', '0345Y');
INSERT INTO `logs` (`CODE_LOG`, `LOGIN`, `ID_LOG`, `LOG_DATE`, `LOG_DESCRIP`, `MLLE`) VALUES ('100/70107004', 'root', '100', '2015-06-25 04:33:26', 'Ajout d\\\'un transfert (5/70107004, TRANSFERT N°4)', '0345Y');
INSERT INTO `logs` (`CODE_LOG`, `LOGIN`, `ID_LOG`, `LOG_DATE`, `LOG_DESCRIP`, `MLLE`) VALUES ('101/', 'root', '101', '2015-06-23 11:42:40', 'Modification d\'un produit (27039007, JADELLE)', '0345Y');
INSERT INTO `logs` (`CODE_LOG`, `LOGIN`, `ID_LOG`, `LOG_DATE`, `LOG_DESCRIP`, `MLLE`) VALUES ('101/70107004', 'root', '101', '2015-06-25 04:33:26', 'Ajout des lignes de transfert (5/70107004, TRANSFERT N°4)', '0345Y');
INSERT INTO `logs` (`CODE_LOG`, `LOGIN`, `ID_LOG`, `LOG_DATE`, `LOG_DESCRIP`, `MLLE`) VALUES ('102/', 'root', '102', '2015-06-23 11:45:04', 'Modification d\'un produit (27039012, MICROGYNON)', '0345Y');
INSERT INTO `logs` (`CODE_LOG`, `LOGIN`, `ID_LOG`, `LOG_DATE`, `LOG_DESCRIP`, `MLLE`) VALUES ('102/70107004', 'root', '102', '2015-06-25 04:33:26', 'Ajout d\\\'un mouvement(5/70107004, TRANSFERT N°4)', '0345Y');
INSERT INTO `logs` (`CODE_LOG`, `LOGIN`, `ID_LOG`, `LOG_DATE`, `LOG_DESCRIP`, `MLLE`) VALUES ('103/', 'root', '103', '2015-06-23 11:57:08', 'Modification d\'un produit (0202001, COTRIMOXAZOLE 960MG)', '0345Y');
INSERT INTO `logs` (`CODE_LOG`, `LOGIN`, `ID_LOG`, `LOG_DATE`, `LOG_DESCRIP`, `MLLE`) VALUES ('103/70107004', 'root', '103', '2015-06-25 04:33:26', 'Ajout d\\\'un transfert (1/7010432, TRANSFERT N°4)', '0345Y');
INSERT INTO `logs` (`CODE_LOG`, `LOGIN`, `ID_LOG`, `LOG_DATE`, `LOG_DESCRIP`, `MLLE`) VALUES ('104/', 'root', '104', '2015-06-23 13:21:12', 'Ajout d\'une personne (78890, DR ALAIN PINARD)', '0345Y');
INSERT INTO `logs` (`CODE_LOG`, `LOGIN`, `ID_LOG`, `LOG_DATE`, `LOG_DESCRIP`, `MLLE`) VALUES ('104/70107004', 'root', '104', '2015-06-25 04:33:26', 'Ajout des lignes de transfert (1/7010432, TRANSFERT N°4)', '0345Y');
INSERT INTO `logs` (`CODE_LOG`, `LOGIN`, `ID_LOG`, `LOG_DATE`, `LOG_DESCRIP`, `MLLE`) VALUES ('105/', 'root', '105', '2015-06-23 13:23:48', 'Ajout d\'une personne (78910, ALI HABOU)', '0345Y');
INSERT INTO `logs` (`CODE_LOG`, `LOGIN`, `ID_LOG`, `LOG_DATE`, `LOG_DESCRIP`, `MLLE`) VALUES ('105/70107004', 'root', '105', '2015-06-25 04:33:26', 'Ajout d\\\'un mouvement(1/7010432, TRANSFERT N°4)', '0345Y');
INSERT INTO `logs` (`CODE_LOG`, `LOGIN`, `ID_LOG`, `LOG_DATE`, `LOG_DESCRIP`, `MLLE`) VALUES ('106/', 'root', '106', '2015-06-23 13:25:23', 'Ajout d\'une personne (24567, ISSA MASSI)', '0345Y');
INSERT INTO `logs` (`CODE_LOG`, `LOGIN`, `ID_LOG`, `LOG_DATE`, `LOG_DESCRIP`, `MLLE`) VALUES ('106/70107004', 'root', '106', '2015-06-25 07:18:39', 'Ajout d\\\'un transfert (6/70107004, TRANSFERT N°6)', '0345Y');
INSERT INTO `logs` (`CODE_LOG`, `LOGIN`, `ID_LOG`, `LOG_DATE`, `LOG_DESCRIP`, `MLLE`) VALUES ('107/', 'root', '107', '2015-06-23 13:30:22', 'Ajout d\'un compte utilisateur (ALI, 78910)', '0345Y');
INSERT INTO `logs` (`CODE_LOG`, `LOGIN`, `ID_LOG`, `LOG_DATE`, `LOG_DESCRIP`, `MLLE`) VALUES ('107/70107004', 'root', '107', '2015-06-25 07:18:39', 'Ajout des lignes de transfert (6/70107004, TRANSFERT N°6)', '0345Y');
INSERT INTO `logs` (`CODE_LOG`, `LOGIN`, `ID_LOG`, `LOG_DATE`, `LOG_DESCRIP`, `MLLE`) VALUES ('108/', 'root', '108', '2015-06-23 13:31:05', 'Ajout d\'un compte utilisateur (ALAIN, 78890)', '0345Y');
INSERT INTO `logs` (`CODE_LOG`, `LOGIN`, `ID_LOG`, `LOG_DATE`, `LOG_DESCRIP`, `MLLE`) VALUES ('108/70107004', 'root', '108', '2015-06-25 07:18:39', 'Ajout d\\\'un mouvement(6/70107004, TRANSFERT N°6)', '0345Y');
INSERT INTO `logs` (`CODE_LOG`, `LOGIN`, `ID_LOG`, `LOG_DATE`, `LOG_DESCRIP`, `MLLE`) VALUES ('109/', 'root', '109', '2015-06-23 13:31:22', 'Déconnexion du système échouée', '0345Y');
INSERT INTO `logs` (`CODE_LOG`, `LOGIN`, `ID_LOG`, `LOG_DATE`, `LOG_DESCRIP`, `MLLE`) VALUES ('109/70107004', 'root', '109', '2015-06-25 07:18:39', 'Ajout d\\\'un transfert (1/7010412, TRANSFERT N°6)', '0345Y');
INSERT INTO `logs` (`CODE_LOG`, `LOGIN`, `ID_LOG`, `LOG_DATE`, `LOG_DESCRIP`, `MLLE`) VALUES ('11/', 'root', '11', '2015-06-23 07:52:49', 'Modification des affectations de site (root, 0345Y)', '0345Y');
INSERT INTO `logs` (`CODE_LOG`, `LOGIN`, `ID_LOG`, `LOG_DATE`, `LOG_DESCRIP`, `MLLE`) VALUES ('11/7010405', 'root', '11', '2015-06-25 11:40:06', 'Ajout d\'un mouvement(1/7010405, déclassement n°RAPPORT MENSUEL DE DOGO)', '0345Y');
INSERT INTO `logs` (`CODE_LOG`, `LOGIN`, `ID_LOG`, `LOG_DATE`, `LOG_DESCRIP`, `MLLE`) VALUES ('11/7010410', 'root', '11', '2015-06-25 11:46:32', 'Ajout d\'un bon de sortie (2/7010410, Bénéficiaire :COSOMMATEUR Q/RAPPORT MENSUEL)', '0345Y');
INSERT INTO `logs` (`CODE_LOG`, `LOGIN`, `ID_LOG`, `LOG_DATE`, `LOG_DESCRIP`, `MLLE`) VALUES ('11/70107004', 'root', '11', '2015-06-24 10:26:07', 'Modification d\'une livraison (1/70107004, commande n°1/70107004)', '0345Y');
INSERT INTO `logs` (`CODE_LOG`, `LOGIN`, `ID_LOG`, `LOG_DATE`, `LOG_DESCRIP`, `MLLE`) VALUES ('110/', 'ALI', '110', '2015-06-23 13:31:38', 'Connexion au système', '78910');
INSERT INTO `logs` (`CODE_LOG`, `LOGIN`, `ID_LOG`, `LOG_DATE`, `LOG_DESCRIP`, `MLLE`) VALUES ('110/70107004', 'root', '110', '2015-06-25 07:18:39', 'Ajout des lignes de transfert (1/7010412, TRANSFERT N°6)', '0345Y');
INSERT INTO `logs` (`CODE_LOG`, `LOGIN`, `ID_LOG`, `LOG_DATE`, `LOG_DESCRIP`, `MLLE`) VALUES ('111/', 'root', '111', '2015-06-23 13:33:17', 'Connexion au système', '0345Y');
INSERT INTO `logs` (`CODE_LOG`, `LOGIN`, `ID_LOG`, `LOG_DATE`, `LOG_DESCRIP`, `MLLE`) VALUES ('111/70107004', 'root', '111', '2015-06-25 07:18:39', 'Ajout d\\\'un mouvement(1/7010412, TRANSFERT N°6)', '0345Y');
INSERT INTO `logs` (`CODE_LOG`, `LOGIN`, `ID_LOG`, `LOG_DATE`, `LOG_DESCRIP`, `MLLE`) VALUES ('112/', 'root', '112', '2015-06-23 13:33:32', 'Connexion au système', '0345Y');
INSERT INTO `logs` (`CODE_LOG`, `LOGIN`, `ID_LOG`, `LOG_DATE`, `LOG_DESCRIP`, `MLLE`) VALUES ('112/70107004', 'root', '112', '2015-06-25 07:27:03', 'Ajout d\\\'un transfert (7/70107004, TRANSFERT N°7)', '0345Y');
INSERT INTO `logs` (`CODE_LOG`, `LOGIN`, `ID_LOG`, `LOG_DATE`, `LOG_DESCRIP`, `MLLE`) VALUES ('113/', 'root', '113', '2015-06-23 13:39:51', 'Ajout d\'un compte utilisateur (POINT FOCAL, 24567)', '0345Y');
INSERT INTO `logs` (`CODE_LOG`, `LOGIN`, `ID_LOG`, `LOG_DATE`, `LOG_DESCRIP`, `MLLE`) VALUES ('113/70107004', 'root', '113', '2015-06-25 07:27:03', 'Ajout d\\\'un transfert (1/7010433, TRANSFERT N°7)', '0345Y');
INSERT INTO `logs` (`CODE_LOG`, `LOGIN`, `ID_LOG`, `LOG_DATE`, `LOG_DESCRIP`, `MLLE`) VALUES ('114/', 'root', '114', '2015-06-23 13:43:12', 'Modification d\'un profil (Administrateur)', '0345Y');
INSERT INTO `logs` (`CODE_LOG`, `LOGIN`, `ID_LOG`, `LOG_DATE`, `LOG_DESCRIP`, `MLLE`) VALUES ('114/70107004', 'root', '114', '2015-06-25 07:37:13', 'Ajout d\'un déclassement (2/70107004, PERTE N°1)', '0345Y');
INSERT INTO `logs` (`CODE_LOG`, `LOGIN`, `ID_LOG`, `LOG_DATE`, `LOG_DESCRIP`, `MLLE`) VALUES ('115/', 'root', '115', '2015-06-23 13:45:11', 'Modification d\'un profil (Gestionnaire de stocks)', '0345Y');
INSERT INTO `logs` (`CODE_LOG`, `LOGIN`, `ID_LOG`, `LOG_DATE`, `LOG_DESCRIP`, `MLLE`) VALUES ('115/70107004', 'root', '115', '2015-06-25 07:37:13', 'Ajout des lignes de déclassement (2/70107004, PERTE N°1)', '0345Y');
INSERT INTO `logs` (`CODE_LOG`, `LOGIN`, `ID_LOG`, `LOG_DATE`, `LOG_DESCRIP`, `MLLE`) VALUES ('116/', 'root', '116', '2015-06-23 13:46:47', 'Modification d\'un profil (Gestionnaire de stocks)', '0345Y');
INSERT INTO `logs` (`CODE_LOG`, `LOGIN`, `ID_LOG`, `LOG_DATE`, `LOG_DESCRIP`, `MLLE`) VALUES ('116/70107004', 'root', '116', '2015-06-25 07:37:13', 'Ajout d\'un mouvement(2/70107004, déclassement n°PERTE N°1)', '0345Y');
INSERT INTO `logs` (`CODE_LOG`, `LOGIN`, `ID_LOG`, `LOG_DATE`, `LOG_DESCRIP`, `MLLE`) VALUES ('117/', 'root', '117', '2015-06-23 13:49:35', 'Modification d\'un profil (Magasinier)', '0345Y');
INSERT INTO `logs` (`CODE_LOG`, `LOGIN`, `ID_LOG`, `LOG_DATE`, `LOG_DESCRIP`, `MLLE`) VALUES ('117/70107004', 'root', '117', '2015-06-25 07:39:19', 'Ajout d\'un déclassement (3/70107004, PERTE N°2)', '0345Y');
INSERT INTO `logs` (`CODE_LOG`, `LOGIN`, `ID_LOG`, `LOG_DATE`, `LOG_DESCRIP`, `MLLE`) VALUES ('118/', 'root', '118', '2015-06-23 14:11:07', 'Déconnexion du système échouée', '0345Y');
INSERT INTO `logs` (`CODE_LOG`, `LOGIN`, `ID_LOG`, `LOG_DATE`, `LOG_DESCRIP`, `MLLE`) VALUES ('118/70107004', 'root', '118', '2015-06-25 07:39:19', 'Ajout des lignes de déclassement (3/70107004, PERTE N°2)', '0345Y');
INSERT INTO `logs` (`CODE_LOG`, `LOGIN`, `ID_LOG`, `LOG_DATE`, `LOG_DESCRIP`, `MLLE`) VALUES ('119/', 'ALI', '119', '2015-06-23 14:12:41', 'Connexion au système', '78910');
INSERT INTO `logs` (`CODE_LOG`, `LOGIN`, `ID_LOG`, `LOG_DATE`, `LOG_DESCRIP`, `MLLE`) VALUES ('119/70107004', 'root', '119', '2015-06-25 07:39:19', 'Ajout d\'un mouvement(3/70107004, déclassement n°PERTE N°2)', '0345Y');
INSERT INTO `logs` (`CODE_LOG`, `LOGIN`, `ID_LOG`, `LOG_DATE`, `LOG_DESCRIP`, `MLLE`) VALUES ('12/', 'root', '12', '2015-06-23 07:53:28', 'Modification des affectations de site (root, 0345Y)', '0345Y');
INSERT INTO `logs` (`CODE_LOG`, `LOGIN`, `ID_LOG`, `LOG_DATE`, `LOG_DESCRIP`, `MLLE`) VALUES ('12/7010405', 'root', '12', '2015-06-25 11:40:14', 'Modification d\'un déclassement (1/7010405, RAPPORT MENSUEL DE DOGO)', '0345Y');
INSERT INTO `logs` (`CODE_LOG`, `LOGIN`, `ID_LOG`, `LOG_DATE`, `LOG_DESCRIP`, `MLLE`) VALUES ('12/7010410', 'root', '12', '2015-06-25 11:46:32', 'Ajout des lignes du bon de sortie(2/7010410, Bénéficiaire :COSOMMATEUR Q / RAPPORT MENSUEL)', '0345Y');
INSERT INTO `logs` (`CODE_LOG`, `LOGIN`, `ID_LOG`, `LOG_DATE`, `LOG_DESCRIP`, `MLLE`) VALUES ('12/70107004', 'root', '12', '2015-06-24 10:26:07', 'Modification des lignes de livraison(1/70107004, Livraison n°66U)', '0345Y');
INSERT INTO `logs` (`CODE_LOG`, `LOGIN`, `ID_LOG`, `LOG_DATE`, `LOG_DESCRIP`, `MLLE`) VALUES ('120/', 'ALAIN', '120', '2015-06-23 14:16:01', 'Connexion au système', '78890');
INSERT INTO `logs` (`CODE_LOG`, `LOGIN`, `ID_LOG`, `LOG_DATE`, `LOG_DESCRIP`, `MLLE`) VALUES ('120/70107004', 'root', '120', '2015-06-25 07:44:47', 'Modification d\'un déclassement (2/70107004, PERTE N°1)', '0345Y');
INSERT INTO `logs` (`CODE_LOG`, `LOGIN`, `ID_LOG`, `LOG_DATE`, `LOG_DESCRIP`, `MLLE`) VALUES ('121/', 'ALI', '121', '2015-06-23 14:19:13', 'Connexion au système', '78910');
INSERT INTO `logs` (`CODE_LOG`, `LOGIN`, `ID_LOG`, `LOG_DATE`, `LOG_DESCRIP`, `MLLE`) VALUES ('121/70107004', 'root', '121', '2015-06-25 07:44:47', 'Modification des lignes de déclassement (2/70107004, PERTE N°1)', '0345Y');
INSERT INTO `logs` (`CODE_LOG`, `LOGIN`, `ID_LOG`, `LOG_DATE`, `LOG_DESCRIP`, `MLLE`) VALUES ('122/', 'ALI', '122', '2015-06-23 14:21:28', 'Déconnexion du système échouée', '78910');
INSERT INTO `logs` (`CODE_LOG`, `LOGIN`, `ID_LOG`, `LOG_DATE`, `LOG_DESCRIP`, `MLLE`) VALUES ('122/70107004', 'root', '122', '2015-06-25 07:44:47', 'Modification d\'un mouvement(2/70107004, déclassement n°PERTE N°1)', '0345Y');
INSERT INTO `logs` (`CODE_LOG`, `LOGIN`, `ID_LOG`, `LOG_DATE`, `LOG_DESCRIP`, `MLLE`) VALUES ('123/', 'root', '123', '2015-06-23 14:21:33', 'Connexion au système', '0345Y');
INSERT INTO `logs` (`CODE_LOG`, `LOGIN`, `ID_LOG`, `LOG_DATE`, `LOG_DESCRIP`, `MLLE`) VALUES ('123/70107004', 'root', '123', '2015-06-25 07:46:14', 'Modification d\'un déclassement (3/70107004, PERTE N°2)', '0345Y');
INSERT INTO `logs` (`CODE_LOG`, `LOGIN`, `ID_LOG`, `LOG_DATE`, `LOG_DESCRIP`, `MLLE`) VALUES ('124/', 'root', '124', '2015-06-23 14:25:09', 'Déconnexion du système échouée', '0345Y');
INSERT INTO `logs` (`CODE_LOG`, `LOGIN`, `ID_LOG`, `LOG_DATE`, `LOG_DESCRIP`, `MLLE`) VALUES ('124/70107004', 'root', '124', '2015-06-25 07:46:14', 'Modification des lignes de déclassement (3/70107004, PERTE N°2)', '0345Y');
INSERT INTO `logs` (`CODE_LOG`, `LOGIN`, `ID_LOG`, `LOG_DATE`, `LOG_DESCRIP`, `MLLE`) VALUES ('125/', 'root', '125', '2015-06-24 07:34:19', 'Connexion au système', '0345Y');
INSERT INTO `logs` (`CODE_LOG`, `LOGIN`, `ID_LOG`, `LOG_DATE`, `LOG_DESCRIP`, `MLLE`) VALUES ('125/70107004', 'root', '125', '2015-06-25 07:46:14', 'Modification d\'un mouvement(3/70107004, déclassement n°PERTE N°2)', '0345Y');
INSERT INTO `logs` (`CODE_LOG`, `LOGIN`, `ID_LOG`, `LOG_DATE`, `LOG_DESCRIP`, `MLLE`) VALUES ('126/', 'root', '126', '2015-06-24 08:34:10', 'Ajout ou modification des paramètres généraux', '0345Y');
INSERT INTO `logs` (`CODE_LOG`, `LOGIN`, `ID_LOG`, `LOG_DATE`, `LOG_DESCRIP`, `MLLE`) VALUES ('126/70107004', 'root', '126', '2015-06-25 07:48:48', 'Ajout d\'un déclassement (4/70107004, PERTE N°3)', '0345Y');
INSERT INTO `logs` (`CODE_LOG`, `LOGIN`, `ID_LOG`, `LOG_DATE`, `LOG_DESCRIP`, `MLLE`) VALUES ('127/', 'root', '127', '2015-06-24 08:39:34', 'Ajout d\'une province (DRSP ZINDER)', '0345Y');
INSERT INTO `logs` (`CODE_LOG`, `LOGIN`, `ID_LOG`, `LOG_DATE`, `LOG_DESCRIP`, `MLLE`) VALUES ('127/70107004', 'root', '127', '2015-06-25 07:48:48', 'Ajout des lignes de déclassement (4/70107004, PERTE N°3)', '0345Y');
INSERT INTO `logs` (`CODE_LOG`, `LOGIN`, `ID_LOG`, `LOG_DATE`, `LOG_DESCRIP`, `MLLE`) VALUES ('128/', 'root', '128', '2015-06-24 08:40:49', 'Modification d\'une province (DRSP ZINDER)', '0345Y');
INSERT INTO `logs` (`CODE_LOG`, `LOGIN`, `ID_LOG`, `LOG_DATE`, `LOG_DESCRIP`, `MLLE`) VALUES ('128/70107004', 'root', '128', '2015-06-25 07:48:48', 'Ajout d\'un mouvement(4/70107004, déclassement n°PERTE N°3)', '0345Y');
INSERT INTO `logs` (`CODE_LOG`, `LOGIN`, `ID_LOG`, `LOG_DATE`, `LOG_DESCRIP`, `MLLE`) VALUES ('129/', 'root', '129', '2015-06-24 08:43:14', 'Ajout d\'une province (DRSP ZINDER)', '0345Y');
INSERT INTO `logs` (`CODE_LOG`, `LOGIN`, `ID_LOG`, `LOG_DATE`, `LOG_DESCRIP`, `MLLE`) VALUES ('129/70107004', 'root', '129', '2015-06-25 07:57:14', 'Ajout d\'un produit (20039008, IMPLANON)', '0345Y');
INSERT INTO `logs` (`CODE_LOG`, `LOGIN`, `ID_LOG`, `LOG_DATE`, `LOG_DESCRIP`, `MLLE`) VALUES ('13/', 'root', '13', '2015-06-23 08:00:25', 'Ajout d\'un service (7010412, CSI Guidimouni)', '0345Y');
INSERT INTO `logs` (`CODE_LOG`, `LOGIN`, `ID_LOG`, `LOG_DATE`, `LOG_DESCRIP`, `MLLE`) VALUES ('13/7010405', 'root', '13', '2015-06-25 11:40:14', 'Modification d\'un mouvement(1/7010405, déclassement n°RAPPORT MENSUEL DE DOGO)', '0345Y');
INSERT INTO `logs` (`CODE_LOG`, `LOGIN`, `ID_LOG`, `LOG_DATE`, `LOG_DESCRIP`, `MLLE`) VALUES ('13/7010410', 'root', '13', '2015-06-25 11:46:32', 'Ajout d\'un mouvement(2/7010410, Bénéficiaire COSOMMATEUR Q / RAPPORT MENSUEL)', '0345Y');
INSERT INTO `logs` (`CODE_LOG`, `LOGIN`, `ID_LOG`, `LOG_DATE`, `LOG_DESCRIP`, `MLLE`) VALUES ('13/70107004', 'root', '13', '2015-06-24 10:26:07', 'Modification d\'un mouvement(1/70107004, livraison n°66U)', '0345Y');
INSERT INTO `logs` (`CODE_LOG`, `LOGIN`, `ID_LOG`, `LOG_DATE`, `LOG_DESCRIP`, `MLLE`) VALUES ('130/', 'root', '130', '2015-06-24 08:51:57', 'Ajout d\'un service (70107004, DS MIRRIAH)', '0345Y');
INSERT INTO `logs` (`CODE_LOG`, `LOGIN`, `ID_LOG`, `LOG_DATE`, `LOG_DESCRIP`, `MLLE`) VALUES ('130/70107004', 'root', '130', '2015-06-25 08:00:52', 'Ajout d\'une livraison (10/70107004, commande n° )', '0345Y');
INSERT INTO `logs` (`CODE_LOG`, `LOGIN`, `ID_LOG`, `LOG_DATE`, `LOG_DESCRIP`, `MLLE`) VALUES ('131/', 'root', '131', '2015-06-24 08:58:31', 'Modification des affectations de site (root, 0345Y)', '0345Y');
INSERT INTO `logs` (`CODE_LOG`, `LOGIN`, `ID_LOG`, `LOG_DATE`, `LOG_DESCRIP`, `MLLE`) VALUES ('131/70107004', 'root', '131', '2015-06-25 08:00:52', 'Ajout des lignes de livraison(10/70107004, commande n°)', '0345Y');
INSERT INTO `logs` (`CODE_LOG`, `LOGIN`, `ID_LOG`, `LOG_DATE`, `LOG_DESCRIP`, `MLLE`) VALUES ('132/', 'root', '132', '2015-06-24 09:00:24', 'Changement de l\'exercice budgétaire (2015, 2015 / , )', '0345Y');
INSERT INTO `logs` (`CODE_LOG`, `LOGIN`, `ID_LOG`, `LOG_DATE`, `LOG_DESCRIP`, `MLLE`) VALUES ('132/70107004', 'root', '132', '2015-06-25 08:00:52', 'Ajout d\'un mouvement(10/70107004, commande n°)', '0345Y');
INSERT INTO `logs` (`CODE_LOG`, `LOGIN`, `ID_LOG`, `LOG_DATE`, `LOG_DESCRIP`, `MLLE`) VALUES ('133/', 'root', '133', '2015-06-26 13:14:03', 'Connexion au système', '0345Y');
INSERT INTO `logs` (`CODE_LOG`, `LOGIN`, `ID_LOG`, `LOG_DATE`, `LOG_DESCRIP`, `MLLE`) VALUES ('133/70107004', 'root', '133', '2015-06-25 08:01:04', 'Validation d\'une livraison (10/70107004, Livraison n°12345667)', '0345Y');
INSERT INTO `logs` (`CODE_LOG`, `LOGIN`, `ID_LOG`, `LOG_DATE`, `LOG_DESCRIP`, `MLLE`) VALUES ('134/', 'root', '134', '2015-06-26 13:26:29', 'Changement de l\'exercice budgétaire (2015, 2015 / , )', '0345Y');
INSERT INTO `logs` (`CODE_LOG`, `LOGIN`, `ID_LOG`, `LOG_DATE`, `LOG_DESCRIP`, `MLLE`) VALUES ('134/70107004', 'root', '134', '2015-06-25 08:01:04', 'Validation d\'un mouvement(10/70107004, commande n°)', '0345Y');
INSERT INTO `logs` (`CODE_LOG`, `LOGIN`, `ID_LOG`, `LOG_DATE`, `LOG_DESCRIP`, `MLLE`) VALUES ('135/', 'root', '135', '2015-06-26 13:31:30', 'Ajout d\'un produit (MO10103, AMAXICILLINE 500MG)', '0345Y');
INSERT INTO `logs` (`CODE_LOG`, `LOGIN`, `ID_LOG`, `LOG_DATE`, `LOG_DESCRIP`, `MLLE`) VALUES ('135/70107004', 'root', '135', '2015-06-25 08:05:34', 'Ajout d\\\'un transfert (8/70107004, TRANSFERT N°1)', '0345Y');
INSERT INTO `logs` (`CODE_LOG`, `LOGIN`, `ID_LOG`, `LOG_DATE`, `LOG_DESCRIP`, `MLLE`) VALUES ('136/', 'root', '136', '2015-06-26 13:36:57', 'Ajout d\'un produit (MO10104, AMPICILLINE 1G)', '0345Y');
INSERT INTO `logs` (`CODE_LOG`, `LOGIN`, `ID_LOG`, `LOG_DATE`, `LOG_DESCRIP`, `MLLE`) VALUES ('136/70107004', 'root', '136', '2015-06-25 08:05:35', 'Ajout des lignes de transfert (8/70107004, TRANSFERT N°1)', '0345Y');
INSERT INTO `logs` (`CODE_LOG`, `LOGIN`, `ID_LOG`, `LOG_DATE`, `LOG_DESCRIP`, `MLLE`) VALUES ('137/', 'root', '137', '2015-06-26 13:39:04', 'Ajout d\'un produit (MO10105, CIPROFLOXACINE 500MG)', '0345Y');
INSERT INTO `logs` (`CODE_LOG`, `LOGIN`, `ID_LOG`, `LOG_DATE`, `LOG_DESCRIP`, `MLLE`) VALUES ('137/70107004', 'root', '137', '2015-06-25 08:05:35', 'Ajout d\\\'un mouvement(8/70107004, TRANSFERT N°1)', '0345Y');
INSERT INTO `logs` (`CODE_LOG`, `LOGIN`, `ID_LOG`, `LOG_DATE`, `LOG_DESCRIP`, `MLLE`) VALUES ('138/', 'root', '138', '2015-06-26 13:41:09', 'Ajout d\'un produit (MO10106, COTRIMOXAZOLE 480 MG)', '0345Y');
INSERT INTO `logs` (`CODE_LOG`, `LOGIN`, `ID_LOG`, `LOG_DATE`, `LOG_DESCRIP`, `MLLE`) VALUES ('138/70107004', 'root', '138', '2015-06-25 08:05:35', 'Ajout d\\\'un transfert (3/7010405, TRANSFERT N°1)', '0345Y');
INSERT INTO `logs` (`CODE_LOG`, `LOGIN`, `ID_LOG`, `LOG_DATE`, `LOG_DESCRIP`, `MLLE`) VALUES ('139/', 'root', '139', '2015-06-26 13:43:38', 'Ajout d\'un produit (MO10107, DIAZEPAN 10 MG)', '0345Y');
INSERT INTO `logs` (`CODE_LOG`, `LOGIN`, `ID_LOG`, `LOG_DATE`, `LOG_DESCRIP`, `MLLE`) VALUES ('139/70107004', 'root', '139', '2015-06-25 08:05:35', 'Ajout des lignes de transfert (3/7010405, TRANSFERT N°1)', '0345Y');
INSERT INTO `logs` (`CODE_LOG`, `LOGIN`, `ID_LOG`, `LOG_DATE`, `LOG_DESCRIP`, `MLLE`) VALUES ('14/', 'root', '14', '2015-06-23 08:01:41', 'Ajout d\'un service (7010405, CSI Dogo)', '0345Y');
INSERT INTO `logs` (`CODE_LOG`, `LOGIN`, `ID_LOG`, `LOG_DATE`, `LOG_DESCRIP`, `MLLE`) VALUES ('14/7010405', 'root', '14', '2015-06-25 11:54:50', 'Changement de l\'exercice budgétaire (2015, 2015 / 7010433, 7010405)', '0345Y');
INSERT INTO `logs` (`CODE_LOG`, `LOGIN`, `ID_LOG`, `LOG_DATE`, `LOG_DESCRIP`, `MLLE`) VALUES ('14/7010410', 'root', '14', '2015-06-25 11:46:41', 'Modification d\'un bon de sortie (2/7010410, bénéficiaire :COSOMMATEUR Q)', '0345Y');
INSERT INTO `logs` (`CODE_LOG`, `LOGIN`, `ID_LOG`, `LOG_DATE`, `LOG_DESCRIP`, `MLLE`) VALUES ('14/70107004', 'root', '14', '2015-06-24 10:55:43', 'Ajout d\'une commande (2/70107004, COMMANDE MENSUELLE)', '0345Y');
INSERT INTO `logs` (`CODE_LOG`, `LOGIN`, `ID_LOG`, `LOG_DATE`, `LOG_DESCRIP`, `MLLE`) VALUES ('140/', 'root', '140', '2015-06-26 13:46:06', 'Ajout d\'un produit (MO10108, DICLOFENAC 50 MG)', '0345Y');
INSERT INTO `logs` (`CODE_LOG`, `LOGIN`, `ID_LOG`, `LOG_DATE`, `LOG_DESCRIP`, `MLLE`) VALUES ('140/70107004', 'root', '140', '2015-06-25 08:05:35', 'Ajout d\\\'un mouvement(3/7010405, TRANSFERT N°1)', '0345Y');
INSERT INTO `logs` (`CODE_LOG`, `LOGIN`, `ID_LOG`, `LOG_DATE`, `LOG_DESCRIP`, `MLLE`) VALUES ('141/', 'root', '141', '2015-06-26 13:48:21', 'Ajout d\'un produit (MO10109, ERYTHROMYCINE 500 MG)', '0345Y');
INSERT INTO `logs` (`CODE_LOG`, `LOGIN`, `ID_LOG`, `LOG_DATE`, `LOG_DESCRIP`, `MLLE`) VALUES ('141/70107004', 'root', '141', '2015-06-25 08:19:12', 'Ajout d\\\'un transfert (9/70107004, TRANSFERT N°5)', '0345Y');
INSERT INTO `logs` (`CODE_LOG`, `LOGIN`, `ID_LOG`, `LOG_DATE`, `LOG_DESCRIP`, `MLLE`) VALUES ('142/', 'root', '142', '2015-06-26 13:53:57', 'Ajout d\'un produit (M010201, FUMARATE DE FER 250 ML)', '0345Y');
INSERT INTO `logs` (`CODE_LOG`, `LOGIN`, `ID_LOG`, `LOG_DATE`, `LOG_DESCRIP`, `MLLE`) VALUES ('142/70107004', 'root', '142', '2015-06-25 08:19:12', 'Ajout des lignes de transfert (9/70107004, TRANSFERT N°5)', '0345Y');
INSERT INTO `logs` (`CODE_LOG`, `LOGIN`, `ID_LOG`, `LOG_DATE`, `LOG_DESCRIP`, `MLLE`) VALUES ('143/', 'root', '143', '2015-06-26 13:57:29', 'Ajout d\'un produit (M010202, FUROSEMIDE 20 MG)', '0345Y');
INSERT INTO `logs` (`CODE_LOG`, `LOGIN`, `ID_LOG`, `LOG_DATE`, `LOG_DESCRIP`, `MLLE`) VALUES ('143/70107004', 'root', '143', '2015-06-25 08:19:12', 'Ajout d\\\'un mouvement(9/70107004, TRANSFERT N°5)', '0345Y');
INSERT INTO `logs` (`CODE_LOG`, `LOGIN`, `ID_LOG`, `LOG_DATE`, `LOG_DESCRIP`, `MLLE`) VALUES ('144/', 'root', '144', '2015-06-26 14:00:29', 'Ajout d\'un produit (M010203, METRONIDAZOLE 250 MG)', '0345Y');
INSERT INTO `logs` (`CODE_LOG`, `LOGIN`, `ID_LOG`, `LOG_DATE`, `LOG_DESCRIP`, `MLLE`) VALUES ('144/70107004', 'root', '144', '2015-06-25 08:19:12', 'Ajout d\\\'un transfert (4/7010405, TRANSFERT N°5)', '0345Y');
INSERT INTO `logs` (`CODE_LOG`, `LOGIN`, `ID_LOG`, `LOG_DATE`, `LOG_DESCRIP`, `MLLE`) VALUES ('145/', 'root', '145', '2015-06-26 14:03:48', 'Ajout d\'un produit (M010204, PARACETAMOL 500 MG)', '0345Y');
INSERT INTO `logs` (`CODE_LOG`, `LOGIN`, `ID_LOG`, `LOG_DATE`, `LOG_DESCRIP`, `MLLE`) VALUES ('145/70107004', 'root', '145', '2015-06-25 08:19:12', 'Ajout des lignes de transfert (4/7010405, TRANSFERT N°5)', '0345Y');
INSERT INTO `logs` (`CODE_LOG`, `LOGIN`, `ID_LOG`, `LOG_DATE`, `LOG_DESCRIP`, `MLLE`) VALUES ('146/', 'root', '146', '2015-06-26 14:09:51', 'Modification des affectations de site (root, 0345Y)', '0345Y');
INSERT INTO `logs` (`CODE_LOG`, `LOGIN`, `ID_LOG`, `LOG_DATE`, `LOG_DESCRIP`, `MLLE`) VALUES ('146/70107004', 'root', '146', '2015-06-25 08:19:12', 'Ajout d\\\'un mouvement(4/7010405, TRANSFERT N°5)', '0345Y');
INSERT INTO `logs` (`CODE_LOG`, `LOGIN`, `ID_LOG`, `LOG_DATE`, `LOG_DESCRIP`, `MLLE`) VALUES ('147/', 'root', '147', '2015-06-26 14:10:36', 'Changement de l\'exercice budgétaire (2015, 2015 / , )', '0345Y');
INSERT INTO `logs` (`CODE_LOG`, `LOGIN`, `ID_LOG`, `LOG_DATE`, `LOG_DESCRIP`, `MLLE`) VALUES ('147/70107004', 'root', '147', '2015-06-25 08:46:12', 'Modification d\'un déclassement (2/70107004, PERTE N°1)', '0345Y');
INSERT INTO `logs` (`CODE_LOG`, `LOGIN`, `ID_LOG`, `LOG_DATE`, `LOG_DESCRIP`, `MLLE`) VALUES ('148/', 'root', '148', '2015-06-26 14:13:59', 'Ajout d\'un type de bénéficiaire (PATIENT, PATIENT)', '0345Y');
INSERT INTO `logs` (`CODE_LOG`, `LOGIN`, `ID_LOG`, `LOG_DATE`, `LOG_DESCRIP`, `MLLE`) VALUES ('148/70107004', 'root', '148', '2015-06-25 08:46:12', 'Modification des lignes de déclassement (2/70107004, PERTE N°1)', '0345Y');
INSERT INTO `logs` (`CODE_LOG`, `LOGIN`, `ID_LOG`, `LOG_DATE`, `LOG_DESCRIP`, `MLLE`) VALUES ('149/', 'root', '149', '2015-06-26 14:16:18', 'Changement de l\'exercice budgétaire (2015, 2015 / , )', '0345Y');
INSERT INTO `logs` (`CODE_LOG`, `LOGIN`, `ID_LOG`, `LOG_DATE`, `LOG_DESCRIP`, `MLLE`) VALUES ('149/70107004', 'root', '149', '2015-06-25 08:46:12', 'Modification d\'un mouvement(2/70107004, déclassement n°PERTE N°1)', '0345Y');
INSERT INTO `logs` (`CODE_LOG`, `LOGIN`, `ID_LOG`, `LOG_DATE`, `LOG_DESCRIP`, `MLLE`) VALUES ('15/', 'root', '15', '2015-06-23 08:02:11', 'Ajout d\'un service (7010410, CSI Gouna)', '0345Y');
INSERT INTO `logs` (`CODE_LOG`, `LOGIN`, `ID_LOG`, `LOG_DATE`, `LOG_DESCRIP`, `MLLE`) VALUES ('15/7010405', 'root', '15', '2015-06-25 11:55:11', 'Modification d\'un bon de sortie (1/7010405, bénéficiaire :COSOMMATEUR Q)', '0345Y');
INSERT INTO `logs` (`CODE_LOG`, `LOGIN`, `ID_LOG`, `LOG_DATE`, `LOG_DESCRIP`, `MLLE`) VALUES ('15/7010410', 'root', '15', '2015-06-25 11:46:41', 'Validation d\'un mouvement(2/7010410, Bénéficiaire COSOMMATEUR Q / RAPPORT MENSUEL)', '0345Y');
INSERT INTO `logs` (`CODE_LOG`, `LOGIN`, `ID_LOG`, `LOG_DATE`, `LOG_DESCRIP`, `MLLE`) VALUES ('15/70107004', 'root', '15', '2015-06-24 10:55:43', 'Ajout des lignes de commandes (2/70107004, COMMANDE MENSUELLE)', '0345Y');
INSERT INTO `logs` (`CODE_LOG`, `LOGIN`, `ID_LOG`, `LOG_DATE`, `LOG_DESCRIP`, `MLLE`) VALUES ('150/', 'root', '150', '2015-06-26 14:19:54', 'Ajout d\'un service (7010100, DISTRICT DE GOURE)', '0345Y');
INSERT INTO `logs` (`CODE_LOG`, `LOGIN`, `ID_LOG`, `LOG_DATE`, `LOG_DESCRIP`, `MLLE`) VALUES ('150/70107004', 'root', '150', '2015-06-25 08:48:07', 'Modification d\'un déclassement (4/70107004, PERTE N°3)', '0345Y');
INSERT INTO `logs` (`CODE_LOG`, `LOGIN`, `ID_LOG`, `LOG_DATE`, `LOG_DESCRIP`, `MLLE`) VALUES ('151/', 'root', '151', '2015-06-26 14:24:29', 'Changement de l\'exercice budgétaire (2015, 2015 / , )', '0345Y');
INSERT INTO `logs` (`CODE_LOG`, `LOGIN`, `ID_LOG`, `LOG_DATE`, `LOG_DESCRIP`, `MLLE`) VALUES ('151/70107004', 'root', '151', '2015-06-25 08:48:07', 'Modification des lignes de déclassement (4/70107004, PERTE N°3)', '0345Y');
INSERT INTO `logs` (`CODE_LOG`, `LOGIN`, `ID_LOG`, `LOG_DATE`, `LOG_DESCRIP`, `MLLE`) VALUES ('152/', 'root', '152', '2015-06-26 14:31:47', 'Changement de l\'exercice budgétaire (2015, 2015 / 7010104, )', '0345Y');
INSERT INTO `logs` (`CODE_LOG`, `LOGIN`, `ID_LOG`, `LOG_DATE`, `LOG_DESCRIP`, `MLLE`) VALUES ('152/70107004', 'root', '152', '2015-06-25 08:48:07', 'Modification d\'un mouvement(4/70107004, déclassement n°PERTE N°3)', '0345Y');
INSERT INTO `logs` (`CODE_LOG`, `LOGIN`, `ID_LOG`, `LOG_DATE`, `LOG_DESCRIP`, `MLLE`) VALUES ('153/', 'root', '153', '2015-06-26 14:31:52', 'Changement de l\'exercice budgétaire (2015, 2015 / , )', '0345Y');
INSERT INTO `logs` (`CODE_LOG`, `LOGIN`, `ID_LOG`, `LOG_DATE`, `LOG_DESCRIP`, `MLLE`) VALUES ('153/70107004', 'root', '153', '2015-06-25 08:48:22', 'Modification d\'un déclassement (4/70107004, PERTE N°3)', '0345Y');
INSERT INTO `logs` (`CODE_LOG`, `LOGIN`, `ID_LOG`, `LOG_DATE`, `LOG_DESCRIP`, `MLLE`) VALUES ('154/', 'root', '154', '2015-06-26 14:43:48', 'Changement de l\'exercice budgétaire (2015, 2015 / 70107004, )', '0345Y');
INSERT INTO `logs` (`CODE_LOG`, `LOGIN`, `ID_LOG`, `LOG_DATE`, `LOG_DESCRIP`, `MLLE`) VALUES ('154/70107004', 'root', '154', '2015-06-25 08:48:22', 'Modification d\'un mouvement(4/70107004, déclassement n°PERTE N°3)', '0345Y');
INSERT INTO `logs` (`CODE_LOG`, `LOGIN`, `ID_LOG`, `LOG_DATE`, `LOG_DESCRIP`, `MLLE`) VALUES ('155/', 'root', '155', '2015-06-26 14:47:54', 'Modification d\'une personne (144, 144)', '0345Y');
INSERT INTO `logs` (`CODE_LOG`, `LOGIN`, `ID_LOG`, `LOG_DATE`, `LOG_DESCRIP`, `MLLE`) VALUES ('155/70107004', 'root', '155', '2015-06-25 08:48:31', 'Modification d\'un déclassement (3/70107004, PERTE N°2)', '0345Y');
INSERT INTO `logs` (`CODE_LOG`, `LOGIN`, `ID_LOG`, `LOG_DATE`, `LOG_DESCRIP`, `MLLE`) VALUES ('156/', 'root', '156', '2015-06-26 14:50:13', 'Changement de l\'exercice budgétaire (2015, 2015 / , )', '0345Y');
INSERT INTO `logs` (`CODE_LOG`, `LOGIN`, `ID_LOG`, `LOG_DATE`, `LOG_DESCRIP`, `MLLE`) VALUES ('156/70107004', 'root', '156', '2015-06-25 08:48:31', 'Modification d\'un mouvement(3/70107004, déclassement n°PERTE N°2)', '0345Y');
INSERT INTO `logs` (`CODE_LOG`, `LOGIN`, `ID_LOG`, `LOG_DATE`, `LOG_DESCRIP`, `MLLE`) VALUES ('157/', 'root', '157', '2015-06-26 14:51:55', 'Modification d\'une personne (0345Y, 133)', '0345Y');
INSERT INTO `logs` (`CODE_LOG`, `LOGIN`, `ID_LOG`, `LOG_DATE`, `LOG_DESCRIP`, `MLLE`) VALUES ('157/70107004', 'root', '157', '2015-06-25 08:48:39', 'Modification d\'un déclassement (2/70107004, PERTE N°1)', '0345Y');
INSERT INTO `logs` (`CODE_LOG`, `LOGIN`, `ID_LOG`, `LOG_DATE`, `LOG_DESCRIP`, `MLLE`) VALUES ('158/', 'root', '158', '2015-06-26 15:56:05', 'Connexion au système', '133');
INSERT INTO `logs` (`CODE_LOG`, `LOGIN`, `ID_LOG`, `LOG_DATE`, `LOG_DESCRIP`, `MLLE`) VALUES ('158/70107004', 'root', '158', '2015-06-25 08:48:39', 'Modification d\'un mouvement(2/70107004, déclassement n°PERTE N°1)', '0345Y');
INSERT INTO `logs` (`CODE_LOG`, `LOGIN`, `ID_LOG`, `LOG_DATE`, `LOG_DESCRIP`, `MLLE`) VALUES ('159/', 'root', '159', '2015-06-26 16:16:01', 'Connexion au système', '133');
INSERT INTO `logs` (`CODE_LOG`, `LOGIN`, `ID_LOG`, `LOG_DATE`, `LOG_DESCRIP`, `MLLE`) VALUES ('159/70107004', 'root', '159', '2015-06-25 10:17:06', 'Ajout d\'une commande (5/70107004, COMMANDE MENSUELLE)', '0345Y');
INSERT INTO `logs` (`CODE_LOG`, `LOGIN`, `ID_LOG`, `LOG_DATE`, `LOG_DESCRIP`, `MLLE`) VALUES ('16/', 'root', '16', '2015-06-23 08:02:44', 'Modification des affectations de site (root, 0345Y)', '0345Y');
INSERT INTO `logs` (`CODE_LOG`, `LOGIN`, `ID_LOG`, `LOG_DATE`, `LOG_DESCRIP`, `MLLE`) VALUES ('16/7010405', 'root', '16', '2015-06-25 11:55:11', 'Validation d\'un mouvement(1/7010405, Bénéficiaire COSOMMATEUR Q / PERTE N°2)', '0345Y');
INSERT INTO `logs` (`CODE_LOG`, `LOGIN`, `ID_LOG`, `LOG_DATE`, `LOG_DESCRIP`, `MLLE`) VALUES ('16/7010410', 'root', '16', '2015-06-25 11:47:10', 'Modification d\'un déclassement (1/7010410, PERTE N°1)', '0345Y');
INSERT INTO `logs` (`CODE_LOG`, `LOGIN`, `ID_LOG`, `LOG_DATE`, `LOG_DESCRIP`, `MLLE`) VALUES ('16/70107004', 'root', '16', '2015-06-24 10:57:01', 'Ajout d\'une commande (3/70107004, COMMANDE MENSUELLE)', '0345Y');
INSERT INTO `logs` (`CODE_LOG`, `LOGIN`, `ID_LOG`, `LOG_DATE`, `LOG_DESCRIP`, `MLLE`) VALUES ('160/', 'root', '160', '2015-06-26 16:16:12', 'Changement de l\'exercice budgétaire (2015, 2015 / , )', '133');
INSERT INTO `logs` (`CODE_LOG`, `LOGIN`, `ID_LOG`, `LOG_DATE`, `LOG_DESCRIP`, `MLLE`) VALUES ('160/70107004', 'root', '160', '2015-06-25 10:17:06', 'Ajout des lignes de commandes (5/70107004, COMMANDE MENSUELLE)', '0345Y');
INSERT INTO `logs` (`CODE_LOG`, `LOGIN`, `ID_LOG`, `LOG_DATE`, `LOG_DESCRIP`, `MLLE`) VALUES ('161/', 'root', '161', '2015-06-26 16:16:54', 'Changement de l\'exercice budgétaire (2015, 2015 / , )', '133');
INSERT INTO `logs` (`CODE_LOG`, `LOGIN`, `ID_LOG`, `LOG_DATE`, `LOG_DESCRIP`, `MLLE`) VALUES ('161/70107004', 'root', '161', '2015-06-25 11:20:03', 'Changement de l\'exercice budgétaire (2015, 2015 / 70107004, 70107004)', '0345Y');
INSERT INTO `logs` (`CODE_LOG`, `LOGIN`, `ID_LOG`, `LOG_DATE`, `LOG_DESCRIP`, `MLLE`) VALUES ('162/70107004', 'root', '162', '2015-06-26 14:31:57', 'Changement de l\'exercice budgétaire (2015, 2015 / , 70107004)', '0345Y');
INSERT INTO `logs` (`CODE_LOG`, `LOGIN`, `ID_LOG`, `LOG_DATE`, `LOG_DESCRIP`, `MLLE`) VALUES ('163/70107004', 'root', '163', '2015-06-26 14:35:04', 'Ajout d\'une région (region Zinder)', '0345Y');
INSERT INTO `logs` (`CODE_LOG`, `LOGIN`, `ID_LOG`, `LOG_DATE`, `LOG_DESCRIP`, `MLLE`) VALUES ('164/70107004', 'root', '164', '2015-06-26 14:35:47', 'Ajout d\'une province (DS DE GOURE)', '0345Y');
INSERT INTO `logs` (`CODE_LOG`, `LOGIN`, `ID_LOG`, `LOG_DATE`, `LOG_DESCRIP`, `MLLE`) VALUES ('165/70107004', 'root', '165', '2015-06-26 14:40:15', 'Modification d\'une province (DRSP ZINDER)', '0345Y');
INSERT INTO `logs` (`CODE_LOG`, `LOGIN`, `ID_LOG`, `LOG_DATE`, `LOG_DESCRIP`, `MLLE`) VALUES ('166/70107004', 'root', '166', '2015-06-26 14:41:22', 'Ajout d\'un service (7010100, DS GOURE)', '0345Y');
INSERT INTO `logs` (`CODE_LOG`, `LOGIN`, `ID_LOG`, `LOG_DATE`, `LOG_DESCRIP`, `MLLE`) VALUES ('167/70107004', 'root', '167', '2015-06-26 14:41:42', 'Changement de l\'exercice budgétaire (2015, 2015 / 70107004, 70107004)', '0345Y');
INSERT INTO `logs` (`CODE_LOG`, `LOGIN`, `ID_LOG`, `LOG_DATE`, `LOG_DESCRIP`, `MLLE`) VALUES ('168/70107004', 'root', '168', '2015-06-26 14:52:42', 'Changement de l\'exercice budgétaire (2015, 2015 / , 70107004)', '0345Y');
INSERT INTO `logs` (`CODE_LOG`, `LOGIN`, `ID_LOG`, `LOG_DATE`, `LOG_DESCRIP`, `MLLE`) VALUES ('169/70107004', 'root', '169', '2015-06-26 14:56:49', 'Ajout d\'une province (DS GOURE)', '0345Y');
INSERT INTO `logs` (`CODE_LOG`, `LOGIN`, `ID_LOG`, `LOG_DATE`, `LOG_DESCRIP`, `MLLE`) VALUES ('17/', 'root', '17', '2015-06-23 08:07:10', 'Ajout d\'un service (7010405, CSI Dogo)', '0345Y');
INSERT INTO `logs` (`CODE_LOG`, `LOGIN`, `ID_LOG`, `LOG_DATE`, `LOG_DESCRIP`, `MLLE`) VALUES ('17/7010405', 'root', '17', '2015-06-25 12:28:29', 'Changement de l\'exercice budgétaire (2015, 2015 / 7010410, 7010405)', '0345Y');
INSERT INTO `logs` (`CODE_LOG`, `LOGIN`, `ID_LOG`, `LOG_DATE`, `LOG_DESCRIP`, `MLLE`) VALUES ('17/7010410', 'root', '17', '2015-06-25 11:47:10', 'Modification d\'un mouvement(1/7010410, déclassement n°PERTE N°1)', '0345Y');
INSERT INTO `logs` (`CODE_LOG`, `LOGIN`, `ID_LOG`, `LOG_DATE`, `LOG_DESCRIP`, `MLLE`) VALUES ('17/70107004', 'root', '17', '2015-06-24 10:57:01', 'Ajout des lignes de commandes (3/70107004, COMMANDE MENSUELLE)', '0345Y');
INSERT INTO `logs` (`CODE_LOG`, `LOGIN`, `ID_LOG`, `LOG_DATE`, `LOG_DESCRIP`, `MLLE`) VALUES ('170/70107004', 'root', '170', '2015-06-26 15:14:53', 'Ajout d\'un bénéficiaire (PAT, PATIENT)', '0345Y');
INSERT INTO `logs` (`CODE_LOG`, `LOGIN`, `ID_LOG`, `LOG_DATE`, `LOG_DESCRIP`, `MLLE`) VALUES ('171/70107004', 'root', '171', '2015-06-26 15:30:23', 'Modification d\'un produit (MO10103, AMOXICILLINE 500MG)', '0345Y');
INSERT INTO `logs` (`CODE_LOG`, `LOGIN`, `ID_LOG`, `LOG_DATE`, `LOG_DESCRIP`, `MLLE`) VALUES ('172/70107004', 'root', '172', '2015-06-26 15:32:11', 'Changement de l\'exercice budgétaire (2015, 2015 / 70107004, 70107004)', '0345Y');
INSERT INTO `logs` (`CODE_LOG`, `LOGIN`, `ID_LOG`, `LOG_DATE`, `LOG_DESCRIP`, `MLLE`) VALUES ('173/', 'root', '173', '2015-06-26 17:28:49', 'Déconnexion du système échouée', '0345Y');
INSERT INTO `logs` (`CODE_LOG`, `LOGIN`, `ID_LOG`, `LOG_DATE`, `LOG_DESCRIP`, `MLLE`) VALUES ('174/', 'root', '174', '2015-06-26 17:29:08', 'Connexion au système', '0345Y');
INSERT INTO `logs` (`CODE_LOG`, `LOGIN`, `ID_LOG`, `LOG_DATE`, `LOG_DESCRIP`, `MLLE`) VALUES ('175/', 'root', '175', '2015-06-26 17:30:03', 'Modification des affectations de site (root, 0345Y)', '0345Y');
INSERT INTO `logs` (`CODE_LOG`, `LOGIN`, `ID_LOG`, `LOG_DATE`, `LOG_DESCRIP`, `MLLE`) VALUES ('176/', 'root', '176', '2015-06-26 17:30:17', 'Changement de l\'exercice budgétaire (2015, 2015 / , )', '0345Y');
INSERT INTO `logs` (`CODE_LOG`, `LOGIN`, `ID_LOG`, `LOG_DATE`, `LOG_DESCRIP`, `MLLE`) VALUES ('177/', 'root', '177', '2015-06-26 22:20:22', 'Connexion au système', '0345Y');
INSERT INTO `logs` (`CODE_LOG`, `LOGIN`, `ID_LOG`, `LOG_DATE`, `LOG_DESCRIP`, `MLLE`) VALUES ('178/', 'root', '178', '2015-06-26 22:20:27', 'Changement de l\'exercice budgétaire (2015, 2015 / , )', '0345Y');
INSERT INTO `logs` (`CODE_LOG`, `LOGIN`, `ID_LOG`, `LOG_DATE`, `LOG_DESCRIP`, `MLLE`) VALUES ('179/', 'root', '179', '2015-06-26 22:24:28', 'Connexion au système', '0345Y');
INSERT INTO `logs` (`CODE_LOG`, `LOGIN`, `ID_LOG`, `LOG_DATE`, `LOG_DESCRIP`, `MLLE`) VALUES ('18/', 'root', '18', '2015-06-23 08:07:26', 'Ajout d\'un service (7010410, CSI Gouna)', '0345Y');
INSERT INTO `logs` (`CODE_LOG`, `LOGIN`, `ID_LOG`, `LOG_DATE`, `LOG_DESCRIP`, `MLLE`) VALUES ('18/7010405', 'root', '18', '2015-06-25 14:18:21', 'Ajout d\'une province (DISTRICT DE GOURE)', '0345Y');
INSERT INTO `logs` (`CODE_LOG`, `LOGIN`, `ID_LOG`, `LOG_DATE`, `LOG_DESCRIP`, `MLLE`) VALUES ('18/7010410', 'root', '18', '2015-06-25 12:04:11', 'Changement de l\'exercice budgétaire (2015, 2015 / 7010433, 7010410)', '0345Y');
INSERT INTO `logs` (`CODE_LOG`, `LOGIN`, `ID_LOG`, `LOG_DATE`, `LOG_DESCRIP`, `MLLE`) VALUES ('18/70107004', 'root', '18', '2015-06-24 10:57:55', 'Ajout d\'une commande (4/70107004, COMMANDE MENSUELLE)', '0345Y');
INSERT INTO `logs` (`CODE_LOG`, `LOGIN`, `ID_LOG`, `LOG_DATE`, `LOG_DESCRIP`, `MLLE`) VALUES ('180/', 'root', '180', '2015-06-26 22:24:33', 'Changement de l\'exercice budgétaire (2015, 2015 / , )', '0345Y');
INSERT INTO `logs` (`CODE_LOG`, `LOGIN`, `ID_LOG`, `LOG_DATE`, `LOG_DESCRIP`, `MLLE`) VALUES ('181/', 'root', '181', '2015-06-26 22:26:10', 'Connexion au système', '0345Y');
INSERT INTO `logs` (`CODE_LOG`, `LOGIN`, `ID_LOG`, `LOG_DATE`, `LOG_DESCRIP`, `MLLE`) VALUES ('182/', 'root', '182', '2015-06-26 22:26:15', 'Changement de l\'exercice budgétaire (2015, 2015 / , )', '0345Y');
INSERT INTO `logs` (`CODE_LOG`, `LOGIN`, `ID_LOG`, `LOG_DATE`, `LOG_DESCRIP`, `MLLE`) VALUES ('183/', 'root', '183', '2015-06-27 08:08:56', 'Connexion au système', '0345Y');
INSERT INTO `logs` (`CODE_LOG`, `LOGIN`, `ID_LOG`, `LOG_DATE`, `LOG_DESCRIP`, `MLLE`) VALUES ('184/', 'root', '184', '2015-06-27 08:09:13', 'Changement de l\'exercice budgétaire (2015, 2015 / , )', '0345Y');
INSERT INTO `logs` (`CODE_LOG`, `LOGIN`, `ID_LOG`, `LOG_DATE`, `LOG_DESCRIP`, `MLLE`) VALUES ('19/', 'root', '19', '2015-06-23 08:07:45', 'Ajout d\'un service (7010412, CSI Guidimouni)', '0345Y');
INSERT INTO `logs` (`CODE_LOG`, `LOGIN`, `ID_LOG`, `LOG_DATE`, `LOG_DESCRIP`, `MLLE`) VALUES ('19/7010405', 'root', '19', '2015-06-25 14:19:30', 'Ajout d\'un service (7010101, CSI ABARI)', '0345Y');
INSERT INTO `logs` (`CODE_LOG`, `LOGIN`, `ID_LOG`, `LOG_DATE`, `LOG_DESCRIP`, `MLLE`) VALUES ('19/7010410', 'root', '19', '2015-06-26 15:32:16', 'Changement de l\'exercice budgétaire (2015, 2015 / 70107004, 7010410)', '0345Y');
INSERT INTO `logs` (`CODE_LOG`, `LOGIN`, `ID_LOG`, `LOG_DATE`, `LOG_DESCRIP`, `MLLE`) VALUES ('19/70107004', 'root', '19', '2015-06-24 11:04:53', 'Ajout d\'une commande (2/70107004, COMMANDE MENSUELLE)', '0345Y');
INSERT INTO `logs` (`CODE_LOG`, `LOGIN`, `ID_LOG`, `LOG_DATE`, `LOG_DESCRIP`, `MLLE`) VALUES ('2/', 'root', '2', '2015-06-22 22:53:33', 'Ajout d\'une nature (, )', '0345Y');
INSERT INTO `logs` (`CODE_LOG`, `LOGIN`, `ID_LOG`, `LOG_DATE`, `LOG_DESCRIP`, `MLLE`) VALUES ('2/7010104', 'root', '2', '2015-06-26 14:25:31', 'Changement de l\'exercice budgétaire (2015, 2015 / 7010104, 7010104)', '0345Y');
INSERT INTO `logs` (`CODE_LOG`, `LOGIN`, `ID_LOG`, `LOG_DATE`, `LOG_DESCRIP`, `MLLE`) VALUES ('2/7010405', 'root', '2', '2015-06-24 14:23:19', 'Changement de l\'exercice budgétaire (2015, 2015 / 7010405, 7010405)', '0345Y');
INSERT INTO `logs` (`CODE_LOG`, `LOGIN`, `ID_LOG`, `LOG_DATE`, `LOG_DESCRIP`, `MLLE`) VALUES ('2/7010410', 'root', '2', '2015-06-25 11:28:36', 'Ajout d\'un bon de sortie (1/7010410, Bénéficiaire :COSOMMATEUR Q/RAPPORT MENSUEL DE GOUNA)', '0345Y');
INSERT INTO `logs` (`CODE_LOG`, `LOGIN`, `ID_LOG`, `LOG_DATE`, `LOG_DESCRIP`, `MLLE`) VALUES ('2/7010425', 'root', '2', '2015-06-26 17:32:09', 'Changement de l\'exercice budgétaire (2015, 2015 / 7010425, 7010425)', '0345Y');
INSERT INTO `logs` (`CODE_LOG`, `LOGIN`, `ID_LOG`, `LOG_DATE`, `LOG_DESCRIP`, `MLLE`) VALUES ('2/7010432', 'root', '2', '2015-06-25 11:50:56', 'Ajout d\'un bon de sortie (1/7010432, Bénéficiaire :COSOMMATEUR Q/RAPPORT MENSUEL DE TAKIETA)', '0345Y');
INSERT INTO `logs` (`CODE_LOG`, `LOGIN`, `ID_LOG`, `LOG_DATE`, `LOG_DESCRIP`, `MLLE`) VALUES ('2/7010433', 'root', '2', '2015-06-25 11:58:14', 'Changement de l\'exercice budgétaire (2015, 2015 / 7010405, 7010433)', '0345Y');
INSERT INTO `logs` (`CODE_LOG`, `LOGIN`, `ID_LOG`, `LOG_DATE`, `LOG_DESCRIP`, `MLLE`) VALUES ('2/70107004', 'root', '2', '2015-06-24 09:05:56', 'Ajout ou modification des paramètres généraux', '0345Y');
INSERT INTO `logs` (`CODE_LOG`, `LOGIN`, `ID_LOG`, `LOG_DATE`, `LOG_DESCRIP`, `MLLE`) VALUES ('20/', 'root', '20', '2015-06-23 08:08:11', 'Ajout d\'un service (7010425, CSI Urbain Mirriah)', '0345Y');
INSERT INTO `logs` (`CODE_LOG`, `LOGIN`, `ID_LOG`, `LOG_DATE`, `LOG_DESCRIP`, `MLLE`) VALUES ('20/7010405', 'root', '20', '2015-06-25 14:20:22', 'Ajout d\'un service (7010102, CSI ARNADI)', '0345Y');
INSERT INTO `logs` (`CODE_LOG`, `LOGIN`, `ID_LOG`, `LOG_DATE`, `LOG_DESCRIP`, `MLLE`) VALUES ('20/7010410', 'root', '20', '2015-06-26 16:17:03', 'Changement de l\'exercice budgétaire (2015, 2015 / , 7010410)', '133');
INSERT INTO `logs` (`CODE_LOG`, `LOGIN`, `ID_LOG`, `LOG_DATE`, `LOG_DESCRIP`, `MLLE`) VALUES ('20/70107004', 'root', '20', '2015-06-24 11:04:53', 'Ajout des lignes de commandes (2/70107004, COMMANDE MENSUELLE)', '0345Y');
INSERT INTO `logs` (`CODE_LOG`, `LOGIN`, `ID_LOG`, `LOG_DATE`, `LOG_DESCRIP`, `MLLE`) VALUES ('21/', 'root', '21', '2015-06-23 08:08:31', 'Ajout d\'un service (7010410, CSI Gouna)', '0345Y');
INSERT INTO `logs` (`CODE_LOG`, `LOGIN`, `ID_LOG`, `LOG_DATE`, `LOG_DESCRIP`, `MLLE`) VALUES ('21/7010405', 'root', '21', '2015-06-25 14:21:01', 'Ajout d\'un service (7010103, CSI BOULTOUM)', '0345Y');
INSERT INTO `logs` (`CODE_LOG`, `LOGIN`, `ID_LOG`, `LOG_DATE`, `LOG_DESCRIP`, `MLLE`) VALUES ('21/70107004', 'root', '21', '2015-06-24 11:05:05', 'Validation d\'une commande (2/70107004, COMMANDE MENSUELLE / COMMANDE N°1)', '0345Y');
INSERT INTO `logs` (`CODE_LOG`, `LOGIN`, `ID_LOG`, `LOG_DATE`, `LOG_DESCRIP`, `MLLE`) VALUES ('22/', 'root', '22', '2015-06-23 08:08:52', 'Ajout d\'un service (7010432, CSI Takieta)', '0345Y');
INSERT INTO `logs` (`CODE_LOG`, `LOGIN`, `ID_LOG`, `LOG_DATE`, `LOG_DESCRIP`, `MLLE`) VALUES ('22/7010405', 'root', '22', '2015-06-25 14:21:39', 'Ajout d\'un service (7010104, CSI BOUNE)', '0345Y');
INSERT INTO `logs` (`CODE_LOG`, `LOGIN`, `ID_LOG`, `LOG_DATE`, `LOG_DESCRIP`, `MLLE`) VALUES ('22/70107004', 'root', '22', '2015-06-24 11:14:59', 'Ajout d\'une livraison (2/70107004, commande n° 2/70107004)', '0345Y');
INSERT INTO `logs` (`CODE_LOG`, `LOGIN`, `ID_LOG`, `LOG_DATE`, `LOG_DESCRIP`, `MLLE`) VALUES ('23/', 'root', '23', '2015-06-23 08:09:12', 'Ajout d\'un service (7010433, CSI Tirmini)', '0345Y');
INSERT INTO `logs` (`CODE_LOG`, `LOGIN`, `ID_LOG`, `LOG_DATE`, `LOG_DESCRIP`, `MLLE`) VALUES ('23/7010405', 'root', '23', '2015-06-25 14:22:18', 'Ajout d\'un service (7010105, CSI BOUZOURI)', '0345Y');
INSERT INTO `logs` (`CODE_LOG`, `LOGIN`, `ID_LOG`, `LOG_DATE`, `LOG_DESCRIP`, `MLLE`) VALUES ('23/70107004', 'root', '23', '2015-06-24 11:15:00', 'Ajout des lignes de livraison(2/70107004, commande n°2/70107004)', '0345Y');
INSERT INTO `logs` (`CODE_LOG`, `LOGIN`, `ID_LOG`, `LOG_DATE`, `LOG_DESCRIP`, `MLLE`) VALUES ('24/', 'root', '24', '2015-06-23 08:15:07', 'Changement de l\'exercice budgétaire (2015, 2015 / , )', '0345Y');
INSERT INTO `logs` (`CODE_LOG`, `LOGIN`, `ID_LOG`, `LOG_DATE`, `LOG_DESCRIP`, `MLLE`) VALUES ('24/7010405', 'root', '24', '2015-06-25 14:23:02', 'Ajout d\'un service (7010106, CSIDAOUTCHA)', '0345Y');
INSERT INTO `logs` (`CODE_LOG`, `LOGIN`, `ID_LOG`, `LOG_DATE`, `LOG_DESCRIP`, `MLLE`) VALUES ('24/70107004', 'root', '24', '2015-06-24 11:15:00', 'Ajout d\'un mouvement(2/70107004, commande n°2/70107004)', '0345Y');
INSERT INTO `logs` (`CODE_LOG`, `LOGIN`, `ID_LOG`, `LOG_DATE`, `LOG_DESCRIP`, `MLLE`) VALUES ('25/', 'root', '25', '2015-06-23 08:23:15', 'Ajout d\'un type de bénéficiaire (ONG, ONG)', '0345Y');
INSERT INTO `logs` (`CODE_LOG`, `LOGIN`, `ID_LOG`, `LOG_DATE`, `LOG_DESCRIP`, `MLLE`) VALUES ('25/7010405', 'root', '25', '2015-06-25 14:23:38', 'Ajout d\'un service (7010107, CSIDOURWANGA)', '0345Y');
INSERT INTO `logs` (`CODE_LOG`, `LOGIN`, `ID_LOG`, `LOG_DATE`, `LOG_DESCRIP`, `MLLE`) VALUES ('25/70107004', 'root', '25', '2015-06-24 11:23:53', 'Ajout d\'une livraison (3/70107004, commande n° 2/70107004)', '0345Y');
INSERT INTO `logs` (`CODE_LOG`, `LOGIN`, `ID_LOG`, `LOG_DATE`, `LOG_DESCRIP`, `MLLE`) VALUES ('26/', 'root', '26', '2015-06-23 08:24:20', 'Ajout d\'un type de bénéficiaire (PUBLIQUE, PUBLIQUE)', '0345Y');
INSERT INTO `logs` (`CODE_LOG`, `LOGIN`, `ID_LOG`, `LOG_DATE`, `LOG_DESCRIP`, `MLLE`) VALUES ('26/7010405', 'root', '26', '2015-06-25 14:24:10', 'Ajout d\'un service (7010108, CSI GABANA)', '0345Y');
INSERT INTO `logs` (`CODE_LOG`, `LOGIN`, `ID_LOG`, `LOG_DATE`, `LOG_DESCRIP`, `MLLE`) VALUES ('26/70107004', 'root', '26', '2015-06-24 11:23:53', 'Ajout des lignes de livraison(3/70107004, commande n°2/70107004)', '0345Y');
INSERT INTO `logs` (`CODE_LOG`, `LOGIN`, `ID_LOG`, `LOG_DATE`, `LOG_DESCRIP`, `MLLE`) VALUES ('27/', 'root', '27', '2015-06-23 08:28:46', 'Ajout d\'un fournisseur (, ONPPC)', '0345Y');
INSERT INTO `logs` (`CODE_LOG`, `LOGIN`, `ID_LOG`, `LOG_DATE`, `LOG_DESCRIP`, `MLLE`) VALUES ('27/7010405', 'root', '27', '2015-06-25 14:24:39', 'Ajout d\'un service (7010109, CSI GADORI)', '0345Y');
INSERT INTO `logs` (`CODE_LOG`, `LOGIN`, `ID_LOG`, `LOG_DATE`, `LOG_DESCRIP`, `MLLE`) VALUES ('27/70107004', 'root', '27', '2015-06-24 11:23:53', 'Ajout d\'un mouvement(3/70107004, commande n°2/70107004)', '0345Y');
INSERT INTO `logs` (`CODE_LOG`, `LOGIN`, `ID_LOG`, `LOG_DATE`, `LOG_DESCRIP`, `MLLE`) VALUES ('28/', 'root', '28', '2015-06-23 08:33:03', 'Ajout d\'un type de bénéficiaire (Adulte, Adulte)', '0345Y');
INSERT INTO `logs` (`CODE_LOG`, `LOGIN`, `ID_LOG`, `LOG_DATE`, `LOG_DESCRIP`, `MLLE`) VALUES ('28/7010405', 'root', '28', '2015-06-25 14:25:21', 'Ajout d\'un service (7010110, CSIGAMDOU)', '0345Y');
INSERT INTO `logs` (`CODE_LOG`, `LOGIN`, `ID_LOG`, `LOG_DATE`, `LOG_DESCRIP`, `MLLE`) VALUES ('28/70107004', 'root', '28', '2015-06-24 11:34:57', 'Validation d\'une livraison (1/70107004, Livraison n°66U)', '0345Y');
INSERT INTO `logs` (`CODE_LOG`, `LOGIN`, `ID_LOG`, `LOG_DATE`, `LOG_DESCRIP`, `MLLE`) VALUES ('29/', 'root', '29', '2015-06-23 08:33:23', 'Ajout d\'un type de bénéficiaire (Adolescent, Adolescent)', '0345Y');
INSERT INTO `logs` (`CODE_LOG`, `LOGIN`, `ID_LOG`, `LOG_DATE`, `LOG_DESCRIP`, `MLLE`) VALUES ('29/7010405', 'root', '29', '2015-06-25 14:31:34', 'Modification d\'un profil (Gestionnaire de stocks)', '0345Y');
INSERT INTO `logs` (`CODE_LOG`, `LOGIN`, `ID_LOG`, `LOG_DATE`, `LOG_DESCRIP`, `MLLE`) VALUES ('29/70107004', 'root', '29', '2015-06-24 11:34:57', 'Validation d\'un mouvement(1/70107004, commande n°1/70107004)', '0345Y');
INSERT INTO `logs` (`CODE_LOG`, `LOGIN`, `ID_LOG`, `LOG_DATE`, `LOG_DESCRIP`, `MLLE`) VALUES ('3/', 'root', '3', '2015-06-22 22:54:48', 'Modification d\'un type de dotation (,  - )', '0345Y');
INSERT INTO `logs` (`CODE_LOG`, `LOGIN`, `ID_LOG`, `LOG_DATE`, `LOG_DESCRIP`, `MLLE`) VALUES ('3/7010104', 'root', '3', '2015-06-26 14:28:43', 'Modification d\'une province (DS DE GOURE)', '0345Y');
INSERT INTO `logs` (`CODE_LOG`, `LOGIN`, `ID_LOG`, `LOG_DATE`, `LOG_DESCRIP`, `MLLE`) VALUES ('3/7010405', 'root', '3', '2015-06-24 14:57:01', 'Changement de l\'exercice budgétaire (2015, 2015 / 70107004, 7010405)', '0345Y');
INSERT INTO `logs` (`CODE_LOG`, `LOGIN`, `ID_LOG`, `LOG_DATE`, `LOG_DESCRIP`, `MLLE`) VALUES ('3/7010410', 'root', '3', '2015-06-25 11:28:36', 'Ajout des lignes du bon de sortie(1/7010410, Bénéficiaire :COSOMMATEUR Q / RAPPORT MENSUEL DE GOUNA)', '0345Y');
INSERT INTO `logs` (`CODE_LOG`, `LOGIN`, `ID_LOG`, `LOG_DATE`, `LOG_DESCRIP`, `MLLE`) VALUES ('3/7010432', 'root', '3', '2015-06-25 11:50:56', 'Ajout des lignes du bon de sortie(1/7010432, Bénéficiaire :COSOMMATEUR Q / RAPPORT MENSUEL DE TAKIETA)', '0345Y');
INSERT INTO `logs` (`CODE_LOG`, `LOGIN`, `ID_LOG`, `LOG_DATE`, `LOG_DESCRIP`, `MLLE`) VALUES ('3/70107004', 'root', '3', '2015-06-24 09:10:02', 'Ajout ou modification des paramètres généraux', '0345Y');
INSERT INTO `logs` (`CODE_LOG`, `LOGIN`, `ID_LOG`, `LOG_DATE`, `LOG_DESCRIP`, `MLLE`) VALUES ('30/', 'root', '30', '2015-06-23 08:36:05', 'Ajout d\'un bénéficiaire (0101, CONSOMMATEUR Y)', '0345Y');
INSERT INTO `logs` (`CODE_LOG`, `LOGIN`, `ID_LOG`, `LOG_DATE`, `LOG_DESCRIP`, `MLLE`) VALUES ('30/7010405', 'root', '30', '2015-06-25 14:45:19', 'Ajout d\'un service (7010111, DISTRICT DE GOURE)', '0345Y');
INSERT INTO `logs` (`CODE_LOG`, `LOGIN`, `ID_LOG`, `LOG_DATE`, `LOG_DESCRIP`, `MLLE`) VALUES ('30/70107004', 'root', '30', '2015-06-24 11:35:28', 'Validation d\'une livraison (3/70107004, Livraison n°RECEPTION COMPLEMENTAIRE DE LA COMMANDE N°1)', '0345Y');
INSERT INTO `logs` (`CODE_LOG`, `LOGIN`, `ID_LOG`, `LOG_DATE`, `LOG_DESCRIP`, `MLLE`) VALUES ('31/', 'root', '31', '2015-06-23 08:38:06', 'Ajout d\'une nature declassement (01, PRODUIT PERIME)', '0345Y');
INSERT INTO `logs` (`CODE_LOG`, `LOGIN`, `ID_LOG`, `LOG_DATE`, `LOG_DESCRIP`, `MLLE`) VALUES ('31/7010405', 'root', '31', '2015-06-25 14:46:09', 'Ajout d\'une personne (144, BRAH )', '0345Y');
INSERT INTO `logs` (`CODE_LOG`, `LOGIN`, `ID_LOG`, `LOG_DATE`, `LOG_DESCRIP`, `MLLE`) VALUES ('31/70107004', 'root', '31', '2015-06-24 11:35:28', 'Validation d\'un mouvement(3/70107004, commande n°2/70107004)', '0345Y');
INSERT INTO `logs` (`CODE_LOG`, `LOGIN`, `ID_LOG`, `LOG_DATE`, `LOG_DESCRIP`, `MLLE`) VALUES ('32/', 'root', '32', '2015-06-23 08:41:49', 'Ajout d\'un type de bénéficiaire (PARTENAIRES, PARTENAIRES)', '0345Y');
INSERT INTO `logs` (`CODE_LOG`, `LOGIN`, `ID_LOG`, `LOG_DATE`, `LOG_DESCRIP`, `MLLE`) VALUES ('32/7010405', 'root', '32', '2015-06-25 14:48:57', 'Ajout d\'une catégorie (M01, MEG)', '0345Y');
INSERT INTO `logs` (`CODE_LOG`, `LOGIN`, `ID_LOG`, `LOG_DATE`, `LOG_DESCRIP`, `MLLE`) VALUES ('32/70107004', 'root', '32', '2015-06-24 11:35:39', 'Validation d\'une livraison (2/70107004, Livraison n°RECEPTION DE LA COMMANDE N°1)', '0345Y');
INSERT INTO `logs` (`CODE_LOG`, `LOGIN`, `ID_LOG`, `LOG_DATE`, `LOG_DESCRIP`, `MLLE`) VALUES ('33/', 'root', '33', '2015-06-23 08:42:16', 'Ajout d\'un type de bénéficiaire (STRUCTURE PUBLIQUE, STRUCTURE PUBLIQUE)', '0345Y');
INSERT INTO `logs` (`CODE_LOG`, `LOGIN`, `ID_LOG`, `LOG_DATE`, `LOG_DESCRIP`, `MLLE`) VALUES ('33/7010405', 'root', '33', '2015-06-25 14:49:52', 'Ajout d\'une sous-catégorie (MO101, ENREGISTRE)', '0345Y');
INSERT INTO `logs` (`CODE_LOG`, `LOGIN`, `ID_LOG`, `LOG_DATE`, `LOG_DESCRIP`, `MLLE`) VALUES ('33/70107004', 'root', '33', '2015-06-24 11:35:39', 'Validation d\'un mouvement(2/70107004, commande n°2/70107004)', '0345Y');
INSERT INTO `logs` (`CODE_LOG`, `LOGIN`, `ID_LOG`, `LOG_DATE`, `LOG_DESCRIP`, `MLLE`) VALUES ('34/', 'root', '34', '2015-06-23 08:43:21', 'Ajout d\'un fournisseur (, ONPPC DEPOT ZINDER)', '0345Y');
INSERT INTO `logs` (`CODE_LOG`, `LOGIN`, `ID_LOG`, `LOG_DATE`, `LOG_DESCRIP`, `MLLE`) VALUES ('34/7010405', 'root', '34', '2015-06-25 14:50:41', 'Ajout d\'une sous-catégorie (MO102, NON ENREGISTRE)', '0345Y');
INSERT INTO `logs` (`CODE_LOG`, `LOGIN`, `ID_LOG`, `LOG_DATE`, `LOG_DESCRIP`, `MLLE`) VALUES ('34/70107004', 'root', '34', '2015-06-24 11:36:08', 'Annulation d\'une livraison (1/70107004, 1/70107004)', '0345Y');
INSERT INTO `logs` (`CODE_LOG`, `LOGIN`, `ID_LOG`, `LOG_DATE`, `LOG_DESCRIP`, `MLLE`) VALUES ('35/', 'root', '35', '2015-06-23 08:43:59', 'Ajout d\'un fournisseur (, DRSP ZINDER)', '0345Y');
INSERT INTO `logs` (`CODE_LOG`, `LOGIN`, `ID_LOG`, `LOG_DATE`, `LOG_DESCRIP`, `MLLE`) VALUES ('35/7010405', 'root', '35', '2015-06-25 14:58:21', 'Ajout d\'un produit (MO10101, ALBENDAZOLE 400MG)', '0345Y');
INSERT INTO `logs` (`CODE_LOG`, `LOGIN`, `ID_LOG`, `LOG_DATE`, `LOG_DESCRIP`, `MLLE`) VALUES ('35/70107004', 'root', '35', '2015-06-24 12:22:43', 'Ajout d\'une commande (3/70107004, COMMANDE TRIMESTRIELLE)', '0345Y');
INSERT INTO `logs` (`CODE_LOG`, `LOGIN`, `ID_LOG`, `LOG_DATE`, `LOG_DESCRIP`, `MLLE`) VALUES ('36/', 'root', '36', '2015-06-23 08:44:38', 'Ajout d\'un fournisseur (, ANBF)', '0345Y');
INSERT INTO `logs` (`CODE_LOG`, `LOGIN`, `ID_LOG`, `LOG_DATE`, `LOG_DESCRIP`, `MLLE`) VALUES ('36/7010405', 'root', '36', '2015-06-25 14:58:21', 'Ajout d\'un produit (MO10101, ALBENDAZOLE 400MG)', '0345Y');
INSERT INTO `logs` (`CODE_LOG`, `LOGIN`, `ID_LOG`, `LOG_DATE`, `LOG_DESCRIP`, `MLLE`) VALUES ('36/70107004', 'root', '36', '2015-06-24 12:22:43', 'Ajout des lignes de commandes (3/70107004, COMMANDE TRIMESTRIELLE)', '0345Y');
INSERT INTO `logs` (`CODE_LOG`, `LOGIN`, `ID_LOG`, `LOG_DATE`, `LOG_DESCRIP`, `MLLE`) VALUES ('37/', 'root', '37', '2015-06-23 08:45:19', 'Ajout d\'un fournisseur (, ANIMAS SUTURA)', '0345Y');
INSERT INTO `logs` (`CODE_LOG`, `LOGIN`, `ID_LOG`, `LOG_DATE`, `LOG_DESCRIP`, `MLLE`) VALUES ('37/7010405', 'root', '37', '2015-06-25 15:04:28', 'Ajout d\'un compte utilisateur (BRAH, 144)', '0345Y');
INSERT INTO `logs` (`CODE_LOG`, `LOGIN`, `ID_LOG`, `LOG_DATE`, `LOG_DESCRIP`, `MLLE`) VALUES ('37/70107004', 'root', '37', '2015-06-24 12:22:55', 'Validation d\'une commande (3/70107004, COMMANDE TRIMESTRIELLE / COMMANDE N°2)', '0345Y');
INSERT INTO `logs` (`CODE_LOG`, `LOGIN`, `ID_LOG`, `LOG_DATE`, `LOG_DESCRIP`, `MLLE`) VALUES ('38/', 'root', '38', '2015-06-23 08:45:50', 'Ajout d\'un fournisseur (, AUTRES ONG)', '0345Y');
INSERT INTO `logs` (`CODE_LOG`, `LOGIN`, `ID_LOG`, `LOG_DATE`, `LOG_DESCRIP`, `MLLE`) VALUES ('38/7010405', 'root', '38', '2015-06-25 15:05:16', 'Modification d\'un compte utilisateur (BRAH, 144)', '0345Y');
INSERT INTO `logs` (`CODE_LOG`, `LOGIN`, `ID_LOG`, `LOG_DATE`, `LOG_DESCRIP`, `MLLE`) VALUES ('38/70107004', 'root', '38', '2015-06-24 12:28:34', 'Ajout d\'une livraison (4/70107004, commande n° 3/70107004)', '0345Y');
INSERT INTO `logs` (`CODE_LOG`, `LOGIN`, `ID_LOG`, `LOG_DATE`, `LOG_DESCRIP`, `MLLE`) VALUES ('39/', 'root', '39', '2015-06-23 08:45:50', 'Ajout d\'un fournisseur (, AUTRES ONG)', '0345Y');
INSERT INTO `logs` (`CODE_LOG`, `LOGIN`, `ID_LOG`, `LOG_DATE`, `LOG_DESCRIP`, `MLLE`) VALUES ('39/7010405', 'root', '39', '2015-06-25 15:12:08', 'Ajout d\'un produit (MO10102, AMOXICILLINE 250 MG)', '0345Y');
INSERT INTO `logs` (`CODE_LOG`, `LOGIN`, `ID_LOG`, `LOG_DATE`, `LOG_DESCRIP`, `MLLE`) VALUES ('39/70107004', 'root', '39', '2015-06-24 12:28:34', 'Ajout des lignes de livraison(4/70107004, commande n°3/70107004)', '0345Y');
INSERT INTO `logs` (`CODE_LOG`, `LOGIN`, `ID_LOG`, `LOG_DATE`, `LOG_DESCRIP`, `MLLE`) VALUES ('4/', 'root', '4', '2015-06-22 22:55:26', 'Ajout d\'une région (region Zinder)', '0345Y');
INSERT INTO `logs` (`CODE_LOG`, `LOGIN`, `ID_LOG`, `LOG_DATE`, `LOG_DESCRIP`, `MLLE`) VALUES ('4/7010104', 'root', '4', '2015-06-26 14:30:21', 'Ajout d\'un service (70107005, DISTRICT DE GOURE)', '0345Y');
INSERT INTO `logs` (`CODE_LOG`, `LOGIN`, `ID_LOG`, `LOG_DATE`, `LOG_DESCRIP`, `MLLE`) VALUES ('4/7010405', 'root', '4', '2015-06-24 14:58:21', 'Changement de l\'exercice budgétaire (2015, 2015 / 7010405, 7010405)', '0345Y');
INSERT INTO `logs` (`CODE_LOG`, `LOGIN`, `ID_LOG`, `LOG_DATE`, `LOG_DESCRIP`, `MLLE`) VALUES ('4/7010410', 'root', '4', '2015-06-25 11:28:36', 'Ajout d\'un mouvement(1/7010410, Bénéficiaire COSOMMATEUR Q / RAPPORT MENSUEL DE GOUNA)', '0345Y');
INSERT INTO `logs` (`CODE_LOG`, `LOGIN`, `ID_LOG`, `LOG_DATE`, `LOG_DESCRIP`, `MLLE`) VALUES ('4/7010432', 'root', '4', '2015-06-25 11:50:56', 'Ajout d\'un mouvement(1/7010432, Bénéficiaire COSOMMATEUR Q / RAPPORT MENSUEL DE TAKIETA)', '0345Y');
INSERT INTO `logs` (`CODE_LOG`, `LOGIN`, `ID_LOG`, `LOG_DATE`, `LOG_DESCRIP`, `MLLE`) VALUES ('4/70107004', 'root', '4', '2015-06-24 09:22:12', 'Ajout ou modification des paramètres généraux', '0345Y');
INSERT INTO `logs` (`CODE_LOG`, `LOGIN`, `ID_LOG`, `LOG_DATE`, `LOG_DESCRIP`, `MLLE`) VALUES ('40/', 'root', '40', '2015-06-23 08:46:18', 'Ajout d\'un fournisseur (, CARE)', '0345Y');
INSERT INTO `logs` (`CODE_LOG`, `LOGIN`, `ID_LOG`, `LOG_DATE`, `LOG_DESCRIP`, `MLLE`) VALUES ('40/70107004', 'root', '40', '2015-06-24 12:28:34', 'Ajout d\'un mouvement(4/70107004, commande n°3/70107004)', '0345Y');
INSERT INTO `logs` (`CODE_LOG`, `LOGIN`, `ID_LOG`, `LOG_DATE`, `LOG_DESCRIP`, `MLLE`) VALUES ('41/', 'root', '41', '2015-06-23 08:46:46', 'Ajout d\'un fournisseur (, HKI)', '0345Y');
INSERT INTO `logs` (`CODE_LOG`, `LOGIN`, `ID_LOG`, `LOG_DATE`, `LOG_DESCRIP`, `MLLE`) VALUES ('41/70107004', 'root', '41', '2015-06-24 12:29:10', 'Validation d\'une livraison (4/70107004, Livraison n°RECEPTION DE LA COMMANDE N°2)', '0345Y');
INSERT INTO `logs` (`CODE_LOG`, `LOGIN`, `ID_LOG`, `LOG_DATE`, `LOG_DESCRIP`, `MLLE`) VALUES ('42/', 'root', '42', '2015-06-23 08:47:11', 'Ajout d\'un fournisseur (, OMS)', '0345Y');
INSERT INTO `logs` (`CODE_LOG`, `LOGIN`, `ID_LOG`, `LOG_DATE`, `LOG_DESCRIP`, `MLLE`) VALUES ('42/70107004', 'root', '42', '2015-06-24 12:29:10', 'Validation d\'un mouvement(4/70107004, commande n°3/70107004)', '0345Y');
INSERT INTO `logs` (`CODE_LOG`, `LOGIN`, `ID_LOG`, `LOG_DATE`, `LOG_DESCRIP`, `MLLE`) VALUES ('43/', 'root', '43', '2015-06-23 08:47:36', 'Ajout d\'un fournisseur (, OOAS)', '0345Y');
INSERT INTO `logs` (`CODE_LOG`, `LOGIN`, `ID_LOG`, `LOG_DATE`, `LOG_DESCRIP`, `MLLE`) VALUES ('43/70107004', 'root', '43', '2015-06-24 12:35:08', 'Ajout d\'une livraison (5/70107004, commande n° 3/70107004)', '0345Y');
INSERT INTO `logs` (`CODE_LOG`, `LOGIN`, `ID_LOG`, `LOG_DATE`, `LOG_DESCRIP`, `MLLE`) VALUES ('44/', 'root', '44', '2015-06-23 08:48:25', 'Ajout d\'un fournisseur (, SAVE THE TCHILDREN)', '0345Y');
INSERT INTO `logs` (`CODE_LOG`, `LOGIN`, `ID_LOG`, `LOG_DATE`, `LOG_DESCRIP`, `MLLE`) VALUES ('44/70107004', 'root', '44', '2015-06-24 12:35:08', 'Ajout des lignes de livraison(5/70107004, commande n°3/70107004)', '0345Y');
INSERT INTO `logs` (`CODE_LOG`, `LOGIN`, `ID_LOG`, `LOG_DATE`, `LOG_DESCRIP`, `MLLE`) VALUES ('45/', 'root', '45', '2015-06-23 08:48:54', 'Ajout d\'un fournisseur (, UNFPA)', '0345Y');
INSERT INTO `logs` (`CODE_LOG`, `LOGIN`, `ID_LOG`, `LOG_DATE`, `LOG_DESCRIP`, `MLLE`) VALUES ('45/70107004', 'root', '45', '2015-06-24 12:35:08', 'Ajout d\'un mouvement(5/70107004, commande n°3/70107004)', '0345Y');
INSERT INTO `logs` (`CODE_LOG`, `LOGIN`, `ID_LOG`, `LOG_DATE`, `LOG_DESCRIP`, `MLLE`) VALUES ('46/', 'root', '46', '2015-06-23 08:49:24', 'Ajout d\'un fournisseur (, UNICEF)', '0345Y');
INSERT INTO `logs` (`CODE_LOG`, `LOGIN`, `ID_LOG`, `LOG_DATE`, `LOG_DESCRIP`, `MLLE`) VALUES ('46/70107004', 'root', '46', '2015-06-24 12:35:31', 'Validation d\'une livraison (5/70107004, Livraison n°LIVRAISON COMPLMENTAIRE)', '0345Y');
INSERT INTO `logs` (`CODE_LOG`, `LOGIN`, `ID_LOG`, `LOG_DATE`, `LOG_DESCRIP`, `MLLE`) VALUES ('47/', 'root', '47', '2015-06-23 08:50:02', 'Ajout d\'un fournisseur (, WORLD VISION)', '0345Y');
INSERT INTO `logs` (`CODE_LOG`, `LOGIN`, `ID_LOG`, `LOG_DATE`, `LOG_DESCRIP`, `MLLE`) VALUES ('47/70107004', 'root', '47', '2015-06-24 12:35:31', 'Validation d\'un mouvement(5/70107004, commande n°3/70107004)', '0345Y');
INSERT INTO `logs` (`CODE_LOG`, `LOGIN`, `ID_LOG`, `LOG_DATE`, `LOG_DESCRIP`, `MLLE`) VALUES ('48/', 'root', '48', '2015-06-23 08:50:55', 'Ajout d\'un fournisseur (, CRS)', '0345Y');
INSERT INTO `logs` (`CODE_LOG`, `LOGIN`, `ID_LOG`, `LOG_DATE`, `LOG_DESCRIP`, `MLLE`) VALUES ('48/70107004', 'root', '48', '2015-06-24 13:01:13', 'Ajout d\'une commande (4/70107004, COMMANDE MENSUELLE)', '0345Y');
INSERT INTO `logs` (`CODE_LOG`, `LOGIN`, `ID_LOG`, `LOG_DATE`, `LOG_DESCRIP`, `MLLE`) VALUES ('49/', 'root', '49', '2015-06-23 08:51:35', 'Ajout d\'un type de bénéficiaire (FEMME, FEMME)', '0345Y');
INSERT INTO `logs` (`CODE_LOG`, `LOGIN`, `ID_LOG`, `LOG_DATE`, `LOG_DESCRIP`, `MLLE`) VALUES ('49/70107004', 'root', '49', '2015-06-24 13:01:13', 'Ajout des lignes de commandes (4/70107004, COMMANDE MENSUELLE)', '0345Y');
INSERT INTO `logs` (`CODE_LOG`, `LOGIN`, `ID_LOG`, `LOG_DATE`, `LOG_DESCRIP`, `MLLE`) VALUES ('5/', 'root', '5', '2015-06-22 22:56:08', 'Ajout d\'une province (DS Mirriah)', '0345Y');
INSERT INTO `logs` (`CODE_LOG`, `LOGIN`, `ID_LOG`, `LOG_DATE`, `LOG_DESCRIP`, `MLLE`) VALUES ('5/7010405', 'root', '5', '2015-06-25 11:34:36', 'Changement de l\'exercice budgétaire (2015, 2015 / 7010410, 7010405)', '0345Y');
INSERT INTO `logs` (`CODE_LOG`, `LOGIN`, `ID_LOG`, `LOG_DATE`, `LOG_DESCRIP`, `MLLE`) VALUES ('5/7010410', 'root', '5', '2015-06-25 11:34:04', 'Ajout d\'un déclassement (1/7010410, PERTE N°1)', '0345Y');
INSERT INTO `logs` (`CODE_LOG`, `LOGIN`, `ID_LOG`, `LOG_DATE`, `LOG_DESCRIP`, `MLLE`) VALUES ('5/7010432', 'root', '5', '2015-06-25 11:51:04', 'Modification d\'un bon de sortie (1/7010432, bénéficiaire :COSOMMATEUR Q)', '0345Y');
INSERT INTO `logs` (`CODE_LOG`, `LOGIN`, `ID_LOG`, `LOG_DATE`, `LOG_DESCRIP`, `MLLE`) VALUES ('5/70107004', 'root', '5', '2015-06-24 10:03:09', 'Ajout d\'une commande (1/70107004, COMMANDE 3EME TRIMESTRE)', '0345Y');
INSERT INTO `logs` (`CODE_LOG`, `LOGIN`, `ID_LOG`, `LOG_DATE`, `LOG_DESCRIP`, `MLLE`) VALUES ('50/', 'root', '50', '2015-06-23 08:51:50', 'Ajout d\'un type de bénéficiaire (ENFANT, ENFANT)', '0345Y');
INSERT INTO `logs` (`CODE_LOG`, `LOGIN`, `ID_LOG`, `LOG_DATE`, `LOG_DESCRIP`, `MLLE`) VALUES ('50/70107004', 'root', '50', '2015-06-24 13:01:23', 'Validation d\'une commande (4/70107004, COMMANDE MENSUELLE / COMMANDE N°3)', '0345Y');
INSERT INTO `logs` (`CODE_LOG`, `LOGIN`, `ID_LOG`, `LOG_DATE`, `LOG_DESCRIP`, `MLLE`) VALUES ('51/', 'root', '51', '2015-06-23 08:52:12', 'Ajout d\'un type de bénéficiaire (NOURRISSON, NOURRISSON)', '0345Y');
INSERT INTO `logs` (`CODE_LOG`, `LOGIN`, `ID_LOG`, `LOG_DATE`, `LOG_DESCRIP`, `MLLE`) VALUES ('51/70107004', 'root', '51', '2015-06-24 13:07:00', 'Ajout d\'une livraison (6/70107004, commande n° 4/70107004)', '0345Y');
INSERT INTO `logs` (`CODE_LOG`, `LOGIN`, `ID_LOG`, `LOG_DATE`, `LOG_DESCRIP`, `MLLE`) VALUES ('52/', 'root', '52', '2015-06-23 08:52:32', 'Ajout d\'un type de bénéficiaire (INDETERMINE, INDETERMINE)', '0345Y');
INSERT INTO `logs` (`CODE_LOG`, `LOGIN`, `ID_LOG`, `LOG_DATE`, `LOG_DESCRIP`, `MLLE`) VALUES ('52/70107004', 'root', '52', '2015-06-24 13:07:00', 'Ajout des lignes de livraison(6/70107004, commande n°4/70107004)', '0345Y');
INSERT INTO `logs` (`CODE_LOG`, `LOGIN`, `ID_LOG`, `LOG_DATE`, `LOG_DESCRIP`, `MLLE`) VALUES ('53/', 'root', '53', '2015-06-23 08:55:03', 'Ajout d\'un bénéficiaire (0102, COSOMMATEUR Q)', '0345Y');
INSERT INTO `logs` (`CODE_LOG`, `LOGIN`, `ID_LOG`, `LOG_DATE`, `LOG_DESCRIP`, `MLLE`) VALUES ('53/70107004', 'root', '53', '2015-06-24 13:07:00', 'Ajout d\'un mouvement(6/70107004, commande n°4/70107004)', '0345Y');
INSERT INTO `logs` (`CODE_LOG`, `LOGIN`, `ID_LOG`, `LOG_DATE`, `LOG_DESCRIP`, `MLLE`) VALUES ('54/', 'root', '54', '2015-06-23 08:55:37', 'Ajout d\'un bénéficiaire (0103, CLIENT ORDINAIRE)', '0345Y');
INSERT INTO `logs` (`CODE_LOG`, `LOGIN`, `ID_LOG`, `LOG_DATE`, `LOG_DESCRIP`, `MLLE`) VALUES ('54/70107004', 'root', '54', '2015-06-24 13:11:29', 'Ajout d\'une livraison (7/70107004, commande n° )', '0345Y');
INSERT INTO `logs` (`CODE_LOG`, `LOGIN`, `ID_LOG`, `LOG_DATE`, `LOG_DESCRIP`, `MLLE`) VALUES ('55/', 'root', '55', '2015-06-23 08:56:29', 'Ajout d\'une nature declassement (02, PRODUITS CASSES)', '0345Y');
INSERT INTO `logs` (`CODE_LOG`, `LOGIN`, `ID_LOG`, `LOG_DATE`, `LOG_DESCRIP`, `MLLE`) VALUES ('55/70107004', 'root', '55', '2015-06-24 13:11:29', 'Ajout des lignes de livraison(7/70107004, commande n°)', '0345Y');
INSERT INTO `logs` (`CODE_LOG`, `LOGIN`, `ID_LOG`, `LOG_DATE`, `LOG_DESCRIP`, `MLLE`) VALUES ('56/', 'root', '56', '2015-06-23 08:57:06', 'Ajout d\'une nature declassement (03, PRODUITS VOLES)', '0345Y');
INSERT INTO `logs` (`CODE_LOG`, `LOGIN`, `ID_LOG`, `LOG_DATE`, `LOG_DESCRIP`, `MLLE`) VALUES ('56/70107004', 'root', '56', '2015-06-24 13:11:29', 'Ajout d\'un mouvement(7/70107004, commande n°)', '0345Y');
INSERT INTO `logs` (`CODE_LOG`, `LOGIN`, `ID_LOG`, `LOG_DATE`, `LOG_DESCRIP`, `MLLE`) VALUES ('57/', 'root', '57', '2015-06-23 08:58:33', 'Ajout d\'une nature declassement (04, PRODUITS AVARIES)', '0345Y');
INSERT INTO `logs` (`CODE_LOG`, `LOGIN`, `ID_LOG`, `LOG_DATE`, `LOG_DESCRIP`, `MLLE`) VALUES ('57/70107004', 'root', '57', '2015-06-24 13:11:44', 'Validation d\'une livraison (7/70107004, Livraison n°LIVRAISON AU DS DE MIRRIAH)', '0345Y');
INSERT INTO `logs` (`CODE_LOG`, `LOGIN`, `ID_LOG`, `LOG_DATE`, `LOG_DESCRIP`, `MLLE`) VALUES ('58/', 'root', '58', '2015-06-23 08:58:59', 'Ajout d\'une nature declassement (05, AUTRES RAISONS)', '0345Y');
INSERT INTO `logs` (`CODE_LOG`, `LOGIN`, `ID_LOG`, `LOG_DATE`, `LOG_DESCRIP`, `MLLE`) VALUES ('58/70107004', 'root', '58', '2015-06-24 13:11:44', 'Validation d\'un mouvement(7/70107004, commande n°)', '0345Y');
INSERT INTO `logs` (`CODE_LOG`, `LOGIN`, `ID_LOG`, `LOG_DATE`, `LOG_DESCRIP`, `MLLE`) VALUES ('59/', 'root', '59', '2015-06-23 10:09:14', 'Ajout d\'une catégorie (01, PRODUITS SR)', '0345Y');
INSERT INTO `logs` (`CODE_LOG`, `LOGIN`, `ID_LOG`, `LOG_DATE`, `LOG_DESCRIP`, `MLLE`) VALUES ('59/70107004', 'root', '59', '2015-06-24 13:11:53', 'Validation d\'une livraison (6/70107004, Livraison n°RECEPTION DE LA COMMANDE MENSUELLE)', '0345Y');
INSERT INTO `logs` (`CODE_LOG`, `LOGIN`, `ID_LOG`, `LOG_DATE`, `LOG_DESCRIP`, `MLLE`) VALUES ('6/', 'root', '6', '2015-06-22 22:57:26', 'Ajout d\'un service (7010425, CSI Urbain Mirriah)', '0345Y');
INSERT INTO `logs` (`CODE_LOG`, `LOGIN`, `ID_LOG`, `LOG_DATE`, `LOG_DESCRIP`, `MLLE`) VALUES ('6/7010405', 'root', '6', '2015-06-25 11:37:50', 'Ajout d\'un bon de sortie (1/7010405, Bénéficiaire :COSOMMATEUR Q/PERTE N°2)', '0345Y');
INSERT INTO `logs` (`CODE_LOG`, `LOGIN`, `ID_LOG`, `LOG_DATE`, `LOG_DESCRIP`, `MLLE`) VALUES ('6/7010410', 'root', '6', '2015-06-25 11:34:04', 'Ajout des lignes de déclassement (1/7010410, PERTE N°1)', '0345Y');
INSERT INTO `logs` (`CODE_LOG`, `LOGIN`, `ID_LOG`, `LOG_DATE`, `LOG_DESCRIP`, `MLLE`) VALUES ('6/7010432', 'root', '6', '2015-06-25 11:51:04', 'Validation d\'un mouvement(1/7010432, Bénéficiaire COSOMMATEUR Q / RAPPORT MENSUEL DE TAKIETA)', '0345Y');
INSERT INTO `logs` (`CODE_LOG`, `LOGIN`, `ID_LOG`, `LOG_DATE`, `LOG_DESCRIP`, `MLLE`) VALUES ('6/70107004', 'root', '6', '2015-06-24 10:03:10', 'Ajout des lignes de commandes (1/70107004, COMMANDE 3EME TRIMESTRE)', '0345Y');
INSERT INTO `logs` (`CODE_LOG`, `LOGIN`, `ID_LOG`, `LOG_DATE`, `LOG_DESCRIP`, `MLLE`) VALUES ('60/', 'root', '60', '2015-06-23 10:10:23', 'Ajout d\'une sous-catégorie (0101, CONTRACEPTIFS)', '0345Y');
INSERT INTO `logs` (`CODE_LOG`, `LOGIN`, `ID_LOG`, `LOG_DATE`, `LOG_DESCRIP`, `MLLE`) VALUES ('60/70107004', 'root', '60', '2015-06-24 13:11:53', 'Validation d\'un mouvement(6/70107004, commande n°4/70107004)', '0345Y');
INSERT INTO `logs` (`CODE_LOG`, `LOGIN`, `ID_LOG`, `LOG_DATE`, `LOG_DESCRIP`, `MLLE`) VALUES ('61/', 'root', '61', '2015-06-23 10:11:37', 'Ajout d\'une catégorie (010101, CONTRACEPTIFS ORAUX)', '0345Y');
INSERT INTO `logs` (`CODE_LOG`, `LOGIN`, `ID_LOG`, `LOG_DATE`, `LOG_DESCRIP`, `MLLE`) VALUES ('61/70107004', 'root', '61', '2015-06-24 13:22:36', 'Annulation d\'une livraison (5/70107004, 3/70107004)', '0345Y');
INSERT INTO `logs` (`CODE_LOG`, `LOGIN`, `ID_LOG`, `LOG_DATE`, `LOG_DESCRIP`, `MLLE`) VALUES ('62/', 'root', '62', '2015-06-23 10:16:53', 'Ajout d\'une unite (, )', '0345Y');
INSERT INTO `logs` (`CODE_LOG`, `LOGIN`, `ID_LOG`, `LOG_DATE`, `LOG_DESCRIP`, `MLLE`) VALUES ('62/70107004', 'root', '62', '2015-06-24 13:26:22', 'Ajout d\'une livraison (8/70107004, commande n° 3/70107004)', '0345Y');
INSERT INTO `logs` (`CODE_LOG`, `LOGIN`, `ID_LOG`, `LOG_DATE`, `LOG_DESCRIP`, `MLLE`) VALUES ('63/', 'root', '63', '2015-06-23 10:20:51', 'Ajout d\'une unite (, )', '0345Y');
INSERT INTO `logs` (`CODE_LOG`, `LOGIN`, `ID_LOG`, `LOG_DATE`, `LOG_DESCRIP`, `MLLE`) VALUES ('63/70107004', 'root', '63', '2015-06-24 13:26:22', 'Ajout des lignes de livraison(8/70107004, commande n°3/70107004)', '0345Y');
INSERT INTO `logs` (`CODE_LOG`, `LOGIN`, `ID_LOG`, `LOG_DATE`, `LOG_DESCRIP`, `MLLE`) VALUES ('64/', 'root', '64', '2015-06-23 10:25:10', 'Ajout d\'un produit (27039012, MICROGYNON)', '0345Y');
INSERT INTO `logs` (`CODE_LOG`, `LOGIN`, `ID_LOG`, `LOG_DATE`, `LOG_DESCRIP`, `MLLE`) VALUES ('64/70107004', 'root', '64', '2015-06-24 13:26:22', 'Ajout d\'un mouvement(8/70107004, commande n°3/70107004)', '0345Y');
INSERT INTO `logs` (`CODE_LOG`, `LOGIN`, `ID_LOG`, `LOG_DATE`, `LOG_DESCRIP`, `MLLE`) VALUES ('65/', 'root', '65', '2015-06-23 10:29:59', 'Ajout d\'une sous-catégorie (0102, MEDICAMENTS VITAUX)', '0345Y');
INSERT INTO `logs` (`CODE_LOG`, `LOGIN`, `ID_LOG`, `LOG_DATE`, `LOG_DESCRIP`, `MLLE`) VALUES ('65/70107004', 'root', '65', '2015-06-24 13:26:46', 'Validation d\'une livraison (8/70107004, Livraison n°LIVRAISON COMPLMENTAIRE)', '0345Y');
INSERT INTO `logs` (`CODE_LOG`, `LOGIN`, `ID_LOG`, `LOG_DATE`, `LOG_DESCRIP`, `MLLE`) VALUES ('66/', 'root', '66', '2015-06-23 10:30:27', 'Ajout d\'une sous-catégorie (0103, AUTRES PRODUITS SR)', '0345Y');
INSERT INTO `logs` (`CODE_LOG`, `LOGIN`, `ID_LOG`, `LOG_DATE`, `LOG_DESCRIP`, `MLLE`) VALUES ('66/70107004', 'root', '66', '2015-06-24 13:26:46', 'Validation d\'un mouvement(8/70107004, commande n°3/70107004)', '0345Y');
INSERT INTO `logs` (`CODE_LOG`, `LOGIN`, `ID_LOG`, `LOG_DATE`, `LOG_DESCRIP`, `MLLE`) VALUES ('67/', 'root', '67', '2015-06-23 10:31:21', 'Ajout d\'une catégorie (010102, DISPOSITIFS INTRA UTERINS)', '0345Y');
INSERT INTO `logs` (`CODE_LOG`, `LOGIN`, `ID_LOG`, `LOG_DATE`, `LOG_DESCRIP`, `MLLE`) VALUES ('67/70107004', 'root', '67', '2015-06-24 13:27:08', 'Annulation d\'une livraison (7/70107004, )', '0345Y');
INSERT INTO `logs` (`CODE_LOG`, `LOGIN`, `ID_LOG`, `LOG_DATE`, `LOG_DESCRIP`, `MLLE`) VALUES ('68/', 'root', '68', '2015-06-23 10:31:50', 'Ajout d\'une catégorie (010103, CONTRACEPTIFS INJECTABLES)', '0345Y');
INSERT INTO `logs` (`CODE_LOG`, `LOGIN`, `ID_LOG`, `LOG_DATE`, `LOG_DESCRIP`, `MLLE`) VALUES ('68/70107004', 'root', '68', '2015-06-24 13:37:21', 'Ajout d\'une livraison (9/70107004, commande n° )', '0345Y');
INSERT INTO `logs` (`CODE_LOG`, `LOGIN`, `ID_LOG`, `LOG_DATE`, `LOG_DESCRIP`, `MLLE`) VALUES ('69/', 'root', '69', '2015-06-23 10:32:10', 'Ajout d\'une catégorie (010104, IMPLANTS)', '0345Y');
INSERT INTO `logs` (`CODE_LOG`, `LOGIN`, `ID_LOG`, `LOG_DATE`, `LOG_DESCRIP`, `MLLE`) VALUES ('69/70107004', 'root', '69', '2015-06-24 13:37:21', 'Ajout des lignes de livraison(9/70107004, commande n°)', '0345Y');
INSERT INTO `logs` (`CODE_LOG`, `LOGIN`, `ID_LOG`, `LOG_DATE`, `LOG_DESCRIP`, `MLLE`) VALUES ('7/', 'root', '7', '2015-06-22 22:58:23', 'Ajout d\'un service (7010433, CSI Tirmini)', '0345Y');
INSERT INTO `logs` (`CODE_LOG`, `LOGIN`, `ID_LOG`, `LOG_DATE`, `LOG_DESCRIP`, `MLLE`) VALUES ('7/7010405', 'root', '7', '2015-06-25 11:37:50', 'Ajout des lignes du bon de sortie(1/7010405, Bénéficiaire :COSOMMATEUR Q / PERTE N°2)', '0345Y');
INSERT INTO `logs` (`CODE_LOG`, `LOGIN`, `ID_LOG`, `LOG_DATE`, `LOG_DESCRIP`, `MLLE`) VALUES ('7/7010410', 'root', '7', '2015-06-25 11:34:05', 'Ajout d\'un mouvement(1/7010410, déclassement n°PERTE N°1)', '0345Y');
INSERT INTO `logs` (`CODE_LOG`, `LOGIN`, `ID_LOG`, `LOG_DATE`, `LOG_DESCRIP`, `MLLE`) VALUES ('7/70107004', 'root', '7', '2015-06-24 10:19:21', 'Validation d\'une commande (1/70107004, COMMANDE 3EME TRIMESTRE / CN°1)', '0345Y');
INSERT INTO `logs` (`CODE_LOG`, `LOGIN`, `ID_LOG`, `LOG_DATE`, `LOG_DESCRIP`, `MLLE`) VALUES ('70/', 'root', '70', '2015-06-23 10:32:29', 'Ajout d\'une catégorie (010105, PRESERVATIFS)', '0345Y');
INSERT INTO `logs` (`CODE_LOG`, `LOGIN`, `ID_LOG`, `LOG_DATE`, `LOG_DESCRIP`, `MLLE`) VALUES ('70/70107004', 'root', '70', '2015-06-24 13:37:21', 'Ajout d\'un mouvement(9/70107004, commande n°)', '0345Y');
INSERT INTO `logs` (`CODE_LOG`, `LOGIN`, `ID_LOG`, `LOG_DATE`, `LOG_DESCRIP`, `MLLE`) VALUES ('71/', 'root', '71', '2015-06-23 10:32:53', 'Ajout d\'une unite (, )', '0345Y');
INSERT INTO `logs` (`CODE_LOG`, `LOGIN`, `ID_LOG`, `LOG_DATE`, `LOG_DESCRIP`, `MLLE`) VALUES ('71/70107004', 'root', '71', '2015-06-24 13:37:30', 'Validation d\'une livraison (9/70107004, Livraison n°LIVRAISON COMPLEMENT COMMANDE N°3)', '0345Y');
INSERT INTO `logs` (`CODE_LOG`, `LOGIN`, `ID_LOG`, `LOG_DATE`, `LOG_DESCRIP`, `MLLE`) VALUES ('72/', 'root', '72', '2015-06-23 10:33:10', 'Ajout d\'une unite (, )', '0345Y');
INSERT INTO `logs` (`CODE_LOG`, `LOGIN`, `ID_LOG`, `LOG_DATE`, `LOG_DESCRIP`, `MLLE`) VALUES ('72/70107004', 'root', '72', '2015-06-24 13:37:30', 'Validation d\'un mouvement(9/70107004, commande n°)', '0345Y');
INSERT INTO `logs` (`CODE_LOG`, `LOGIN`, `ID_LOG`, `LOG_DATE`, `LOG_DESCRIP`, `MLLE`) VALUES ('73/', 'root', '73', '2015-06-23 10:33:37', 'Ajout d\'une unite (, )', '0345Y');
INSERT INTO `logs` (`CODE_LOG`, `LOGIN`, `ID_LOG`, `LOG_DATE`, `LOG_DESCRIP`, `MLLE`) VALUES ('73/70107004', 'root', '73', '2015-06-24 14:17:35', 'Changement de l\'exercice budgétaire (2015, 2015 / 70107004, 70107004)', '0345Y');
INSERT INTO `logs` (`CODE_LOG`, `LOGIN`, `ID_LOG`, `LOG_DATE`, `LOG_DESCRIP`, `MLLE`) VALUES ('74/', 'root', '74', '2015-06-23 10:33:55', 'Ajout d\'une unite (, )', '0345Y');
INSERT INTO `logs` (`CODE_LOG`, `LOGIN`, `ID_LOG`, `LOG_DATE`, `LOG_DESCRIP`, `MLLE`) VALUES ('74/70107004', 'root', '74', '2015-06-24 14:23:22', 'Changement de l\'exercice budgétaire (2015, 2015 / 7010405, 70107004)', '0345Y');
INSERT INTO `logs` (`CODE_LOG`, `LOGIN`, `ID_LOG`, `LOG_DATE`, `LOG_DESCRIP`, `MLLE`) VALUES ('75/', 'root', '75', '2015-06-23 10:34:09', 'Ajout d\'une unite (, )', '0345Y');
INSERT INTO `logs` (`CODE_LOG`, `LOGIN`, `ID_LOG`, `LOG_DATE`, `LOG_DESCRIP`, `MLLE`) VALUES ('75/70107004', 'root', '75', '2015-06-24 14:42:43', 'Ajout d\\\'un transfert (1/70107004, N°1)', '0345Y');
INSERT INTO `logs` (`CODE_LOG`, `LOGIN`, `ID_LOG`, `LOG_DATE`, `LOG_DESCRIP`, `MLLE`) VALUES ('76/', 'root', '76', '2015-06-23 10:34:28', 'Ajout d\'une unite (, )', '0345Y');
INSERT INTO `logs` (`CODE_LOG`, `LOGIN`, `ID_LOG`, `LOG_DATE`, `LOG_DESCRIP`, `MLLE`) VALUES ('76/70107004', 'root', '76', '2015-06-24 14:42:43', 'Ajout d\\\'un transfert (1/7010405, N°1)', '0345Y');
INSERT INTO `logs` (`CODE_LOG`, `LOGIN`, `ID_LOG`, `LOG_DATE`, `LOG_DESCRIP`, `MLLE`) VALUES ('77/', 'root', '77', '2015-06-23 10:34:41', 'Ajout d\'une unite (, )', '0345Y');
INSERT INTO `logs` (`CODE_LOG`, `LOGIN`, `ID_LOG`, `LOG_DATE`, `LOG_DESCRIP`, `MLLE`) VALUES ('77/70107004', 'root', '77', '2015-06-24 14:49:43', 'Ajout d\'un déclassement (1/70107004, P1)', '0345Y');
INSERT INTO `logs` (`CODE_LOG`, `LOGIN`, `ID_LOG`, `LOG_DATE`, `LOG_DESCRIP`, `MLLE`) VALUES ('78/', 'root', '78', '2015-06-23 10:34:54', 'Ajout d\'une unite (, )', '0345Y');
INSERT INTO `logs` (`CODE_LOG`, `LOGIN`, `ID_LOG`, `LOG_DATE`, `LOG_DESCRIP`, `MLLE`) VALUES ('78/70107004', 'root', '78', '2015-06-24 14:50:00', 'Modification d\'un déclassement (1/70107004, P1)', '0345Y');
INSERT INTO `logs` (`CODE_LOG`, `LOGIN`, `ID_LOG`, `LOG_DATE`, `LOG_DESCRIP`, `MLLE`) VALUES ('79/', 'root', '79', '2015-06-23 10:35:06', 'Ajout d\'une unite (, )', '0345Y');
INSERT INTO `logs` (`CODE_LOG`, `LOGIN`, `ID_LOG`, `LOG_DATE`, `LOG_DESCRIP`, `MLLE`) VALUES ('79/70107004', 'root', '79', '2015-06-24 14:56:57', 'Changement de l\'exercice budgétaire (2015, 2015 / 70107004, 70107004)', '0345Y');
INSERT INTO `logs` (`CODE_LOG`, `LOGIN`, `ID_LOG`, `LOG_DATE`, `LOG_DESCRIP`, `MLLE`) VALUES ('8/', 'root', '8', '2015-06-22 22:59:04', 'Ajout d\'un service (7010432, CSI Takieta)', '0345Y');
INSERT INTO `logs` (`CODE_LOG`, `LOGIN`, `ID_LOG`, `LOG_DATE`, `LOG_DESCRIP`, `MLLE`) VALUES ('8/7010405', 'root', '8', '2015-06-25 11:37:50', 'Ajout d\'un mouvement(1/7010405, Bénéficiaire COSOMMATEUR Q / PERTE N°2)', '0345Y');
INSERT INTO `logs` (`CODE_LOG`, `LOGIN`, `ID_LOG`, `LOG_DATE`, `LOG_DESCRIP`, `MLLE`) VALUES ('8/7010410', 'root', '8', '2015-06-25 11:43:32', 'Changement de l\'exercice budgétaire (2015, 2015 / 7010405, 7010410)', '0345Y');
INSERT INTO `logs` (`CODE_LOG`, `LOGIN`, `ID_LOG`, `LOG_DATE`, `LOG_DESCRIP`, `MLLE`) VALUES ('8/70107004', 'root', '8', '2015-06-24 10:25:44', 'Ajout d\'une livraison (1/70107004, commande n° 1/70107004)', '0345Y');
INSERT INTO `logs` (`CODE_LOG`, `LOGIN`, `ID_LOG`, `LOG_DATE`, `LOG_DESCRIP`, `MLLE`) VALUES ('80/', 'root', '80', '2015-06-23 10:36:31', 'Ajout d\'une catégorie (02, PRODUITS VIH)', '0345Y');
INSERT INTO `logs` (`CODE_LOG`, `LOGIN`, `ID_LOG`, `LOG_DATE`, `LOG_DESCRIP`, `MLLE`) VALUES ('80/70107004', 'root', '80', '2015-06-24 14:58:24', 'Changement de l\'exercice budgétaire (2015, 2015 / 7010405, 70107004)', '0345Y');
INSERT INTO `logs` (`CODE_LOG`, `LOGIN`, `ID_LOG`, `LOG_DATE`, `LOG_DESCRIP`, `MLLE`) VALUES ('81/', 'root', '81', '2015-06-23 10:44:17', 'Ajout d\'un produit (27039007, JADELLE)', '0345Y');
INSERT INTO `logs` (`CODE_LOG`, `LOGIN`, `ID_LOG`, `LOG_DATE`, `LOG_DESCRIP`, `MLLE`) VALUES ('81/70107004', 'root', '81', '2015-06-25 03:51:55', 'Ajout d\\\'un transfert (2/70107004, N°1)', '0345Y');
INSERT INTO `logs` (`CODE_LOG`, `LOGIN`, `ID_LOG`, `LOG_DATE`, `LOG_DESCRIP`, `MLLE`) VALUES ('82/', 'root', '82', '2015-06-23 10:46:50', 'Ajout d\'un produit (27039001, DEPO PROVERA)', '0345Y');
INSERT INTO `logs` (`CODE_LOG`, `LOGIN`, `ID_LOG`, `LOG_DATE`, `LOG_DESCRIP`, `MLLE`) VALUES ('82/70107004', 'root', '82', '2015-06-25 03:51:55', 'Ajout des lignes de transfert (2/70107004, N°1)', '0345Y');
INSERT INTO `logs` (`CODE_LOG`, `LOGIN`, `ID_LOG`, `LOG_DATE`, `LOG_DESCRIP`, `MLLE`) VALUES ('83/', 'root', '83', '2015-06-23 10:50:41', 'Ajout d\'un produit (27039002, PRESERVATIF)', '0345Y');
INSERT INTO `logs` (`CODE_LOG`, `LOGIN`, `ID_LOG`, `LOG_DATE`, `LOG_DESCRIP`, `MLLE`) VALUES ('83/70107004', 'root', '83', '2015-06-25 03:51:55', 'Ajout d\\\'un mouvement(2/70107004, N°1)', '0345Y');
INSERT INTO `logs` (`CODE_LOG`, `LOGIN`, `ID_LOG`, `LOG_DATE`, `LOG_DESCRIP`, `MLLE`) VALUES ('84/', 'root', '84', '2015-06-23 10:56:12', 'Ajout d\'un produit (25014004, SULFATE DE MAGNESIUM)', '0345Y');
INSERT INTO `logs` (`CODE_LOG`, `LOGIN`, `ID_LOG`, `LOG_DATE`, `LOG_DESCRIP`, `MLLE`) VALUES ('84/70107004', 'root', '84', '2015-06-25 03:51:55', 'Ajout d\\\'un transfert (2/7010405, N°1)', '0345Y');
INSERT INTO `logs` (`CODE_LOG`, `LOGIN`, `ID_LOG`, `LOG_DATE`, `LOG_DESCRIP`, `MLLE`) VALUES ('85/', 'root', '85', '2015-06-23 10:57:52', 'Ajout d\'un produit (180040031, MISOPROSTOL)', '0345Y');
INSERT INTO `logs` (`CODE_LOG`, `LOGIN`, `ID_LOG`, `LOG_DATE`, `LOG_DESCRIP`, `MLLE`) VALUES ('85/70107004', 'root', '85', '2015-06-25 03:51:55', 'Ajout des lignes de transfert (2/7010405, N°1)', '0345Y');
INSERT INTO `logs` (`CODE_LOG`, `LOGIN`, `ID_LOG`, `LOG_DATE`, `LOG_DESCRIP`, `MLLE`) VALUES ('86/', 'root', '86', '2015-06-23 10:59:45', 'Ajout d\'un produit (18004003, OXYTOCINE 5UI INJECTABLE)', '0345Y');
INSERT INTO `logs` (`CODE_LOG`, `LOGIN`, `ID_LOG`, `LOG_DATE`, `LOG_DESCRIP`, `MLLE`) VALUES ('86/70107004', 'root', '86', '2015-06-25 03:51:55', 'Ajout d\\\'un mouvement(2/7010405, N°1)', '0345Y');
INSERT INTO `logs` (`CODE_LOG`, `LOGIN`, `ID_LOG`, `LOG_DATE`, `LOG_DESCRIP`, `MLLE`) VALUES ('87/', 'root', '87', '2015-06-23 11:02:51', 'Ajout d\'une sous-catégorie (0201, ARV)', '0345Y');
INSERT INTO `logs` (`CODE_LOG`, `LOGIN`, `ID_LOG`, `LOG_DATE`, `LOG_DESCRIP`, `MLLE`) VALUES ('87/70107004', 'root', '87', '2015-06-25 04:02:47', 'Ajout d\'un produit (27039008, IMPLANON)', '0345Y');
INSERT INTO `logs` (`CODE_LOG`, `LOGIN`, `ID_LOG`, `LOG_DATE`, `LOG_DESCRIP`, `MLLE`) VALUES ('88/', 'root', '88', '2015-06-23 11:04:17', 'Ajout d\'une sous-catégorie (0202, MEDICAMENTS VITAUX)', '0345Y');
INSERT INTO `logs` (`CODE_LOG`, `LOGIN`, `ID_LOG`, `LOG_DATE`, `LOG_DESCRIP`, `MLLE`) VALUES ('88/70107004', 'root', '88', '2015-06-25 04:17:26', 'Ajout d\\\'un transfert (3/70107004, TRANSFERT N°2)', '0345Y');
INSERT INTO `logs` (`CODE_LOG`, `LOGIN`, `ID_LOG`, `LOG_DATE`, `LOG_DESCRIP`, `MLLE`) VALUES ('89/', 'root', '89', '2015-06-23 11:06:49', 'Ajout d\'un produit (0201003, LOPINAVIR/RITONAVIR)', '0345Y');
INSERT INTO `logs` (`CODE_LOG`, `LOGIN`, `ID_LOG`, `LOG_DATE`, `LOG_DESCRIP`, `MLLE`) VALUES ('89/70107004', 'root', '89', '2015-06-25 04:17:26', 'Ajout des lignes de transfert (3/70107004, TRANSFERT N°2)', '0345Y');
INSERT INTO `logs` (`CODE_LOG`, `LOGIN`, `ID_LOG`, `LOG_DATE`, `LOG_DESCRIP`, `MLLE`) VALUES ('9/', 'root', '9', '2015-06-22 23:00:03', 'Ajout d\'un service (7010412, CSI Guidimouni)', '0345Y');
INSERT INTO `logs` (`CODE_LOG`, `LOGIN`, `ID_LOG`, `LOG_DATE`, `LOG_DESCRIP`, `MLLE`) VALUES ('9/7010405', 'root', '9', '2015-06-25 11:40:06', 'Ajout d\'un déclassement (1/7010405, RAPPORT MENSUEL DE DOGO)', '0345Y');
INSERT INTO `logs` (`CODE_LOG`, `LOGIN`, `ID_LOG`, `LOG_DATE`, `LOG_DESCRIP`, `MLLE`) VALUES ('9/7010410', 'root', '9', '2015-06-25 11:43:53', 'Modification d\'un bon de sortie (1/7010410, bénéficiaire :COSOMMATEUR Q)', '0345Y');
INSERT INTO `logs` (`CODE_LOG`, `LOGIN`, `ID_LOG`, `LOG_DATE`, `LOG_DESCRIP`, `MLLE`) VALUES ('9/70107004', 'root', '9', '2015-06-24 10:25:44', 'Ajout des lignes de livraison(1/70107004, commande n°1/70107004)', '0345Y');
INSERT INTO `logs` (`CODE_LOG`, `LOGIN`, `ID_LOG`, `LOG_DATE`, `LOG_DESCRIP`, `MLLE`) VALUES ('90/', 'root', '90', '2015-06-23 11:09:23', 'Ajout d\'un produit (ZIDOVIDINE/LAMIVUDINE/NEVIRAPINE, ZIDOVIDINE/LAMIVUDINE/NEVIRAPINE)', '0345Y');
INSERT INTO `logs` (`CODE_LOG`, `LOGIN`, `ID_LOG`, `LOG_DATE`, `LOG_DESCRIP`, `MLLE`) VALUES ('90/70107004', 'root', '90', '2015-06-25 04:17:26', 'Ajout d\\\'un mouvement(3/70107004, TRANSFERT N°2)', '0345Y');
INSERT INTO `logs` (`CODE_LOG`, `LOGIN`, `ID_LOG`, `LOG_DATE`, `LOG_DESCRIP`, `MLLE`) VALUES ('91/', 'root', '91', '2015-06-23 11:11:55', 'Ajout d\'un produit (0201004, ZIDOVIDINE/LAMIVUDINE)', '0345Y');
INSERT INTO `logs` (`CODE_LOG`, `LOGIN`, `ID_LOG`, `LOG_DATE`, `LOG_DESCRIP`, `MLLE`) VALUES ('91/70107004', 'root', '91', '2015-06-25 04:17:26', 'Ajout d\\\'un transfert (1/7010410, TRANSFERT N°2)', '0345Y');
INSERT INTO `logs` (`CODE_LOG`, `LOGIN`, `ID_LOG`, `LOG_DATE`, `LOG_DESCRIP`, `MLLE`) VALUES ('92/', 'root', '92', '2015-06-23 11:13:58', 'Modification d\'une sous-catégorie (0202, 02 - MEDICAMENTS IO)', '0345Y');
INSERT INTO `logs` (`CODE_LOG`, `LOGIN`, `ID_LOG`, `LOG_DATE`, `LOG_DESCRIP`, `MLLE`) VALUES ('92/70107004', 'root', '92', '2015-06-25 04:17:26', 'Ajout des lignes de transfert (1/7010410, TRANSFERT N°2)', '0345Y');
INSERT INTO `logs` (`CODE_LOG`, `LOGIN`, `ID_LOG`, `LOG_DATE`, `LOG_DESCRIP`, `MLLE`) VALUES ('93/', 'root', '93', '2015-06-23 11:15:53', 'Ajout d\'un produit (0202001, COTRIMOXAZOLE 960MG)', '0345Y');
INSERT INTO `logs` (`CODE_LOG`, `LOGIN`, `ID_LOG`, `LOG_DATE`, `LOG_DESCRIP`, `MLLE`) VALUES ('93/70107004', 'root', '93', '2015-06-25 04:17:26', 'Ajout d\\\'un mouvement(1/7010410, TRANSFERT N°2)', '0345Y');
INSERT INTO `logs` (`CODE_LOG`, `LOGIN`, `ID_LOG`, `LOG_DATE`, `LOG_DESCRIP`, `MLLE`) VALUES ('94/', 'root', '94', '2015-06-23 11:17:28', 'Ajout d\'un produit (0202002, NYSTATINE)', '0345Y');
INSERT INTO `logs` (`CODE_LOG`, `LOGIN`, `ID_LOG`, `LOG_DATE`, `LOG_DESCRIP`, `MLLE`) VALUES ('94/70107004', 'root', '94', '2015-06-25 04:25:56', 'Ajout d\\\'un transfert (4/70107004, TRANSFERT N°3)', '0345Y');
INSERT INTO `logs` (`CODE_LOG`, `LOGIN`, `ID_LOG`, `LOG_DATE`, `LOG_DESCRIP`, `MLLE`) VALUES ('95/', 'root', '95', '2015-06-23 11:19:24', 'Modification d\'un produit (0201002, ZIDOVIDINE/LAMIVUDINE/NEVIRAPINE)', '0345Y');
INSERT INTO `logs` (`CODE_LOG`, `LOGIN`, `ID_LOG`, `LOG_DATE`, `LOG_DESCRIP`, `MLLE`) VALUES ('95/70107004', 'root', '95', '2015-06-25 04:25:56', 'Ajout des lignes de transfert (4/70107004, TRANSFERT N°3)', '0345Y');
INSERT INTO `logs` (`CODE_LOG`, `LOGIN`, `ID_LOG`, `LOG_DATE`, `LOG_DESCRIP`, `MLLE`) VALUES ('96/', 'root', '96', '2015-06-23 11:24:20', 'Modification d\'un produit (18004003, OXYTOCINE 5UI INJECTABLE)', '0345Y');
INSERT INTO `logs` (`CODE_LOG`, `LOGIN`, `ID_LOG`, `LOG_DATE`, `LOG_DESCRIP`, `MLLE`) VALUES ('96/70107004', 'root', '96', '2015-06-25 04:25:56', 'Ajout d\\\'un mouvement(4/70107004, TRANSFERT N°3)', '0345Y');
INSERT INTO `logs` (`CODE_LOG`, `LOGIN`, `ID_LOG`, `LOG_DATE`, `LOG_DESCRIP`, `MLLE`) VALUES ('97/', 'root', '97', '2015-06-23 11:24:47', 'Modification d\'un produit (180040031, MISOPROSTOL)', '0345Y');
INSERT INTO `logs` (`CODE_LOG`, `LOGIN`, `ID_LOG`, `LOG_DATE`, `LOG_DESCRIP`, `MLLE`) VALUES ('97/70107004', 'root', '97', '2015-06-25 04:25:56', 'Ajout d\\\'un transfert (2/7010410, TRANSFERT N°3)', '0345Y');
INSERT INTO `logs` (`CODE_LOG`, `LOGIN`, `ID_LOG`, `LOG_DATE`, `LOG_DESCRIP`, `MLLE`) VALUES ('98/', 'root', '98', '2015-06-23 11:26:52', 'Modification d\'un produit (27039002, PRESERVATIF MASCULIN)', '0345Y');
INSERT INTO `logs` (`CODE_LOG`, `LOGIN`, `ID_LOG`, `LOG_DATE`, `LOG_DESCRIP`, `MLLE`) VALUES ('98/70107004', 'root', '98', '2015-06-25 04:25:56', 'Ajout des lignes de transfert (2/7010410, TRANSFERT N°3)', '0345Y');
INSERT INTO `logs` (`CODE_LOG`, `LOGIN`, `ID_LOG`, `LOG_DATE`, `LOG_DESCRIP`, `MLLE`) VALUES ('99/', 'root', '99', '2015-06-23 11:28:01', 'Modification d\'un produit (18004003, OXYTOCINE 5UI INJECTABLE)', '0345Y');
INSERT INTO `logs` (`CODE_LOG`, `LOGIN`, `ID_LOG`, `LOG_DATE`, `LOG_DESCRIP`, `MLLE`) VALUES ('99/70107004', 'root', '99', '2015-06-25 04:25:56', 'Ajout d\\\'un mouvement(2/7010410, TRANSFERT N°3)', '0345Y');
